datetime,flow_cfs,flow_mm_day
1967-10-01,0.9,0.13079445025049716
1967-10-02,3.9,0.5667759510854876
1967-10-03,2.8,0.4069160674459911
1967-10-04,2.0,0.2906543338899937
1967-10-05,3.3,0.47957965091848953
1967-10-06,2.9,0.4214487841404908
1967-10-07,2.5,0.3633179173624921
1967-10-08,2.3,0.3342524839734927
1967-10-09,2.2,0.3197197672789931
1967-10-10,1.8,0.2615889005009943
1967-10-11,1.8,0.2615889005009943
1967-10-12,1.7,0.2470561838064946
1967-10-13,1.6,0.23252346711199495
1967-10-14,1.5,0.21799075041749527
1967-10-15,1.5,0.21799075041749527
1967-10-16,1.4,0.20345803372299556
1967-10-17,1.3,0.1889253170284959
1967-10-18,1.3,0.1889253170284959
1967-10-19,1.2,0.1743926003339962
1967-10-20,1.2,0.1743926003339962
1967-10-21,3.1,0.4505142175294902
1967-10-22,3.1,0.4505142175294902
1967-10-23,2.8,0.4069160674459911
1967-10-24,2.4,0.3487852006679924
1967-10-25,2.3,0.3342524839734927
1967-10-26,2.2,0.3197197672789931
1967-10-27,2.2,0.3197197672789931
1967-10-28,2.3,0.3342524839734927
1967-10-29,2.3,0.3342524839734927
1967-10-30,2.3,0.3342524839734927
1967-10-31,2.2,0.3197197672789931
1967-11-01,2.2,0.3197197672789931
1967-11-02,2.2,0.3197197672789931
1967-11-03,2.2,0.3197197672789931
1967-11-04,2.2,0.3197197672789931
1967-11-05,2.2,0.3197197672789931
1967-11-06,2.2,0.3197197672789931
1967-11-07,2.2,0.3197197672789931
1967-11-08,2.7,0.3923833507514915
1967-11-09,2.7,0.3923833507514915
1967-11-10,2.6,0.3778506340569918
1967-11-11,2.4,0.3487852006679924
1967-11-12,2.4,0.3487852006679924
1967-11-13,2.6,0.3778506340569918
1967-11-14,9.8,1.424206236060969
1967-11-15,5.6,0.8138321348919823
1967-11-16,4.1,0.595841384474487
1967-11-17,3.4,0.4941123676129892
1967-11-18,3.1,0.4505142175294902
1967-11-19,2.8,0.4069160674459911
1967-11-20,2.7,0.3923833507514915
1967-11-21,2.6,0.3778506340569918
1967-11-22,2.4,0.3487852006679924
1967-11-23,2.3,0.3342524839734927
1967-11-24,2.3,0.3342524839734927
1967-11-25,2.3,0.3342524839734927
1967-11-26,2.2,0.3197197672789931
1967-11-27,2.3,0.3342524839734927
1967-11-28,3.1,0.4505142175294902
1967-11-29,16.0,2.3252346711199494
1967-11-30,18.0,2.6158890050099433
1967-12-01,10.0,1.4532716694499683
1967-12-02,20.0,2.9065433388999367
1967-12-03,39.0,5.667759510854877
1967-12-04,70.0,10.172901686149778
1967-12-05,81.0,11.771500522544743
1967-12-06,62.0,9.010284350589805
1967-12-07,102.0,14.823371028389678
1967-12-08,66.0,9.59159301836979
1967-12-09,47.0,6.830376846414851
1967-12-10,34.0,4.941123676129893
1967-12-11,26.0,3.7785063405699177
1967-12-12,21.0,3.0518705058449336
1967-12-13,18.0,2.6158890050099433
1967-12-14,16.0,2.3252346711199494
1967-12-15,14.0,2.0345803372299556
1967-12-16,13.0,1.8892531702849589
1967-12-17,14.0,2.0345803372299556
1967-12-18,22.0,3.1971976727899305
1967-12-19,20.0,2.9065433388999367
1967-12-20,17.0,2.4705618380649463
1967-12-21,15.0,2.1799075041749525
1967-12-22,14.0,2.0345803372299556
1967-12-23,13.0,1.8892531702849589
1967-12-24,13.0,1.8892531702849589
1967-12-25,14.0,2.0345803372299556
1967-12-26,15.0,2.1799075041749525
1967-12-27,15.0,2.1799075041749525
1967-12-28,14.0,2.0345803372299556
1967-12-29,13.0,1.8892531702849589
1967-12-30,13.0,1.8892531702849589
1967-12-31,12.0,1.7439260033399622
1968-01-01,11.0,1.5985988363949653
1968-01-02,10.0,1.4532716694499683
1968-01-03,10.0,1.4532716694499683
1968-01-04,10.0,1.4532716694499683
1968-01-05,9.1,1.3224772191994711
1968-01-06,8.3,1.206215485643474
1968-01-07,8.0,1.1626173355599747
1968-01-08,8.0,1.1626173355599747
1968-01-09,37.0,5.377105176964883
1968-01-10,136.0,19.76449470451957
1968-01-11,77.0,11.190191854764757
1968-01-12,55.0,7.992994181974826
1968-01-13,52.0,7.5570126811398355
1968-01-14,185.0,26.885525884824414
1968-01-15,315.0,45.778057587674006
1968-01-16,198.0,28.774779055109374
1968-01-17,130.0,18.89253170284959
1968-01-18,90.0,13.079445025049715
1968-01-19,76.0,11.044864687819759
1968-01-20,56.0,8.138321348919822
1968-01-21,49.0,7.121031180304845
1968-01-22,41.0,5.958413844744871
1968-01-23,38.0,5.5224323439098795
1968-01-24,38.0,5.5224323439098795
1968-01-25,38.0,5.5224323439098795
1968-01-26,38.0,5.5224323439098795
1968-01-27,38.0,5.5224323439098795
1968-01-28,38.0,5.5224323439098795
1968-01-29,49.0,7.121031180304845
1968-01-30,70.0,10.172901686149778
1968-01-31,66.0,9.59159301836979
1968-02-01,56.0,8.138321348919822
1968-02-02,90.0,13.079445025049715
1968-02-03,150.0,21.799075041749525
1968-02-04,115.0,16.712624198674636
1968-02-05,87.0,12.643463524214726
1968-02-06,75.0,10.899537520874762
1968-02-07,64.0,9.300938684479798
1968-02-08,59.0,8.574302849754813
1968-02-09,59.0,8.574302849754813
1968-02-10,52.0,7.5570126811398355
1968-02-11,38.0,5.5224323439098795
1968-02-12,33.0,4.795796509184895
1968-02-13,30.0,4.359815008349905
1968-02-14,27.0,3.9238335075149147
1968-02-15,24.0,3.4878520066799243
1968-02-16,24.0,3.4878520066799243
1968-02-17,27.0,3.9238335075149147
1968-02-18,24.0,3.4878520066799243
1968-02-19,67.0,9.736920185314789
1968-02-20,126.0,18.311223035069602
1968-02-21,163.0,23.688328212034484
1968-02-22,150.0,21.799075041749525
1968-02-23,138.0,20.055149038409564
1968-02-24,111.0,16.13131553089465
1968-02-25,89.0,12.934117858104718
1968-02-26,70.0,10.172901686149778
1968-02-27,59.0,8.574302849754813
1968-02-28,50.0,7.266358347249842
1968-02-29,44.0,6.394395345579861
1968-03-01,38.0,5.5224323439098795
1968-03-02,33.0,4.795796509184895
1968-03-03,29.0,4.2144878414049085
1968-03-04,26.0,3.7785063405699177
1968-03-05,27.0,3.9238335075149147
1968-03-06,25.0,3.633179173624921
1968-03-07,22.0,3.1971976727899305
1968-03-08,20.0,2.9065433388999367
1968-03-09,19.0,2.7612161719549397
1968-03-10,17.0,2.4705618380649463
1968-03-11,16.0,2.3252346711199494
1968-03-12,36.0,5.2317780100198865
1968-03-13,44.0,6.394395345579861
1968-03-14,85.0,12.35280919032473
1968-03-15,89.0,12.934117858104718
1968-03-16,101.0,14.678043861444682
1968-03-17,98.0,14.24206236060969
1968-03-18,85.0,12.35280919032473
1968-03-19,69.0,10.027574519204782
1968-03-20,58.0,8.428975682809817
1968-03-21,49.0,7.121031180304845
1968-03-22,44.0,6.394395345579861
1968-03-23,38.0,5.5224323439098795
1968-03-24,33.0,4.795796509184895
1968-03-25,37.0,5.377105176964883
1968-03-26,31.0,4.505142175294902
1968-03-27,29.0,4.2144878414049085
1968-03-28,26.0,3.7785063405699177
1968-03-29,24.0,3.4878520066799243
1968-03-30,23.0,3.3425248397349274
1968-03-31,21.0,3.0518705058449336
1968-04-01,21.0,3.0518705058449336
1968-04-02,19.0,2.7612161719549397
1968-04-03,17.0,2.4705618380649463
1968-04-04,17.0,2.4705618380649463
1968-04-05,16.0,2.3252346711199494
1968-04-06,15.0,2.1799075041749525
1968-04-07,14.0,2.0345803372299556
1968-04-08,14.0,2.0345803372299556
1968-04-09,13.0,1.8892531702849589
1968-04-10,13.0,1.8892531702849589
1968-04-11,12.0,1.7439260033399622
1968-04-12,12.0,1.7439260033399622
1968-04-13,12.0,1.7439260033399622
1968-04-14,11.0,1.5985988363949653
1968-04-15,10.0,1.4532716694499683
1968-04-16,10.0,1.4532716694499683
1968-04-17,10.0,1.4532716694499683
1968-04-18,9.6,1.3951408026719696
1968-04-19,9.3,1.3515426525884706
1968-04-20,8.9,1.293411785810472
1968-04-21,8.6,1.2498136357269727
1968-04-22,8.3,1.206215485643474
1968-04-23,7.8,1.1335519021709752
1968-04-24,7.8,1.1335519021709752
1968-04-25,7.7,1.1190191854764757
1968-04-26,7.3,1.060888318698477
1968-04-27,7.3,1.060888318698477
1968-04-28,7.1,1.0318228853094775
1968-04-29,6.7,0.9736920185314788
1968-04-30,6.5,0.9446265851424794
1968-05-01,6.3,0.9155611517534801
1968-05-02,6.1,0.8864957183644807
1968-05-03,6.0,0.8719630016699811
1968-05-04,6.0,0.8719630016699811
1968-05-05,5.8,0.8428975682809816
1968-05-06,5.8,0.8428975682809816
1968-05-07,5.6,0.8138321348919823
1968-05-08,5.4,0.784766701502983
1968-05-09,5.3,0.7702339848084833
1968-05-10,5.2,0.7557012681139836
1968-05-11,5.1,0.7411685514194838
1968-05-12,5.0,0.7266358347249842
1968-05-13,5.5,0.7992994181974826
1968-05-14,5.2,0.7557012681139836
1968-05-15,5.0,0.7266358347249842
1968-05-16,4.9,0.7121031180304845
1968-05-17,4.7,0.6830376846414852
1968-05-18,4.6,0.6685049679469854
1968-05-19,5.1,0.7411685514194838
1968-05-20,6.4,0.9300938684479798
1968-05-21,5.6,0.8138321348919823
1968-05-22,5.1,0.7411685514194838
1968-05-23,4.7,0.6830376846414852
1968-05-24,4.7,0.6830376846414852
1968-05-25,4.8,0.6975704013359848
1968-05-26,4.8,0.6975704013359848
1968-05-27,4.6,0.6685049679469854
1968-05-28,4.3,0.6249068178634863
1968-05-29,4.1,0.595841384474487
1968-05-30,4.0,0.5813086677799874
1968-05-31,3.9,0.5667759510854876
1968-06-01,3.8,0.552243234390988
1968-06-02,3.8,0.552243234390988
1968-06-03,3.8,0.552243234390988
1968-06-04,3.6,0.5231778010019886
1968-06-05,3.6,0.5231778010019886
1968-06-06,3.6,0.5231778010019886
1968-06-07,3.6,0.5231778010019886
1968-06-08,3.3,0.47957965091848953
1968-06-09,3.2,0.4650469342239899
1968-06-10,3.1,0.4505142175294902
1968-06-11,3.0,0.43598150083499054
1968-06-12,2.9,0.4214487841404908
1968-06-13,2.9,0.4214487841404908
1968-06-14,2.9,0.4214487841404908
1968-06-15,2.8,0.4069160674459911
1968-06-16,2.7,0.3923833507514915
1968-06-17,2.6,0.3778506340569918
1968-06-18,2.4,0.3487852006679924
1968-06-19,2.3,0.3342524839734927
1968-06-20,2.3,0.3342524839734927
1968-06-21,2.3,0.3342524839734927
1968-06-22,2.2,0.3197197672789931
1968-06-23,2.2,0.3197197672789931
1968-06-24,2.2,0.3197197672789931
1968-06-25,2.1,0.30518705058449336
1968-06-26,2.0,0.2906543338899937
1968-06-27,1.8,0.2615889005009943
1968-06-28,1.8,0.2615889005009943
1968-06-29,1.8,0.2615889005009943
1968-06-30,1.8,0.2615889005009943
1968-07-01,1.8,0.2615889005009943
1968-07-02,1.7,0.2470561838064946
1968-07-03,1.7,0.2470561838064946
1968-07-04,1.6,0.23252346711199495
1968-07-05,1.5,0.21799075041749527
1968-07-06,1.5,0.21799075041749527
1968-07-07,1.4,0.20345803372299556
1968-07-08,1.4,0.20345803372299556
1968-07-09,1.3,0.1889253170284959
1968-07-10,1.3,0.1889253170284959
1968-07-11,1.3,0.1889253170284959
1968-07-12,1.3,0.1889253170284959
1968-07-13,1.3,0.1889253170284959
1968-07-14,1.3,0.1889253170284959
1968-07-15,1.3,0.1889253170284959
1968-07-16,1.3,0.1889253170284959
1968-07-17,1.3,0.1889253170284959
1968-07-18,1.2,0.1743926003339962
1968-07-19,1.2,0.1743926003339962
1968-07-20,1.2,0.1743926003339962
1968-07-21,1.1,0.15985988363949655
1968-07-22,1.1,0.15985988363949655
1968-07-23,1.0,0.14532716694499684
1968-07-24,0.96,0.13951408026719697
1968-07-25,0.91,0.13224772191994713
1968-07-26,1.0,0.14532716694499684
1968-07-27,1.0,0.14532716694499684
1968-07-28,1.0,0.14532716694499684
1968-07-29,0.94,0.13660753692829702
1968-07-30,0.94,0.13660753692829702
1968-07-31,0.94,0.13660753692829702
1968-08-01,0.86,0.12498136357269728
1968-08-02,0.86,0.12498136357269728
1968-08-03,0.86,0.12498136357269728
1968-08-04,0.86,0.12498136357269728
1968-08-05,0.86,0.12498136357269728
1968-08-06,0.86,0.12498136357269728
1968-08-07,0.86,0.12498136357269728
1968-08-08,1.1,0.15985988363949655
1968-08-09,0.94,0.13660753692829702
1968-08-10,0.94,0.13660753692829702
1968-08-11,0.86,0.12498136357269728
1968-08-12,0.84,0.12207482023379734
1968-08-13,0.82,0.1191682768948974
1968-08-14,1.1,0.15985988363949655
1968-08-15,1.1,0.15985988363949655
1968-08-16,1.1,0.15985988363949655
1968-08-17,1.0,0.14532716694499684
1968-08-18,1.0,0.14532716694499684
1968-08-19,1.5,0.21799075041749527
1968-08-20,3.9,0.5667759510854876
1968-08-21,5.6,0.8138321348919823
1968-08-22,4.1,0.595841384474487
1968-08-23,2.5,0.3633179173624921
1968-08-24,2.0,0.2906543338899937
1968-08-25,1.9,0.276121617195494
1968-08-26,2.3,0.3342524839734927
1968-08-27,2.1,0.30518705058449336
1968-08-28,1.9,0.276121617195494
1968-08-29,1.7,0.2470561838064946
1968-08-30,1.6,0.23252346711199495
1968-08-31,1.5,0.21799075041749527
1968-09-01,1.4,0.20345803372299556
1968-09-02,1.3,0.1889253170284959
1968-09-03,1.3,0.1889253170284959
1968-09-04,1.2,0.1743926003339962
1968-09-05,1.2,0.1743926003339962
1968-09-06,1.2,0.1743926003339962
1968-09-07,1.2,0.1743926003339962
1968-09-08,1.2,0.1743926003339962
1968-09-09,1.2,0.1743926003339962
1968-09-10,1.1,0.15985988363949655
1968-09-11,1.2,0.1743926003339962
1968-09-12,1.2,0.1743926003339962
1968-09-13,1.3,0.1889253170284959
1968-09-14,1.4,0.20345803372299556
1968-09-15,1.3,0.1889253170284959
1968-09-16,1.2,0.1743926003339962
1968-09-17,1.1,0.15985988363949655
1968-09-18,1.1,0.15985988363949655
1968-09-19,1.1,0.15985988363949655
1968-09-20,1.1,0.15985988363949655
1968-09-21,1.1,0.15985988363949655
1968-09-22,1.1,0.15985988363949655
1968-09-23,1.1,0.15985988363949655
1968-09-24,1.1,0.15985988363949655
1968-09-25,1.1,0.15985988363949655
1968-09-26,1.0,0.14532716694499684
1968-09-27,1.0,0.14532716694499684
1968-09-28,0.96,0.13951408026719697
1968-09-29,0.86,0.12498136357269728
1968-09-30,0.86,0.12498136357269728
1968-10-01,0.92,0.1337009935893971
1968-10-02,0.92,0.1337009935893971
1968-10-03,0.92,0.1337009935893971
1968-10-04,0.92,0.1337009935893971
1968-10-05,0.92,0.1337009935893971
1968-10-06,0.92,0.1337009935893971
1968-10-07,0.92,0.1337009935893971
1968-10-08,0.92,0.1337009935893971
1968-10-09,0.92,0.1337009935893971
1968-10-10,0.92,0.1337009935893971
1968-10-11,2.9,0.4214487841404908
1968-10-12,5.8,0.8428975682809816
1968-10-13,4.0,0.5813086677799874
1968-10-14,3.4,0.4941123676129892
1968-10-15,3.0,0.43598150083499054
1968-10-16,2.7,0.3923833507514915
1968-10-17,2.4,0.3487852006679924
1968-10-18,2.2,0.3197197672789931
1968-10-19,2.1,0.30518705058449336
1968-10-20,1.8,0.2615889005009943
1968-10-21,1.6,0.23252346711199495
1968-10-22,1.4,0.20345803372299556
1968-10-23,1.2,0.1743926003339962
1968-10-24,1.2,0.1743926003339962
1968-10-25,1.1,0.15985988363949655
1968-10-26,1.1,0.15985988363949655
1968-10-27,1.0,0.14532716694499684
1968-10-28,1.0,0.14532716694499684
1968-10-29,2.2,0.3197197672789931
1968-10-30,3.0,0.43598150083499054
1968-10-31,2.6,0.3778506340569918
1968-11-01,2.2,0.3197197672789931
1968-11-02,7.0,1.0172901686149778
1968-11-03,6.2,0.9010284350589804
1968-11-04,3.9,0.5667759510854876
1968-11-05,3.2,0.4650469342239899
1968-11-06,2.8,0.4069160674459911
1968-11-07,2.5,0.3633179173624921
1968-11-08,2.4,0.3487852006679924
1968-11-09,2.3,0.3342524839734927
1968-11-10,2.2,0.3197197672789931
1968-11-11,3.4,0.4941123676129892
1968-11-12,7.5,1.0899537520874762
1968-11-13,5.0,0.7266358347249842
1968-11-14,4.6,0.6685049679469854
1968-11-15,11.0,1.5985988363949653
1968-11-16,8.8,1.2788790691159724
1968-11-17,6.7,0.9736920185314788
1968-11-18,11.0,1.5985988363949653
1968-11-19,11.0,1.5985988363949653
1968-11-20,7.8,1.1335519021709752
1968-11-21,6.2,0.9010284350589804
1968-11-22,5.5,0.7992994181974826
1968-11-23,4.6,0.6685049679469854
1968-11-24,6.7,0.9736920185314788
1968-11-25,9.7,1.4096735193664691
1968-11-26,7.8,1.1335519021709752
1968-11-27,6.7,0.9736920185314788
1968-11-28,5.5,0.7992994181974826
1968-11-29,5.5,0.7992994181974826
1968-11-30,6.5,0.9446265851424794
1968-12-01,9.4,1.3660753692829704
1968-12-02,9.4,1.3660753692829704
1968-12-03,8.1,1.1771500522544744
1968-12-04,7.2,1.0463556020039773
1968-12-05,6.7,0.9736920185314788
1968-12-06,6.0,0.8719630016699811
1968-12-07,7.0,1.0172901686149778
1968-12-08,14.0,2.0345803372299556
1968-12-09,13.0,1.8892531702849589
1968-12-10,235.0,34.15188423207426
1968-12-11,136.0,19.76449470451957
1968-12-12,73.0,10.60888318698477
1968-12-13,57.0,8.28364851586482
1968-12-14,67.0,9.736920185314789
1968-12-15,183.0,26.59487155093442
1968-12-16,142.0,20.63645770618955
1968-12-17,88.0,12.788790691159722
1968-12-18,65.0,9.446265851424794
1968-12-19,53.0,7.702339848084833
1968-12-20,44.0,6.394395345579861
1968-12-21,37.0,5.377105176964883
1968-12-22,35.0,5.086450843074889
1968-12-23,270.0,39.238335075149145
1968-12-24,290.0,42.14487841404908
1968-12-25,250.0,36.33179173624921
1968-12-26,200.0,29.065433388999367
1968-12-27,155.0,22.52571087647451
1968-12-28,125.0,18.165895868124604
1968-12-29,110.0,15.985988363949652
1968-12-30,90.0,13.079445025049715
1968-12-31,80.0,11.626173355599747
1969-01-01,65.0,9.446265851424794
1969-01-02,58.0,8.428975682809817
1969-01-03,52.0,7.5570126811398355
1969-01-04,46.0,6.685049679469855
1969-01-05,40.0,5.813086677799873
1969-01-06,35.0,5.086450843074889
1969-01-07,31.0,4.505142175294902
1969-01-08,28.0,4.069160674459911
1969-01-09,26.0,3.7785063405699177
1969-01-10,25.0,3.633179173624921
1969-01-11,24.0,3.4878520066799243
1969-01-12,580.0,84.28975682809816
1969-01-13,330.0,47.957965091848955
1969-01-14,200.0,29.065433388999367
1969-01-15,140.0,20.345803372299557
1969-01-16,97.0,14.096735193664694
1969-01-17,74.0,10.754210353929766
1969-01-18,69.0,10.027574519204782
1969-01-19,170.0,24.70561838064946
1969-01-20,438.0,63.65329912190862
1969-01-21,420.0,61.03741011689867
1969-01-22,256.0,37.20375473791919
1969-01-23,164.0,23.833655378979483
1969-01-24,106.0,15.404679696169666
1969-01-25,112.0,16.276642697839645
1969-01-26,178.0,25.868235716209437
1969-01-27,142.0,20.63645770618955
1969-01-28,104.0,15.114025362279671
1969-01-29,79.0,11.48084618865475
1969-01-30,66.0,9.59159301836979
1969-01-31,57.0,8.28364851586482
1969-02-01,62.0,9.010284350589805
1969-02-02,64.0,9.300938684479798
1969-02-03,62.0,9.010284350589805
1969-02-04,65.0,9.446265851424794
1969-02-05,76.0,11.044864687819759
1969-02-06,83.0,12.062154856434738
1969-02-07,78.0,11.335519021709754
1969-02-08,94.0,13.660753692829703
1969-02-09,205.0,29.79206922372435
1969-02-10,173.0,25.141599881484453
1969-02-11,268.0,38.947680741259155
1969-02-12,235.0,34.15188423207426
1969-02-13,152.0,22.089729375639518
1969-02-14,107.0,15.550006863114662
1969-02-15,109.0,15.840661197004655
1969-02-16,112.0,16.276642697839645
1969-02-17,101.0,14.678043861444682
1969-02-18,82.0,11.916827689489741
1969-02-19,68.0,9.882247352259785
1969-02-20,58.0,8.428975682809817
1969-02-21,54.0,7.847667015029829
1969-02-22,50.0,7.266358347249842
1969-02-23,58.0,8.428975682809817
1969-02-24,68.0,9.882247352259785
1969-02-25,76.0,11.044864687819759
1969-02-26,81.0,11.771500522544743
1969-02-27,85.0,12.35280919032473
1969-02-28,125.0,18.165895868124604
1969-03-01,118.0,17.148605699509627
1969-03-02,108.0,15.695334030059659
1969-03-03,94.0,13.660753692829703
1969-03-04,84.0,12.207482023379734
1969-03-05,72.0,10.463556020039773
1969-03-06,60.0,8.71963001669981
1969-03-07,52.0,7.5570126811398355
1969-03-08,46.0,6.685049679469855
1969-03-09,40.0,5.813086677799873
1969-03-10,35.0,5.086450843074889
1969-03-11,31.0,4.505142175294902
1969-03-12,30.0,4.359815008349905
1969-03-13,28.0,4.069160674459911
1969-03-14,25.0,3.633179173624921
1969-03-15,25.0,3.633179173624921
1969-03-16,27.0,3.9238335075149147
1969-03-17,44.0,6.394395345579861
1969-03-18,52.0,7.5570126811398355
1969-03-19,48.0,6.975704013359849
1969-03-20,44.0,6.394395345579861
1969-03-21,40.0,5.813086677799873
1969-03-22,36.0,5.2317780100198865
1969-03-23,35.0,5.086450843074889
1969-03-24,34.0,4.941123676129893
1969-03-25,33.0,4.795796509184895
1969-03-26,33.0,4.795796509184895
1969-03-27,32.0,4.650469342239899
1969-03-28,30.0,4.359815008349905
1969-03-29,29.0,4.2144878414049085
1969-03-30,27.0,3.9238335075149147
1969-03-31,25.0,3.633179173624921
1969-04-01,23.0,3.3425248397349274
1969-04-02,23.0,3.3425248397349274
1969-04-03,20.0,2.9065433388999367
1969-04-04,19.0,2.7612161719549397
1969-04-05,27.0,3.9238335075149147
1969-04-06,23.0,3.3425248397349274
1969-04-07,22.0,3.1971976727899305
1969-04-08,21.0,3.0518705058449336
1969-04-09,22.0,3.1971976727899305
1969-04-10,20.0,2.9065433388999367
1969-04-11,19.0,2.7612161719549397
1969-04-12,19.0,2.7612161719549397
1969-04-13,18.0,2.6158890050099433
1969-04-14,17.0,2.4705618380649463
1969-04-15,16.0,2.3252346711199494
1969-04-16,15.0,2.1799075041749525
1969-04-17,15.0,2.1799075041749525
1969-04-18,15.0,2.1799075041749525
1969-04-19,14.0,2.0345803372299556
1969-04-20,13.0,1.8892531702849589
1969-04-21,13.0,1.8892531702849589
1969-04-22,13.0,1.8892531702849589
1969-04-23,21.0,3.0518705058449336
1969-04-24,22.0,3.1971976727899305
1969-04-25,22.0,3.1971976727899305
1969-04-26,21.0,3.0518705058449336
1969-04-27,20.0,2.9065433388999367
1969-04-28,19.0,2.7612161719549397
1969-04-29,18.0,2.6158890050099433
1969-04-30,17.0,2.4705618380649463
1969-05-01,16.0,2.3252346711199494
1969-05-02,15.0,2.1799075041749525
1969-05-03,14.0,2.0345803372299556
1969-05-04,14.0,2.0345803372299556
1969-05-05,13.0,1.8892531702849589
1969-05-06,13.0,1.8892531702849589
1969-05-07,12.0,1.7439260033399622
1969-05-08,11.0,1.5985988363949653
1969-05-09,11.0,1.5985988363949653
1969-05-10,11.0,1.5985988363949653
1969-05-11,10.0,1.4532716694499683
1969-05-12,9.6,1.3951408026719696
1969-05-13,9.4,1.3660753692829704
1969-05-14,9.5,1.3806080859774699
1969-05-15,9.3,1.3515426525884706
1969-05-16,8.7,1.2643463524214724
1969-05-17,8.4,1.2207482023379734
1969-05-18,8.1,1.1771500522544744
1969-05-19,8.1,1.1771500522544744
1969-05-20,7.8,1.1335519021709752
1969-05-21,7.7,1.1190191854764757
1969-05-22,7.4,1.0754210353929767
1969-05-23,6.9,1.0027574519204783
1969-05-24,6.5,0.9446265851424794
1969-05-25,6.5,0.9446265851424794
1969-05-26,7.3,1.060888318698477
1969-05-27,7.3,1.060888318698477
1969-05-28,6.6,0.9591593018369791
1969-05-29,6.4,0.9300938684479798
1969-05-30,6.2,0.9010284350589804
1969-05-31,6.1,0.8864957183644807
1969-06-01,5.7,0.828364851586482
1969-06-02,5.4,0.784766701502983
1969-06-03,5.3,0.7702339848084833
1969-06-04,5.3,0.7702339848084833
1969-06-05,5.3,0.7702339848084833
1969-06-06,5.5,0.7992994181974826
1969-06-07,5.5,0.7992994181974826
1969-06-08,5.5,0.7992994181974826
1969-06-09,5.5,0.7992994181974826
1969-06-10,5.5,0.7992994181974826
1969-06-11,5.4,0.784766701502983
1969-06-12,5.2,0.7557012681139836
1969-06-13,5.0,0.7266358347249842
1969-06-14,4.8,0.6975704013359848
1969-06-15,4.7,0.6830376846414852
1969-06-16,4.5,0.6539722512524858
1969-06-17,4.5,0.6539722512524858
1969-06-18,4.3,0.6249068178634863
1969-06-19,4.3,0.6249068178634863
1969-06-20,4.3,0.6249068178634863
1969-06-21,4.3,0.6249068178634863
1969-06-22,4.2,0.6103741011689867
1969-06-23,4.1,0.595841384474487
1969-06-24,4.1,0.595841384474487
1969-06-25,4.1,0.595841384474487
1969-06-26,4.0,0.5813086677799874
1969-06-27,3.7,0.5377105176964884
1969-06-28,3.7,0.5377105176964884
1969-06-29,3.7,0.5377105176964884
1969-06-30,3.5,0.5086450843074889
1969-07-01,3.5,0.5086450843074889
1969-07-02,3.4,0.4941123676129892
1969-07-03,3.3,0.47957965091848953
1969-07-04,3.2,0.4650469342239899
1969-07-05,3.1,0.4505142175294902
1969-07-06,3.0,0.43598150083499054
1969-07-07,3.0,0.43598150083499054
1969-07-08,3.0,0.43598150083499054
1969-07-09,2.9,0.4214487841404908
1969-07-10,2.9,0.4214487841404908
1969-07-11,2.9,0.4214487841404908
1969-07-12,2.8,0.4069160674459911
1969-07-13,2.7,0.3923833507514915
1969-07-14,2.5,0.3633179173624921
1969-07-15,2.6,0.3778506340569918
1969-07-16,2.6,0.3778506340569918
1969-07-17,2.4,0.3487852006679924
1969-07-18,2.4,0.3487852006679924
1969-07-19,2.3,0.3342524839734927
1969-07-20,2.3,0.3342524839734927
1969-07-21,2.2,0.3197197672789931
1969-07-22,2.0,0.2906543338899937
1969-07-23,1.9,0.276121617195494
1969-07-24,1.9,0.276121617195494
1969-07-25,1.9,0.276121617195494
1969-07-26,1.9,0.276121617195494
1969-07-27,1.9,0.276121617195494
1969-07-28,1.9,0.276121617195494
1969-07-29,1.9,0.276121617195494
1969-07-30,1.7,0.2470561838064946
1969-07-31,1.7,0.2470561838064946
1969-08-01,1.7,0.2470561838064946
1969-08-02,1.7,0.2470561838064946
1969-08-03,1.5,0.21799075041749527
1969-08-04,1.5,0.21799075041749527
1969-08-05,1.5,0.21799075041749527
1969-08-06,1.5,0.21799075041749527
1969-08-07,1.5,0.21799075041749527
1969-08-08,1.4,0.20345803372299556
1969-08-09,1.4,0.20345803372299556
1969-08-10,1.4,0.20345803372299556
1969-08-11,1.4,0.20345803372299556
1969-08-12,1.3,0.1889253170284959
1969-08-13,1.3,0.1889253170284959
1969-08-14,1.3,0.1889253170284959
1969-08-15,1.3,0.1889253170284959
1969-08-16,1.2,0.1743926003339962
1969-08-17,1.2,0.1743926003339962
1969-08-18,1.2,0.1743926003339962
1969-08-19,1.2,0.1743926003339962
1969-08-20,1.2,0.1743926003339962
1969-08-21,1.2,0.1743926003339962
1969-08-22,1.2,0.1743926003339962
1969-08-23,1.2,0.1743926003339962
1969-08-24,1.1,0.15985988363949655
1969-08-25,1.1,0.15985988363949655
1969-08-26,1.1,0.15985988363949655
1969-08-27,1.0,0.14532716694499684
1969-08-28,1.0,0.14532716694499684
1969-08-29,1.0,0.14532716694499684
1969-08-30,1.0,0.14532716694499684
1969-08-31,1.0,0.14532716694499684
1969-09-01,1.0,0.14532716694499684
1969-09-02,1.0,0.14532716694499684
1969-09-03,1.0,0.14532716694499684
1969-09-04,0.98,0.1424206236060969
1969-09-05,0.98,0.1424206236060969
1969-09-06,0.98,0.1424206236060969
1969-09-07,0.98,0.1424206236060969
1969-09-08,0.98,0.1424206236060969
1969-09-09,0.98,0.1424206236060969
1969-09-10,0.98,0.1424206236060969
1969-09-11,0.92,0.1337009935893971
1969-09-12,0.92,0.1337009935893971
1969-09-13,0.92,0.1337009935893971
1969-09-14,0.92,0.1337009935893971
1969-09-15,0.92,0.1337009935893971
1969-09-16,0.92,0.1337009935893971
1969-09-17,0.92,0.1337009935893971
1969-09-18,1.0,0.14532716694499684
1969-09-19,1.1,0.15985988363949655
1969-09-20,1.1,0.15985988363949655
1969-09-21,1.1,0.15985988363949655
1969-09-22,1.1,0.15985988363949655
1969-09-23,1.0,0.14532716694499684
1969-09-24,1.0,0.14532716694499684
1969-09-25,1.0,0.14532716694499684
1969-09-26,1.0,0.14532716694499684
1969-09-27,0.98,0.1424206236060969
1969-09-28,0.98,0.1424206236060969
1969-09-29,0.98,0.1424206236060969
1969-09-30,0.98,0.1424206236060969
1969-10-01,0.98,0.1424206236060969
1969-10-02,0.98,0.1424206236060969
1969-10-03,0.98,0.1424206236060969
1969-10-04,0.98,0.1424206236060969
1969-10-05,0.98,0.1424206236060969
1969-10-06,0.98,0.1424206236060969
1969-10-07,0.98,0.1424206236060969
1969-10-08,1.3,0.1889253170284959
1969-10-09,1.2,0.1743926003339962
1969-10-10,1.2,0.1743926003339962
1969-10-11,1.2,0.1743926003339962
1969-10-12,1.2,0.1743926003339962
1969-10-13,1.2,0.1743926003339962
1969-10-14,1.2,0.1743926003339962
1969-10-15,4.3,0.6249068178634863
1969-10-16,5.3,0.7702339848084833
1969-10-17,4.4,0.6394395345579862
1969-10-18,3.0,0.43598150083499054
1969-10-19,2.4,0.3487852006679924
1969-10-20,1.9,0.276121617195494
1969-10-21,1.7,0.2470561838064946
1969-10-22,1.7,0.2470561838064946
1969-10-23,1.6,0.23252346711199495
1969-10-24,1.6,0.23252346711199495
1969-10-25,1.6,0.23252346711199495
1969-10-26,1.6,0.23252346711199495
1969-10-27,1.6,0.23252346711199495
1969-10-28,1.6,0.23252346711199495
1969-10-29,1.6,0.23252346711199495
1969-10-30,1.6,0.23252346711199495
1969-10-31,1.6,0.23252346711199495
1969-11-01,1.6,0.23252346711199495
1969-11-02,1.6,0.23252346711199495
1969-11-03,1.6,0.23252346711199495
1969-11-04,6.2,0.9010284350589804
1969-11-05,16.0,2.3252346711199494
1969-11-06,6.2,0.9010284350589804
1969-11-07,4.4,0.6394395345579862
1969-11-08,4.4,0.6394395345579862
1969-11-09,4.3,0.6249068178634863
1969-11-10,3.7,0.5377105176964884
1969-11-11,3.4,0.4941123676129892
1969-11-12,3.0,0.43598150083499054
1969-11-13,2.8,0.4069160674459911
1969-11-14,2.5,0.3633179173624921
1969-11-15,2.4,0.3487852006679924
1969-11-16,2.3,0.3342524839734927
1969-11-17,2.3,0.3342524839734927
1969-11-18,2.2,0.3197197672789931
1969-11-19,2.1,0.30518705058449336
1969-11-20,2.0,0.2906543338899937
1969-11-21,1.8,0.2615889005009943
1969-11-22,1.8,0.2615889005009943
1969-11-23,1.9,0.276121617195494
1969-11-24,1.9,0.276121617195494
1969-11-25,1.9,0.276121617195494
1969-11-26,1.9,0.276121617195494
1969-11-27,1.9,0.276121617195494
1969-11-28,1.7,0.2470561838064946
1969-11-29,1.7,0.2470561838064946
1969-11-30,1.7,0.2470561838064946
1969-12-01,1.6,0.23252346711199495
1969-12-02,1.6,0.23252346711199495
1969-12-03,1.6,0.23252346711199495
1969-12-04,1.6,0.23252346711199495
1969-12-05,1.6,0.23252346711199495
1969-12-06,1.6,0.23252346711199495
1969-12-07,1.6,0.23252346711199495
1969-12-08,2.2,0.3197197672789931
1969-12-09,2.0,0.2906543338899937
1969-12-10,3.0,0.43598150083499054
1969-12-11,12.0,1.7439260033399622
1969-12-12,105.0,15.259352529224667
1969-12-13,51.0,7.411685514194839
1969-12-14,76.0,11.044864687819759
1969-12-15,34.0,4.941123676129893
1969-12-16,26.0,3.7785063405699177
1969-12-17,40.0,5.813086677799873
1969-12-18,68.0,9.882247352259785
1969-12-19,198.0,28.774779055109374
1969-12-20,134.0,19.473840370629578
1969-12-21,420.0,61.03741011689867
1969-12-22,270.0,39.238335075149145
1969-12-23,210.0,30.518705058449335
1969-12-24,164.0,23.833655378979483
1969-12-25,120.0,17.43926003339962
1969-12-26,101.0,14.678043861444682
1969-12-27,82.0,11.916827689489741
1969-12-28,66.0,9.59159301836979
1969-12-29,54.0,7.847667015029829
1969-12-30,46.0,6.685049679469855
1969-12-31,39.0,5.667759510854877
1970-01-01,34.0,4.941123676129893
1970-01-02,29.0,4.2144878414049085
1970-01-03,25.0,3.633179173624921
1970-01-04,23.0,3.3425248397349274
1970-01-05,20.0,2.9065433388999367
1970-01-06,18.0,2.6158890050099433
1970-01-07,17.0,2.4705618380649463
1970-01-08,17.0,2.4705618380649463
1970-01-09,27.0,3.9238335075149147
1970-01-10,79.0,11.48084618865475
1970-01-11,65.0,9.446265851424794
1970-01-12,67.0,9.736920185314789
1970-01-13,125.0,18.165895868124604
1970-01-14,268.0,38.947680741259155
1970-01-15,213.0,30.954686559284326
1970-01-16,401.0,58.276193944943735
1970-01-17,368.0,53.48039743575884
1970-01-18,243.0,35.31450156763423
1970-01-19,230.0,33.42524839734927
1970-01-20,345.0,50.13787259602391
1970-01-21,545.0,79.20330598502328
1970-01-22,517.0,75.13414531056337
1970-01-23,896.0,130.21314158271716
1970-01-24,440.0,63.94395345579861
1970-01-25,218.0,31.68132239400931
1970-01-26,415.0,60.31077428217369
1970-01-27,360.0,52.31778010019886
1970-01-28,225.0,32.69861256262429
1970-01-29,120.0,17.43926003339962
1970-01-30,82.0,11.916827689489741
1970-01-31,64.0,9.300938684479798
1970-02-01,48.0,6.975704013359849
1970-02-02,43.0,6.249068178634864
1970-02-03,39.0,5.667759510854877
1970-02-04,36.0,5.2317780100198865
1970-02-05,33.0,4.795796509184895
1970-02-06,30.0,4.359815008349905
1970-02-07,28.0,4.069160674459911
1970-02-08,25.0,3.633179173624921
1970-02-09,24.0,3.4878520066799243
1970-02-10,22.0,3.1971976727899305
1970-02-11,21.0,3.0518705058449336
1970-02-12,23.0,3.3425248397349274
1970-02-13,29.0,4.2144878414049085
1970-02-14,34.0,4.941123676129893
1970-02-15,32.0,4.650469342239899
1970-02-16,75.0,10.899537520874762
1970-02-17,106.0,15.404679696169666
1970-02-18,72.0,10.463556020039773
1970-02-19,62.0,9.010284350589805
1970-02-20,59.0,8.574302849754813
1970-02-21,49.0,7.121031180304845
1970-02-22,42.0,6.103741011689867
1970-02-23,37.0,5.377105176964883
1970-02-24,33.0,4.795796509184895
1970-02-25,30.0,4.359815008349905
1970-02-26,27.0,3.9238335075149147
1970-02-27,24.0,3.4878520066799243
1970-02-28,23.0,3.3425248397349274
1970-03-01,23.0,3.3425248397349274
1970-03-02,21.0,3.0518705058449336
1970-03-03,19.0,2.7612161719549397
1970-03-04,23.0,3.3425248397349274
1970-03-05,24.0,3.4878520066799243
1970-03-06,24.0,3.4878520066799243
1970-03-07,38.0,5.5224323439098795
1970-03-08,53.0,7.702339848084833
1970-03-09,53.0,7.702339848084833
1970-03-10,49.0,7.121031180304845
1970-03-11,44.0,6.394395345579861
1970-03-12,40.0,5.813086677799873
1970-03-13,37.0,5.377105176964883
1970-03-14,36.0,5.2317780100198865
1970-03-15,33.0,4.795796509184895
1970-03-16,32.0,4.650469342239899
1970-03-17,30.0,4.359815008349905
1970-03-18,28.0,4.069160674459911
1970-03-19,26.0,3.7785063405699177
1970-03-20,24.0,3.4878520066799243
1970-03-21,22.0,3.1971976727899305
1970-03-22,21.0,3.0518705058449336
1970-03-23,20.0,2.9065433388999367
1970-03-24,20.0,2.9065433388999367
1970-03-25,18.0,2.6158890050099433
1970-03-26,17.0,2.4705618380649463
1970-03-27,16.0,2.3252346711199494
1970-03-28,15.0,2.1799075041749525
1970-03-29,15.0,2.1799075041749525
1970-03-30,14.0,2.0345803372299556
1970-03-31,13.0,1.8892531702849589
1970-04-01,13.0,1.8892531702849589
1970-04-02,13.0,1.8892531702849589
1970-04-03,12.0,1.7439260033399622
1970-04-04,11.0,1.5985988363949653
1970-04-05,11.0,1.5985988363949653
1970-04-06,10.0,1.4532716694499683
1970-04-07,10.0,1.4532716694499683
1970-04-08,9.7,1.4096735193664691
1970-04-09,9.4,1.3660753692829704
1970-04-10,9.4,1.3660753692829704
1970-04-11,9.1,1.3224772191994711
1970-04-12,8.8,1.2788790691159724
1970-04-13,8.4,1.2207482023379734
1970-04-14,8.4,1.2207482023379734
1970-04-15,8.4,1.2207482023379734
1970-04-16,8.1,1.1771500522544744
1970-04-17,7.8,1.1335519021709752
1970-04-18,7.5,1.0899537520874762
1970-04-19,8.1,1.1771500522544744
1970-04-20,7.2,1.0463556020039773
1970-04-21,7.2,1.0463556020039773
1970-04-22,7.0,1.0172901686149778
1970-04-23,6.7,0.9736920185314788
1970-04-24,6.7,0.9736920185314788
1970-04-25,6.5,0.9446265851424794
1970-04-26,7.0,1.0172901686149778
1970-04-27,6.7,0.9736920185314788
1970-04-28,6.2,0.9010284350589804
1970-04-29,6.0,0.8719630016699811
1970-04-30,6.0,0.8719630016699811
1970-05-01,5.7,0.828364851586482
1970-05-02,5.5,0.7992994181974826
1970-05-03,5.3,0.7702339848084833
1970-05-04,5.0,0.7266358347249842
1970-05-05,4.8,0.6975704013359848
1970-05-06,4.7,0.6830376846414852
1970-05-07,4.5,0.6539722512524858
1970-05-08,4.5,0.6539722512524858
1970-05-09,4.4,0.6394395345579862
1970-05-10,4.3,0.6249068178634863
1970-05-11,4.7,0.6830376846414852
1970-05-12,4.5,0.6539722512524858
1970-05-13,4.4,0.6394395345579862
1970-05-14,4.4,0.6394395345579862
1970-05-15,4.8,0.6975704013359848
1970-05-16,5.0,0.7266358347249842
1970-05-17,5.0,0.7266358347249842
1970-05-18,5.0,0.7266358347249842
1970-05-19,5.0,0.7266358347249842
1970-05-20,5.0,0.7266358347249842
1970-05-21,5.0,0.7266358347249842
1970-05-22,5.0,0.7266358347249842
1970-05-23,5.0,0.7266358347249842
1970-05-24,5.0,0.7266358347249842
1970-05-25,5.0,0.7266358347249842
1970-05-26,5.0,0.7266358347249842
1970-05-27,4.8,0.6975704013359848
1970-05-28,4.4,0.6394395345579862
1970-05-29,4.4,0.6394395345579862
1970-05-30,4.4,0.6394395345579862
1970-05-31,4.4,0.6394395345579862
1970-06-01,4.4,0.6394395345579862
1970-06-02,4.4,0.6394395345579862
1970-06-03,4.3,0.6249068178634863
1970-06-04,3.9,0.5667759510854876
1970-06-05,3.5,0.5086450843074889
1970-06-06,3.5,0.5086450843074889
1970-06-07,3.5,0.5086450843074889
1970-06-08,3.5,0.5086450843074889
1970-06-09,3.7,0.5377105176964884
1970-06-10,3.7,0.5377105176964884
1970-06-11,3.7,0.5377105176964884
1970-06-12,3.7,0.5377105176964884
1970-06-13,3.7,0.5377105176964884
1970-06-14,3.7,0.5377105176964884
1970-06-15,3.7,0.5377105176964884
1970-06-16,3.7,0.5377105176964884
1970-06-17,3.7,0.5377105176964884
1970-06-18,3.5,0.5086450843074889
1970-06-19,3.5,0.5086450843074889
1970-06-20,3.5,0.5086450843074889
1970-06-21,3.4,0.4941123676129892
1970-06-22,3.0,0.43598150083499054
1970-06-23,3.0,0.43598150083499054
1970-06-24,2.9,0.4214487841404908
1970-06-25,2.9,0.4214487841404908
1970-06-26,2.8,0.4069160674459911
1970-06-27,2.8,0.4069160674459911
1970-06-28,2.8,0.4069160674459911
1970-06-29,2.8,0.4069160674459911
1970-06-30,2.6,0.3778506340569918
1970-07-01,2.6,0.3778506340569918
1970-07-02,2.5,0.3633179173624921
1970-07-03,2.4,0.3487852006679924
1970-07-04,2.3,0.3342524839734927
1970-07-05,2.2,0.3197197672789931
1970-07-06,2.2,0.3197197672789931
1970-07-07,2.2,0.3197197672789931
1970-07-08,1.9,0.276121617195494
1970-07-09,1.9,0.276121617195494
1970-07-10,1.9,0.276121617195494
1970-07-11,1.8,0.2615889005009943
1970-07-12,1.7,0.2470561838064946
1970-07-13,1.7,0.2470561838064946
1970-07-14,1.6,0.23252346711199495
1970-07-15,1.6,0.23252346711199495
1970-07-16,1.4,0.20345803372299556
1970-07-17,1.4,0.20345803372299556
1970-07-18,1.4,0.20345803372299556
1970-07-19,1.4,0.20345803372299556
1970-07-20,1.3,0.1889253170284959
1970-07-21,1.2,0.1743926003339962
1970-07-22,1.2,0.1743926003339962
1970-07-23,1.2,0.1743926003339962
1970-07-24,1.2,0.1743926003339962
1970-07-25,1.2,0.1743926003339962
1970-07-26,1.2,0.1743926003339962
1970-07-27,1.2,0.1743926003339962
1970-07-28,1.1,0.15985988363949655
1970-07-29,1.1,0.15985988363949655
1970-07-30,1.1,0.15985988363949655
1970-07-31,1.1,0.15985988363949655
1970-08-01,1.1,0.15985988363949655
1970-08-02,1.1,0.15985988363949655
1970-08-03,1.0,0.14532716694499684
1970-08-04,0.98,0.1424206236060969
1970-08-05,0.92,0.1337009935893971
1970-08-06,0.92,0.1337009935893971
1970-08-07,0.92,0.1337009935893971
1970-08-08,0.92,0.1337009935893971
1970-08-09,0.92,0.1337009935893971
1970-08-10,0.86,0.12498136357269728
1970-08-11,0.86,0.12498136357269728
1970-08-12,0.86,0.12498136357269728
1970-08-13,0.86,0.12498136357269728
1970-08-14,0.8,0.11626173355599748
1970-08-15,0.8,0.11626173355599748
1970-08-16,0.8,0.11626173355599748
1970-08-17,0.74,0.10754210353929766
1970-08-18,0.74,0.10754210353929766
1970-08-19,0.74,0.10754210353929766
1970-08-20,0.74,0.10754210353929766
1970-08-21,0.74,0.10754210353929766
1970-08-22,0.74,0.10754210353929766
1970-08-23,0.68,0.09882247352259786
1970-08-24,0.68,0.09882247352259786
1970-08-25,0.68,0.09882247352259786
1970-08-26,0.68,0.09882247352259786
1970-08-27,0.68,0.09882247352259786
1970-08-28,0.68,0.09882247352259786
1970-08-29,0.68,0.09882247352259786
1970-08-30,0.58,0.08428975682809817
1970-08-31,0.58,0.08428975682809817
1970-09-01,0.58,0.08428975682809817
1970-09-02,0.58,0.08428975682809817
1970-09-03,0.58,0.08428975682809817
1970-09-04,0.58,0.08428975682809817
1970-09-05,0.58,0.08428975682809817
1970-09-06,0.54,0.0784766701502983
1970-09-07,0.54,0.0784766701502983
1970-09-08,0.54,0.0784766701502983
1970-09-09,0.54,0.0784766701502983
1970-09-10,0.58,0.08428975682809817
1970-09-11,0.58,0.08428975682809817
1970-09-12,0.58,0.08428975682809817
1970-09-13,0.58,0.08428975682809817
1970-09-14,0.63,0.09155611517534801
1970-09-15,0.63,0.09155611517534801
1970-09-16,0.63,0.09155611517534801
1970-09-17,0.68,0.09882247352259786
1970-09-18,0.68,0.09882247352259786
1970-09-19,0.68,0.09882247352259786
1970-09-20,0.63,0.09155611517534801
1970-09-21,0.63,0.09155611517534801
1970-09-22,0.63,0.09155611517534801
1970-09-23,0.63,0.09155611517534801
1970-09-24,0.58,0.08428975682809817
1970-09-25,0.58,0.08428975682809817
1970-09-26,0.54,0.0784766701502983
1970-09-27,0.54,0.0784766701502983
1970-09-28,0.5,0.07266358347249842
1970-09-29,0.5,0.07266358347249842
1970-09-30,0.5,0.07266358347249842
1970-10-01,0.54,0.0784766701502983
1970-10-02,0.54,0.0784766701502983
1970-10-03,0.54,0.0784766701502983
1970-10-04,0.5,0.07266358347249842
1970-10-05,0.5,0.07266358347249842
1970-10-06,0.5,0.07266358347249842
1970-10-07,0.5,0.07266358347249842
1970-10-08,0.5,0.07266358347249842
1970-10-09,0.5,0.07266358347249842
1970-10-10,0.5,0.07266358347249842
1970-10-11,0.5,0.07266358347249842
1970-10-12,0.5,0.07266358347249842
1970-10-13,0.5,0.07266358347249842
1970-10-14,0.5,0.07266358347249842
1970-10-15,0.5,0.07266358347249842
1970-10-16,0.5,0.07266358347249842
1970-10-17,0.5,0.07266358347249842
1970-10-18,0.68,0.09882247352259786
1970-10-19,0.68,0.09882247352259786
1970-10-20,1.9,0.276121617195494
1970-10-21,3.9,0.5667759510854876
1970-10-22,4.1,0.595841384474487
1970-10-23,7.5,1.0899537520874762
1970-10-24,4.8,0.6975704013359848
1970-10-25,2.8,0.4069160674459911
1970-10-26,2.0,0.2906543338899937
1970-10-27,1.6,0.23252346711199495
1970-10-28,1.4,0.20345803372299556
1970-10-29,1.3,0.1889253170284959
1970-10-30,1.2,0.1743926003339962
1970-10-31,1.2,0.1743926003339962
1970-11-01,1.2,0.1743926003339962
1970-11-02,1.2,0.1743926003339962
1970-11-03,1.4,0.20345803372299556
1970-11-04,5.8,0.8428975682809816
1970-11-05,17.0,2.4705618380649463
1970-11-06,15.0,2.1799075041749525
1970-11-07,14.0,2.0345803372299556
1970-11-08,18.0,2.6158890050099433
1970-11-09,76.0,11.044864687819759
1970-11-10,36.0,5.2317780100198865
1970-11-11,36.0,5.2317780100198865
1970-11-12,46.0,6.685049679469855
1970-11-13,30.0,4.359815008349905
1970-11-14,20.0,2.9065433388999367
1970-11-15,16.0,2.3252346711199494
1970-11-16,14.0,2.0345803372299556
1970-11-17,11.0,1.5985988363949653
1970-11-18,9.7,1.4096735193664691
1970-11-19,8.4,1.2207482023379734
1970-11-20,7.5,1.0899537520874762
1970-11-21,6.7,0.9736920185314788
1970-11-22,6.7,0.9736920185314788
1970-11-23,14.0,2.0345803372299556
1970-11-24,116.0,16.857951365619634
1970-11-25,146.0,21.21776637396954
1970-11-26,100.0,14.532716694499683
1970-11-27,223.0,32.407958228734294
1970-11-28,260.0,37.78506340569918
1970-11-29,158.0,22.9616923773095
1970-11-30,145.0,21.07243920702454
1970-12-01,155.0,22.52571087647451
1970-12-02,176.0,25.577581382319444
1970-12-03,652.0,94.75331284813794
1970-12-04,476.0,69.1757314658185
1970-12-05,263.0,38.22104490653417
1970-12-06,195.0,28.338797554274382
1970-12-07,176.0,25.577581382319444
1970-12-08,178.0,25.868235716209437
1970-12-09,153.0,22.235056542584516
1970-12-10,126.0,18.311223035069602
1970-12-11,102.0,14.823371028389678
1970-12-12,82.0,11.916827689489741
1970-12-13,68.0,9.882247352259785
1970-12-14,57.0,8.28364851586482
1970-12-15,71.0,10.318228853094775
1970-12-16,87.0,12.643463524214726
1970-12-17,80.0,11.626173355599747
1970-12-18,75.0,10.899537520874762
1970-12-19,67.0,9.736920185314789
1970-12-20,65.0,9.446265851424794
1970-12-21,67.0,9.736920185314789
1970-12-22,62.0,9.010284350589805
1970-12-23,57.0,8.28364851586482
1970-12-24,50.0,7.266358347249842
1970-12-25,44.0,6.394395345579861
1970-12-26,39.0,5.667759510854877
1970-12-27,36.0,5.2317780100198865
1970-12-28,102.0,14.823371028389678
1970-12-29,183.0,26.59487155093442
1970-12-30,136.0,19.76449470451957
1970-12-31,111.0,16.13131553089465
1971-01-01,94.0,13.660753692829703
1971-01-02,78.0,11.335519021709754
1971-01-03,67.0,9.736920185314789
1971-01-04,60.0,8.71963001669981
1971-01-05,51.0,7.411685514194839
1971-01-06,46.0,6.685049679469855
1971-01-07,40.0,5.813086677799873
1971-01-08,36.0,5.2317780100198865
1971-01-09,34.0,4.941123676129893
1971-01-10,39.0,5.667759510854877
1971-01-11,46.0,6.685049679469855
1971-01-12,48.0,6.975704013359849
1971-01-13,48.0,6.975704013359849
1971-01-14,69.0,10.027574519204782
1971-01-15,233.0,33.86122989818426
1971-01-16,488.0,70.91965746915845
1971-01-17,389.0,56.53226794160377
1971-01-18,300.0,43.59815008349905
1971-01-19,208.0,30.228050724559342
1971-01-20,146.0,21.21776637396954
1971-01-21,112.0,16.276642697839645
1971-01-22,89.0,12.934117858104718
1971-01-23,71.0,10.318228853094775
1971-01-24,60.0,8.71963001669981
1971-01-25,50.0,7.266358347249842
1971-01-26,43.0,6.249068178634864
1971-01-27,37.0,5.377105176964883
1971-01-28,34.0,4.941123676129893
1971-01-29,30.0,4.359815008349905
1971-01-30,27.0,3.9238335075149147
1971-01-31,25.0,3.633179173624921
1971-02-01,22.0,3.1971976727899305
1971-02-02,20.0,2.9065433388999367
1971-02-03,19.0,2.7612161719549397
1971-02-04,17.0,2.4705618380649463
1971-02-05,16.0,2.3252346711199494
1971-02-06,15.0,2.1799075041749525
1971-02-07,14.0,2.0345803372299556
1971-02-08,13.0,1.8892531702849589
1971-02-09,11.0,1.5985988363949653
1971-02-10,11.0,1.5985988363949653
1971-02-11,10.0,1.4532716694499683
1971-02-12,9.8,1.424206236060969
1971-02-13,9.5,1.3806080859774699
1971-02-14,9.2,1.3370099358939709
1971-02-15,9.2,1.3370099358939709
1971-02-16,8.9,1.293411785810472
1971-02-17,8.6,1.2498136357269727
1971-02-18,8.0,1.1626173355599747
1971-02-19,8.0,1.1626173355599747
1971-02-20,7.8,1.1335519021709752
1971-02-21,7.8,1.1335519021709752
1971-02-22,7.5,1.0899537520874762
1971-02-23,7.3,1.060888318698477
1971-02-24,7.0,1.0172901686149778
1971-02-25,7.0,1.0172901686149778
1971-02-26,6.8,0.9882247352259784
1971-02-27,6.8,0.9882247352259784
1971-02-28,6.8,0.9882247352259784
1971-03-01,6.8,0.9882247352259784
1971-03-02,6.3,0.9155611517534801
1971-03-03,7.5,1.0899537520874762
1971-03-04,7.8,1.1335519021709752
1971-03-05,7.5,1.0899537520874762
1971-03-06,7.0,1.0172901686149778
1971-03-07,7.0,1.0172901686149778
1971-03-08,7.0,1.0172901686149778
1971-03-09,6.9,1.0027574519204783
1971-03-10,8.3,1.206215485643474
1971-03-11,48.0,6.975704013359849
1971-03-12,268.0,38.947680741259155
1971-03-13,200.0,29.065433388999367
1971-03-14,140.0,20.345803372299557
1971-03-15,118.0,17.148605699509627
1971-03-16,101.0,14.678043861444682
1971-03-17,87.0,12.643463524214726
1971-03-18,72.0,10.463556020039773
1971-03-19,61.0,8.864957183644806
1971-03-20,51.0,7.411685514194839
1971-03-21,45.0,6.5397225125248575
1971-03-22,47.0,6.830376846414851
1971-03-23,140.0,20.345803372299557
1971-03-24,129.0,18.747204535904594
1971-03-25,210.0,30.518705058449335
1971-03-26,404.0,58.712175445778726
1971-03-27,258.0,37.49440907180919
1971-03-28,170.0,24.70561838064946
1971-03-29,128.0,18.601877368959595
1971-03-30,99.0,14.387389527554687
1971-03-31,75.0,10.899537520874762
1971-04-01,58.0,8.428975682809817
1971-04-02,48.0,6.975704013359849
1971-04-03,42.0,6.103741011689867
1971-04-04,36.0,5.2317780100198865
1971-04-05,31.0,4.505142175294902
1971-04-06,27.0,3.9238335075149147
1971-04-07,24.0,3.4878520066799243
1971-04-08,21.0,3.0518705058449336
1971-04-09,50.0,7.266358347249842
1971-04-10,64.0,9.300938684479798
1971-04-11,53.0,7.702339848084833
1971-04-12,47.0,6.830376846414851
1971-04-13,44.0,6.394395345579861
1971-04-14,40.0,5.813086677799873
1971-04-15,35.0,5.086450843074889
1971-04-16,35.0,5.086450843074889
1971-04-17,37.0,5.377105176964883
1971-04-18,36.0,5.2317780100198865
1971-04-19,36.0,5.2317780100198865
1971-04-20,35.0,5.086450843074889
1971-04-21,33.0,4.795796509184895
1971-04-22,32.0,4.650469342239899
1971-04-23,31.0,4.505142175294902
1971-04-24,30.0,4.359815008349905
1971-04-25,28.0,4.069160674459911
1971-04-26,27.0,3.9238335075149147
1971-04-27,25.0,3.633179173624921
1971-04-28,23.0,3.3425248397349274
1971-04-29,22.0,3.1971976727899305
1971-04-30,20.0,2.9065433388999367
1971-05-01,19.0,2.7612161719549397
1971-05-02,20.0,2.9065433388999367
1971-05-03,19.0,2.7612161719549397
1971-05-04,18.0,2.6158890050099433
1971-05-05,17.0,2.4705618380649463
1971-05-06,16.0,2.3252346711199494
1971-05-07,15.0,2.1799075041749525
1971-05-08,15.0,2.1799075041749525
1971-05-09,14.0,2.0345803372299556
1971-05-10,13.0,1.8892531702849589
1971-05-11,13.0,1.8892531702849589
1971-05-12,13.0,1.8892531702849589
1971-05-13,12.0,1.7439260033399622
1971-05-14,11.0,1.5985988363949653
1971-05-15,11.0,1.5985988363949653
1971-05-16,11.0,1.5985988363949653
1971-05-17,10.0,1.4532716694499683
1971-05-18,9.8,1.424206236060969
1971-05-19,9.5,1.3806080859774699
1971-05-20,9.2,1.3370099358939709
1971-05-21,8.9,1.293411785810472
1971-05-22,8.9,1.293411785810472
1971-05-23,8.9,1.293411785810472
1971-05-24,8.3,1.206215485643474
1971-05-25,8.0,1.1626173355599747
1971-05-26,8.0,1.1626173355599747
1971-05-27,8.0,1.1626173355599747
1971-05-28,7.8,1.1335519021709752
1971-05-29,7.5,1.0899537520874762
1971-05-30,7.3,1.060888318698477
1971-05-31,7.0,1.0172901686149778
1971-06-01,7.0,1.0172901686149778
1971-06-02,7.0,1.0172901686149778
1971-06-03,6.8,0.9882247352259784
1971-06-04,6.5,0.9446265851424794
1971-06-05,6.5,0.9446265851424794
1971-06-06,6.3,0.9155611517534801
1971-06-07,6.0,0.8719630016699811
1971-06-08,5.8,0.8428975682809816
1971-06-09,5.8,0.8428975682809816
1971-06-10,5.8,0.8428975682809816
1971-06-11,5.8,0.8428975682809816
1971-06-12,5.8,0.8428975682809816
1971-06-13,5.5,0.7992994181974826
1971-06-14,5.5,0.7992994181974826
1971-06-15,5.1,0.7411685514194838
1971-06-16,5.1,0.7411685514194838
1971-06-17,5.0,0.7266358347249842
1971-06-18,4.8,0.6975704013359848
1971-06-19,4.8,0.6975704013359848
1971-06-20,4.8,0.6975704013359848
1971-06-21,4.8,0.6975704013359848
1971-06-22,4.6,0.6685049679469854
1971-06-23,4.6,0.6685049679469854
1971-06-24,4.4,0.6394395345579862
1971-06-25,4.4,0.6394395345579862
1971-06-26,4.6,0.6685049679469854
1971-06-27,4.6,0.6685049679469854
1971-06-28,4.4,0.6394395345579862
1971-06-29,4.4,0.6394395345579862
1971-06-30,4.2,0.6103741011689867
1971-07-01,4.1,0.595841384474487
1971-07-02,3.9,0.5667759510854876
1971-07-03,3.9,0.5667759510854876
1971-07-04,3.9,0.5667759510854876
1971-07-05,3.7,0.5377105176964884
1971-07-06,3.7,0.5377105176964884
1971-07-07,3.6,0.5231778010019886
1971-07-08,3.4,0.4941123676129892
1971-07-09,3.3,0.47957965091848953
1971-07-10,3.3,0.47957965091848953
1971-07-11,3.3,0.47957965091848953
1971-07-12,3.3,0.47957965091848953
1971-07-13,3.3,0.47957965091848953
1971-07-14,3.3,0.47957965091848953
1971-07-15,3.1,0.4505142175294902
1971-07-16,3.0,0.43598150083499054
1971-07-17,2.8,0.4069160674459911
1971-07-18,2.8,0.4069160674459911
1971-07-19,2.8,0.4069160674459911
1971-07-20,2.7,0.3923833507514915
1971-07-21,2.7,0.3923833507514915
1971-07-22,2.5,0.3633179173624921
1971-07-23,2.5,0.3633179173624921
1971-07-24,2.4,0.3487852006679924
1971-07-25,2.4,0.3487852006679924
1971-07-26,2.4,0.3487852006679924
1971-07-27,2.2,0.3197197672789931
1971-07-28,2.2,0.3197197672789931
1971-07-29,2.1,0.30518705058449336
1971-07-30,2.1,0.30518705058449336
1971-07-31,2.1,0.30518705058449336
1971-08-01,1.9,0.276121617195494
1971-08-02,1.9,0.276121617195494
1971-08-03,1.9,0.276121617195494
1971-08-04,1.9,0.276121617195494
1971-08-05,1.9,0.276121617195494
1971-08-06,1.9,0.276121617195494
1971-08-07,1.8,0.2615889005009943
1971-08-08,1.7,0.2470561838064946
1971-08-09,1.7,0.2470561838064946
1971-08-10,1.7,0.2470561838064946
1971-08-11,1.7,0.2470561838064946
1971-08-12,1.6,0.23252346711199495
1971-08-13,1.6,0.23252346711199495
1971-08-14,1.6,0.23252346711199495
1971-08-15,1.6,0.23252346711199495
1971-08-16,1.6,0.23252346711199495
1971-08-17,1.5,0.21799075041749527
1971-08-18,1.5,0.21799075041749527
1971-08-19,1.5,0.21799075041749527
1971-08-20,1.5,0.21799075041749527
1971-08-21,1.5,0.21799075041749527
1971-08-22,1.5,0.21799075041749527
1971-08-23,1.5,0.21799075041749527
1971-08-24,1.5,0.21799075041749527
1971-08-25,1.3,0.1889253170284959
1971-08-26,1.3,0.1889253170284959
1971-08-27,1.2,0.1743926003339962
1971-08-28,1.2,0.1743926003339962
1971-08-29,1.2,0.1743926003339962
1971-08-30,1.7,0.2470561838064946
1971-08-31,2.2,0.3197197672789931
1971-09-01,2.1,0.30518705058449336
1971-09-02,2.1,0.30518705058449336
1971-09-03,1.8,0.2615889005009943
1971-09-04,1.7,0.2470561838064946
1971-09-05,1.6,0.23252346711199495
1971-09-06,1.5,0.21799075041749527
1971-09-07,1.5,0.21799075041749527
1971-09-08,1.5,0.21799075041749527
1971-09-09,1.3,0.1889253170284959
1971-09-10,1.3,0.1889253170284959
1971-09-11,1.3,0.1889253170284959
1971-09-12,1.3,0.1889253170284959
1971-09-13,1.2,0.1743926003339962
1971-09-14,1.2,0.1743926003339962
1971-09-15,1.1,0.15985988363949655
1971-09-16,1.1,0.15985988363949655
1971-09-17,0.96,0.13951408026719697
1971-09-18,0.96,0.13951408026719697
1971-09-19,0.96,0.13951408026719697
1971-09-20,0.96,0.13951408026719697
1971-09-21,0.96,0.13951408026719697
1971-09-22,0.89,0.12934117858104718
1971-09-23,0.89,0.12934117858104718
1971-09-24,0.89,0.12934117858104718
1971-09-25,0.89,0.12934117858104718
1971-09-26,0.96,0.13951408026719697
1971-09-27,0.96,0.13951408026719697
1971-09-28,0.96,0.13951408026719697
1971-09-29,2.8,0.4069160674459911
1971-09-30,2.5,0.3633179173624921
1971-10-01,2.2,0.3197197672789931
1971-10-02,1.7,0.2470561838064946
1971-10-03,1.7,0.2470561838064946
1971-10-04,1.5,0.21799075041749527
1971-10-05,1.5,0.21799075041749527
1971-10-06,1.5,0.21799075041749527
1971-10-07,1.4,0.20345803372299556
1971-10-08,1.4,0.20345803372299556
1971-10-09,1.4,0.20345803372299556
1971-10-10,1.3,0.1889253170284959
1971-10-11,1.3,0.1889253170284959
1971-10-12,1.3,0.1889253170284959
1971-10-13,1.3,0.1889253170284959
1971-10-14,1.3,0.1889253170284959
1971-10-15,1.3,0.1889253170284959
1971-10-16,1.3,0.1889253170284959
1971-10-17,1.3,0.1889253170284959
1971-10-18,1.3,0.1889253170284959
1971-10-19,1.4,0.20345803372299556
1971-10-20,1.7,0.2470561838064946
1971-10-21,1.7,0.2470561838064946
1971-10-22,1.7,0.2470561838064946
1971-10-23,1.8,0.2615889005009943
1971-10-24,1.7,0.2470561838064946
1971-10-25,1.6,0.23252346711199495
1971-10-26,1.5,0.21799075041749527
1971-10-27,1.5,0.21799075041749527
1971-10-28,1.5,0.21799075041749527
1971-10-29,1.5,0.21799075041749527
1971-10-30,1.6,0.23252346711199495
1971-10-31,1.7,0.2470561838064946
1971-11-01,1.7,0.2470561838064946
1971-11-02,1.7,0.2470561838064946
1971-11-03,1.7,0.2470561838064946
1971-11-04,1.7,0.2470561838064946
1971-11-05,1.7,0.2470561838064946
1971-11-06,1.6,0.23252346711199495
1971-11-07,1.6,0.23252346711199495
1971-11-08,1.6,0.23252346711199495
1971-11-09,1.7,0.2470561838064946
1971-11-10,1.8,0.2615889005009943
1971-11-11,2.7,0.3923833507514915
1971-11-12,5.1,0.7411685514194838
1971-11-13,18.0,2.6158890050099433
1971-11-14,7.0,1.0172901686149778
1971-11-15,4.4,0.6394395345579862
1971-11-16,3.6,0.5231778010019886
1971-11-17,3.1,0.4505142175294902
1971-11-18,2.8,0.4069160674459911
1971-11-19,2.5,0.3633179173624921
1971-11-20,2.4,0.3487852006679924
1971-11-21,2.2,0.3197197672789931
1971-11-22,2.2,0.3197197672789931
1971-11-23,2.1,0.30518705058449336
1971-11-24,2.4,0.3487852006679924
1971-11-25,2.5,0.3633179173624921
1971-11-26,17.0,2.4705618380649463
1971-11-27,14.0,2.0345803372299556
1971-11-28,19.0,2.7612161719549397
1971-11-29,26.0,3.7785063405699177
1971-11-30,18.0,2.6158890050099433
1971-12-01,13.0,1.8892531702849589
1971-12-02,16.0,2.3252346711199494
1971-12-03,18.0,2.6158890050099433
1971-12-04,18.0,2.6158890050099433
1971-12-05,19.0,2.7612161719549397
1971-12-06,42.0,6.103741011689867
1971-12-07,26.0,3.7785063405699177
1971-12-08,20.0,2.9065433388999367
1971-12-09,24.0,3.4878520066799243
1971-12-10,23.0,3.3425248397349274
1971-12-11,21.0,3.0518705058449336
1971-12-12,37.0,5.377105176964883
1971-12-13,32.0,4.650469342239899
1971-12-14,27.0,3.9238335075149147
1971-12-15,24.0,3.4878520066799243
1971-12-16,21.0,3.0518705058449336
1971-12-17,19.0,2.7612161719549397
1971-12-18,18.0,2.6158890050099433
1971-12-19,17.0,2.4705618380649463
1971-12-20,16.0,2.3252346711199494
1971-12-21,16.0,2.3252346711199494
1971-12-22,52.0,7.5570126811398355
1971-12-23,58.0,8.428975682809817
1971-12-24,68.0,9.882247352259785
1971-12-25,68.0,9.882247352259785
1971-12-26,49.0,7.121031180304845
1971-12-27,36.0,5.2317780100198865
1971-12-28,29.0,4.2144878414049085
1971-12-29,25.0,3.633179173624921
1971-12-30,22.0,3.1971976727899305
1971-12-31,21.0,3.0518705058449336
1972-01-01,20.0,2.9065433388999367
1972-01-02,20.0,2.9065433388999367
1972-01-03,20.0,2.9065433388999367
1972-01-04,18.0,2.6158890050099433
1972-01-05,18.0,2.6158890050099433
1972-01-06,16.0,2.3252346711199494
1972-01-07,15.0,2.1799075041749525
1972-01-08,14.0,2.0345803372299556
1972-01-09,14.0,2.0345803372299556
1972-01-10,13.0,1.8892531702849589
1972-01-11,12.0,1.7439260033399622
1972-01-12,12.0,1.7439260033399622
1972-01-13,11.0,1.5985988363949653
1972-01-14,11.0,1.5985988363949653
1972-01-15,10.0,1.4532716694499683
1972-01-16,9.8,1.424206236060969
1972-01-17,9.3,1.3515426525884706
1972-01-18,9.0,1.3079445025049716
1972-01-19,10.0,1.4532716694499683
1972-01-20,15.0,2.1799075041749525
1972-01-21,127.0,18.456550202014597
1972-01-22,361.0,52.46310726714386
1972-01-23,430.0,62.49068178634864
1972-01-24,203.0,29.501414889834358
1972-01-25,128.0,18.601877368959595
1972-01-26,85.0,12.35280919032473
1972-01-27,65.0,9.446265851424794
1972-01-28,52.0,7.5570126811398355
1972-01-29,44.0,6.394395345579861
1972-01-30,38.0,5.5224323439098795
1972-01-31,34.0,4.941123676129893
1972-02-01,31.0,4.505142175294902
1972-02-02,28.0,4.069160674459911
1972-02-03,27.0,3.9238335075149147
1972-02-04,31.0,4.505142175294902
1972-02-05,39.0,5.667759510854877
1972-02-06,42.0,6.103741011689867
1972-02-07,41.0,5.958413844744871
1972-02-08,37.0,5.377105176964883
1972-02-09,35.0,5.086450843074889
1972-02-10,31.0,4.505142175294902
1972-02-11,28.0,4.069160674459911
1972-02-12,26.0,3.7785063405699177
1972-02-13,24.0,3.4878520066799243
1972-02-14,23.0,3.3425248397349274
1972-02-15,21.0,3.0518705058449336
1972-02-16,20.0,2.9065433388999367
1972-02-17,18.0,2.6158890050099433
1972-02-18,18.0,2.6158890050099433
1972-02-19,18.0,2.6158890050099433
1972-02-20,20.0,2.9065433388999367
1972-02-21,18.0,2.6158890050099433
1972-02-22,36.0,5.2317780100198865
1972-02-23,93.0,13.515426525884706
1972-02-24,185.0,26.885525884824414
1972-02-25,183.0,26.59487155093442
1972-02-26,265.0,38.511699240424164
1972-02-27,200.0,29.065433388999367
1972-02-28,210.0,30.518705058449335
1972-02-29,248.0,36.04113740235922
1972-03-01,175.0,25.432254215374446
1972-03-02,138.0,20.055149038409564
1972-03-03,153.0,22.235056542584516
1972-03-04,130.0,18.89253170284959
1972-03-05,91.0,13.224772191994711
1972-03-06,68.0,9.882247352259785
1972-03-07,55.0,7.992994181974826
1972-03-08,46.0,6.685049679469855
1972-03-09,41.0,5.958413844744871
1972-03-10,37.0,5.377105176964883
1972-03-11,39.0,5.667759510854877
1972-03-12,34.0,4.941123676129893
1972-03-13,32.0,4.650469342239899
1972-03-14,30.0,4.359815008349905
1972-03-15,28.0,4.069160674459911
1972-03-16,26.0,3.7785063405699177
1972-03-17,24.0,3.4878520066799243
1972-03-18,22.0,3.1971976727899305
1972-03-19,21.0,3.0518705058449336
1972-03-20,20.0,2.9065433388999367
1972-03-21,18.0,2.6158890050099433
1972-03-22,32.0,4.650469342239899
1972-03-23,32.0,4.650469342239899
1972-03-24,36.0,5.2317780100198865
1972-03-25,45.0,6.5397225125248575
1972-03-26,43.0,6.249068178634864
1972-03-27,39.0,5.667759510854877
1972-03-28,34.0,4.941123676129893
1972-03-29,31.0,4.505142175294902
1972-03-30,27.0,3.9238335075149147
1972-03-31,25.0,3.633179173624921
1972-04-01,23.0,3.3425248397349274
1972-04-02,21.0,3.0518705058449336
1972-04-03,20.0,2.9065433388999367
1972-04-04,19.0,2.7612161719549397
1972-04-05,20.0,2.9065433388999367
1972-04-06,21.0,3.0518705058449336
1972-04-07,20.0,2.9065433388999367
1972-04-08,19.0,2.7612161719549397
1972-04-09,18.0,2.6158890050099433
1972-04-10,17.0,2.4705618380649463
1972-04-11,22.0,3.1971976727899305
1972-04-12,49.0,7.121031180304845
1972-04-13,57.0,8.28364851586482
1972-04-14,49.0,7.121031180304845
1972-04-15,41.0,5.958413844744871
1972-04-16,35.0,5.086450843074889
1972-04-17,30.0,4.359815008349905
1972-04-18,27.0,3.9238335075149147
1972-04-19,25.0,3.633179173624921
1972-04-20,23.0,3.3425248397349274
1972-04-21,21.0,3.0518705058449336
1972-04-22,19.0,2.7612161719549397
1972-04-23,18.0,2.6158890050099433
1972-04-24,18.0,2.6158890050099433
1972-04-25,16.0,2.3252346711199494
1972-04-26,15.0,2.1799075041749525
1972-04-27,14.0,2.0345803372299556
1972-04-28,13.0,1.8892531702849589
1972-04-29,12.0,1.7439260033399622
1972-04-30,12.0,1.7439260033399622
1972-05-01,11.0,1.5985988363949653
1972-05-02,10.0,1.4532716694499683
1972-05-03,10.0,1.4532716694499683
1972-05-04,9.4,1.3660753692829704
1972-05-05,9.1,1.3224772191994711
1972-05-06,8.9,1.293411785810472
1972-05-07,9.4,1.3660753692829704
1972-05-08,9.8,1.424206236060969
1972-05-09,9.2,1.3370099358939709
1972-05-10,8.8,1.2788790691159724
1972-05-11,8.4,1.2207482023379734
1972-05-12,8.2,1.191682768948974
1972-05-13,7.9,1.148084618865475
1972-05-14,7.6,1.104486468781976
1972-05-15,7.4,1.0754210353929767
1972-05-16,7.3,1.060888318698477
1972-05-17,7.7,1.1190191854764757
1972-05-18,7.3,1.060888318698477
1972-05-19,6.9,1.0027574519204783
1972-05-20,7.2,1.0463556020039773
1972-05-21,7.2,1.0463556020039773
1972-05-22,7.0,1.0172901686149778
1972-05-23,6.8,0.9882247352259784
1972-05-24,6.6,0.9591593018369791
1972-05-25,6.4,0.9300938684479798
1972-05-26,6.2,0.9010284350589804
1972-05-27,6.1,0.8864957183644807
1972-05-28,6.0,0.8719630016699811
1972-05-29,5.8,0.8428975682809816
1972-05-30,5.7,0.828364851586482
1972-05-31,5.6,0.8138321348919823
1972-06-01,5.5,0.7992994181974826
1972-06-02,5.4,0.784766701502983
1972-06-03,5.2,0.7557012681139836
1972-06-04,5.1,0.7411685514194838
1972-06-05,5.0,0.7266358347249842
1972-06-06,4.9,0.7121031180304845
1972-06-07,4.9,0.7121031180304845
1972-06-08,5.0,0.7266358347249842
1972-06-09,5.8,0.8428975682809816
1972-06-10,5.4,0.784766701502983
1972-06-11,5.2,0.7557012681139836
1972-06-12,5.0,0.7266358347249842
1972-06-13,4.8,0.6975704013359848
1972-06-14,4.6,0.6685049679469854
1972-06-15,4.6,0.6685049679469854
1972-06-16,4.4,0.6394395345579862
1972-06-17,4.4,0.6394395345579862
1972-06-18,4.3,0.6249068178634863
1972-06-19,4.3,0.6249068178634863
1972-06-20,4.1,0.595841384474487
1972-06-21,4.0,0.5813086677799874
1972-06-22,3.8,0.552243234390988
1972-06-23,3.8,0.552243234390988
1972-06-24,3.8,0.552243234390988
1972-06-25,3.8,0.552243234390988
1972-06-26,3.8,0.552243234390988
1972-06-27,3.6,0.5231778010019886
1972-06-28,3.6,0.5231778010019886
1972-06-29,3.6,0.5231778010019886
1972-06-30,3.5,0.5086450843074889
1972-07-01,3.3,0.47957965091848953
1972-07-02,3.2,0.4650469342239899
1972-07-03,3.2,0.4650469342239899
1972-07-04,3.0,0.43598150083499054
1972-07-05,3.0,0.43598150083499054
1972-07-06,2.9,0.4214487841404908
1972-07-07,2.9,0.4214487841404908
1972-07-08,2.9,0.4214487841404908
1972-07-09,2.9,0.4214487841404908
1972-07-10,2.9,0.4214487841404908
1972-07-11,2.7,0.3923833507514915
1972-07-12,2.7,0.3923833507514915
1972-07-13,2.7,0.3923833507514915
1972-07-14,2.6,0.3778506340569918
1972-07-15,2.6,0.3778506340569918
1972-07-16,2.4,0.3487852006679924
1972-07-17,2.2,0.3197197672789931
1972-07-18,2.2,0.3197197672789931
1972-07-19,2.4,0.3487852006679924
1972-07-20,2.3,0.3342524839734927
1972-07-21,2.2,0.3197197672789931
1972-07-22,2.2,0.3197197672789931
1972-07-23,2.2,0.3197197672789931
1972-07-24,2.2,0.3197197672789931
1972-07-25,2.1,0.30518705058449336
1972-07-26,2.0,0.2906543338899937
1972-07-27,1.9,0.276121617195494
1972-07-28,1.9,0.276121617195494
1972-07-29,1.8,0.2615889005009943
1972-07-30,1.8,0.2615889005009943
1972-07-31,1.7,0.2470561838064946
1972-08-01,1.7,0.2470561838064946
1972-08-02,1.6,0.23252346711199495
1972-08-03,1.6,0.23252346711199495
1972-08-04,1.6,0.23252346711199495
1972-08-05,1.5,0.21799075041749527
1972-08-06,1.5,0.21799075041749527
1972-08-07,1.4,0.20345803372299556
1972-08-08,1.4,0.20345803372299556
1972-08-09,1.4,0.20345803372299556
1972-08-10,1.3,0.1889253170284959
1972-08-11,1.2,0.1743926003339962
1972-08-12,1.1,0.15985988363949655
1972-08-13,1.1,0.15985988363949655
1972-08-14,1.1,0.15985988363949655
1972-08-15,1.2,0.1743926003339962
1972-08-16,1.3,0.1889253170284959
1972-08-17,1.5,0.21799075041749527
1972-08-18,1.8,0.2615889005009943
1972-08-19,1.6,0.23252346711199495
1972-08-20,1.4,0.20345803372299556
1972-08-21,1.4,0.20345803372299556
1972-08-22,1.3,0.1889253170284959
1972-08-23,1.2,0.1743926003339962
1972-08-24,1.1,0.15985988363949655
1972-08-25,1.1,0.15985988363949655
1972-08-26,1.1,0.15985988363949655
1972-08-27,1.0,0.14532716694499684
1972-08-28,0.97,0.14096735193664692
1972-08-29,0.94,0.13660753692829702
1972-08-30,0.91,0.13224772191994713
1972-08-31,0.88,0.1278879069115972
1972-09-01,0.88,0.1278879069115972
1972-09-02,0.84,0.12207482023379734
1972-09-03,0.8,0.11626173355599748
1972-09-04,0.83,0.12062154856434737
1972-09-05,0.84,0.12207482023379734
1972-09-06,0.92,0.1337009935893971
1972-09-07,1.0,0.14532716694499684
1972-09-08,0.96,0.13951408026719697
1972-09-09,0.89,0.12934117858104718
1972-09-10,0.82,0.1191682768948974
1972-09-11,0.82,0.1191682768948974
1972-09-12,0.8,0.11626173355599748
1972-09-13,0.84,0.12207482023379734
1972-09-14,0.84,0.12207482023379734
1972-09-15,0.8,0.11626173355599748
1972-09-16,0.8,0.11626173355599748
1972-09-17,0.84,0.12207482023379734
1972-09-18,0.84,0.12207482023379734
1972-09-19,0.84,0.12207482023379734
1972-09-20,0.86,0.12498136357269728
1972-09-21,0.92,0.1337009935893971
1972-09-22,0.96,0.13951408026719697
1972-09-23,0.92,0.1337009935893971
1972-09-24,0.92,0.1337009935893971
1972-09-25,1.0,0.14532716694499684
1972-09-26,4.0,0.5813086677799874
1972-09-27,5.8,0.8428975682809816
1972-09-28,3.5,0.5086450843074889
1972-09-29,2.6,0.3778506340569918
1972-09-30,2.0,0.2906543338899937
1972-10-01,1.8,0.2615889005009943
1972-10-02,1.7,0.2470561838064946
1972-10-03,1.7,0.2470561838064946
1972-10-04,1.6,0.23252346711199495
1972-10-05,1.6,0.23252346711199495
1972-10-06,1.6,0.23252346711199495
1972-10-07,1.6,0.23252346711199495
1972-10-08,1.6,0.23252346711199495
1972-10-09,1.6,0.23252346711199495
1972-10-10,1.6,0.23252346711199495
1972-10-11,3.3,0.47957965091848953
1972-10-12,5.2,0.7557012681139836
1972-10-13,4.2,0.6103741011689867
1972-10-14,3.3,0.47957965091848953
1972-10-15,3.7,0.5377105176964884
1972-10-16,3.4,0.4941123676129892
1972-10-17,3.0,0.43598150083499054
1972-10-18,2.7,0.3923833507514915
1972-10-19,2.6,0.3778506340569918
1972-10-20,2.4,0.3487852006679924
1972-10-21,2.2,0.3197197672789931
1972-10-22,1.8,0.2615889005009943
1972-10-23,1.7,0.2470561838064946
1972-10-24,1.6,0.23252346711199495
1972-10-25,1.6,0.23252346711199495
1972-10-26,1.6,0.23252346711199495
1972-10-27,1.6,0.23252346711199495
1972-10-28,1.6,0.23252346711199495
1972-10-29,1.6,0.23252346711199495
1972-10-30,1.6,0.23252346711199495
1972-10-31,1.6,0.23252346711199495
1972-11-01,1.7,0.2470561838064946
1972-11-02,2.0,0.2906543338899937
1972-11-03,11.0,1.5985988363949653
1972-11-04,34.0,4.941123676129893
1972-11-05,28.0,4.069160674459911
1972-11-06,13.0,1.8892531702849589
1972-11-07,30.0,4.359815008349905
1972-11-08,12.0,1.7439260033399622
1972-11-09,15.0,2.1799075041749525
1972-11-10,22.0,3.1971976727899305
1972-11-11,31.0,4.505142175294902
1972-11-12,18.0,2.6158890050099433
1972-11-13,22.0,3.1971976727899305
1972-11-14,29.0,4.2144878414049085
1972-11-15,26.0,3.7785063405699177
1972-11-16,38.0,5.5224323439098795
1972-11-17,28.0,4.069160674459911
1972-11-18,22.0,3.1971976727899305
1972-11-19,22.0,3.1971976727899305
1972-11-20,19.0,2.7612161719549397
1972-11-21,17.0,2.4705618380649463
1972-11-22,15.0,2.1799075041749525
1972-11-23,14.0,2.0345803372299556
1972-11-24,12.0,1.7439260033399622
1972-11-25,11.0,1.5985988363949653
1972-11-26,10.0,1.4532716694499683
1972-11-27,9.5,1.3806080859774699
1972-11-28,8.8,1.2788790691159724
1972-11-29,8.2,1.191682768948974
1972-11-30,7.7,1.1190191854764757
1972-12-01,7.3,1.060888318698477
1972-12-02,7.1,1.0318228853094775
1972-12-03,9.5,1.3806080859774699
1972-12-04,10.0,1.4532716694499683
1972-12-05,8.9,1.293411785810472
1972-12-06,10.0,1.4532716694499683
1972-12-07,9.8,1.424206236060969
1972-12-08,9.2,1.3370099358939709
1972-12-09,8.7,1.2643463524214724
1972-12-10,8.5,1.2352809190324732
1972-12-11,8.1,1.1771500522544744
1972-12-12,7.8,1.1335519021709752
1972-12-13,7.8,1.1335519021709752
1972-12-14,7.5,1.0899537520874762
1972-12-15,7.6,1.104486468781976
1972-12-16,59.0,8.574302849754813
1972-12-17,301.0,43.74347725044405
1972-12-18,200.0,29.065433388999367
1972-12-19,100.0,14.532716694499683
1972-12-20,70.0,10.172901686149778
1972-12-21,60.0,8.71963001669981
1972-12-22,170.0,24.70561838064946
1972-12-23,110.0,15.985988363949652
1972-12-24,90.0,13.079445025049715
1972-12-25,70.0,10.172901686149778
1972-12-26,60.0,8.71963001669981
1972-12-27,55.0,7.992994181974826
1972-12-28,48.0,6.975704013359849
1972-12-29,41.0,5.958413844744871
1972-12-30,35.0,5.086450843074889
1972-12-31,31.0,4.505142175294902
1973-01-01,28.0,4.069160674459911
1973-01-02,26.0,3.7785063405699177
1973-01-03,24.0,3.4878520066799243
1973-01-04,22.0,3.1971976727899305
1973-01-05,20.0,2.9065433388999367
1973-01-06,19.0,2.7612161719549397
1973-01-07,18.0,2.6158890050099433
1973-01-08,21.0,3.0518705058449336
1973-01-09,77.0,11.190191854764757
1973-01-10,115.0,16.712624198674636
1973-01-11,262.0,38.07571773958917
1973-01-12,362.0,52.608434434088856
1973-01-13,312.0,45.342076086839015
1973-01-14,195.0,28.338797554274382
1973-01-15,140.0,20.345803372299557
1973-01-16,370.0,53.77105176964883
1973-01-17,295.0,42.87151424877407
1973-01-18,243.0,35.31450156763423
1973-01-19,195.0,28.338797554274382
1973-01-20,137.0,19.909821871464565
1973-01-21,110.0,15.985988363949652
1973-01-22,84.0,12.207482023379734
1973-01-23,69.0,10.027574519204782
1973-01-24,62.0,9.010284350589805
1973-01-25,59.0,8.574302849754813
1973-01-26,54.0,7.847667015029829
1973-01-27,51.0,7.411685514194839
1973-01-28,46.0,6.685049679469855
1973-01-29,48.0,6.975704013359849
1973-01-30,47.0,6.830376846414851
1973-01-31,47.0,6.830376846414851
1973-02-01,46.0,6.685049679469855
1973-02-02,43.0,6.249068178634864
1973-02-03,39.0,5.667759510854877
1973-02-04,142.0,20.63645770618955
1973-02-05,236.0,34.297211399019254
1973-02-06,146.0,21.21776637396954
1973-02-07,92.0,13.37009935893971
1973-02-08,68.0,9.882247352259785
1973-02-09,59.0,8.574302849754813
1973-02-10,66.0,9.59159301836979
1973-02-11,67.0,9.736920185314789
1973-02-12,77.0,11.190191854764757
1973-02-13,73.0,10.60888318698477
1973-02-14,73.0,10.60888318698477
1973-02-15,66.0,9.59159301836979
1973-02-16,59.0,8.574302849754813
1973-02-17,52.0,7.5570126811398355
1973-02-18,46.0,6.685049679469855
1973-02-19,40.0,5.813086677799873
1973-02-20,35.0,5.086450843074889
1973-02-21,31.0,4.505142175294902
1973-02-22,28.0,4.069160674459911
1973-02-23,26.0,3.7785063405699177
1973-02-24,39.0,5.667759510854877
1973-02-25,49.0,7.121031180304845
1973-02-26,68.0,9.882247352259785
1973-02-27,77.0,11.190191854764757
1973-02-28,67.0,9.736920185314789
1973-03-01,62.0,9.010284350589805
1973-03-02,55.0,7.992994181974826
1973-03-03,57.0,8.28364851586482
1973-03-04,55.0,7.992994181974826
1973-03-05,52.0,7.5570126811398355
1973-03-06,55.0,7.992994181974826
1973-03-07,53.0,7.702339848084833
1973-03-08,50.0,7.266358347249842
1973-03-09,46.0,6.685049679469855
1973-03-10,44.0,6.394395345579861
1973-03-11,42.0,6.103741011689867
1973-03-12,38.0,5.5224323439098795
1973-03-13,35.0,5.086450843074889
1973-03-14,32.0,4.650469342239899
1973-03-15,30.0,4.359815008349905
1973-03-16,28.0,4.069160674459911
1973-03-17,26.0,3.7785063405699177
1973-03-18,24.0,3.4878520066799243
1973-03-19,25.0,3.633179173624921
1973-03-20,26.0,3.7785063405699177
1973-03-21,29.0,4.2144878414049085
1973-03-22,33.0,4.795796509184895
1973-03-23,34.0,4.941123676129893
1973-03-24,34.0,4.941123676129893
1973-03-25,34.0,4.941123676129893
1973-03-26,34.0,4.941123676129893
1973-03-27,31.0,4.505142175294902
1973-03-28,29.0,4.2144878414049085
1973-03-29,27.0,3.9238335075149147
1973-03-30,40.0,5.813086677799873
1973-03-31,44.0,6.394395345579861
1973-04-01,41.0,5.958413844744871
1973-04-02,37.0,5.377105176964883
1973-04-03,34.0,4.941123676129893
1973-04-04,31.0,4.505142175294902
1973-04-05,28.0,4.069160674459911
1973-04-06,26.0,3.7785063405699177
1973-04-07,24.0,3.4878520066799243
1973-04-08,22.0,3.1971976727899305
1973-04-09,21.0,3.0518705058449336
1973-04-10,19.0,2.7612161719549397
1973-04-11,18.0,2.6158890050099433
1973-04-12,17.0,2.4705618380649463
1973-04-13,18.0,2.6158890050099433
1973-04-14,16.0,2.3252346711199494
1973-04-15,15.0,2.1799075041749525
1973-04-16,15.0,2.1799075041749525
1973-04-17,14.0,2.0345803372299556
1973-04-18,13.0,1.8892531702849589
1973-04-19,13.0,1.8892531702849589
1973-04-20,12.0,1.7439260033399622
1973-04-21,12.0,1.7439260033399622
1973-04-22,12.0,1.7439260033399622
1973-04-23,11.0,1.5985988363949653
1973-04-24,11.0,1.5985988363949653
1973-04-25,11.0,1.5985988363949653
1973-04-26,10.0,1.4532716694499683
1973-04-27,10.0,1.4532716694499683
1973-04-28,9.8,1.424206236060969
1973-04-29,9.6,1.3951408026719696
1973-04-30,9.3,1.3515426525884706
1973-05-01,9.0,1.3079445025049716
1973-05-02,9.0,1.3079445025049716
1973-05-03,8.8,1.2788790691159724
1973-05-04,8.5,1.2352809190324732
1973-05-05,8.5,1.2352809190324732
1973-05-06,8.0,1.1626173355599747
1973-05-07,7.8,1.1335519021709752
1973-05-08,7.8,1.1335519021709752
1973-05-09,7.6,1.104486468781976
1973-05-10,7.3,1.060888318698477
1973-05-11,7.3,1.060888318698477
1973-05-12,7.1,1.0318228853094775
1973-05-13,6.8,0.9882247352259784
1973-05-14,6.6,0.9591593018369791
1973-05-15,6.6,0.9591593018369791
1973-05-16,6.6,0.9591593018369791
1973-05-17,6.4,0.9300938684479798
1973-05-18,6.2,0.9010284350589804
1973-05-19,6.2,0.9010284350589804
1973-05-20,6.0,0.8719630016699811
1973-05-21,5.9,0.8574302849754813
1973-05-22,5.8,0.8428975682809816
1973-05-23,5.6,0.8138321348919823
1973-05-24,5.8,0.8428975682809816
1973-05-25,5.9,0.8574302849754813
1973-05-26,5.6,0.8138321348919823
1973-05-27,5.5,0.7992994181974826
1973-05-28,5.4,0.784766701502983
1973-05-29,5.3,0.7702339848084833
1973-05-30,5.0,0.7266358347249842
1973-05-31,4.9,0.7121031180304845
1973-06-01,4.8,0.6975704013359848
1973-06-02,4.7,0.6830376846414852
1973-06-03,4.6,0.6685049679469854
1973-06-04,4.5,0.6539722512524858
1973-06-05,4.4,0.6394395345579862
1973-06-06,4.3,0.6249068178634863
1973-06-07,4.2,0.6103741011689867
1973-06-08,4.1,0.595841384474487
1973-06-09,4.1,0.595841384474487
1973-06-10,4.0,0.5813086677799874
1973-06-11,3.9,0.5667759510854876
1973-06-12,3.8,0.552243234390988
1973-06-13,3.8,0.552243234390988
1973-06-14,3.8,0.552243234390988
1973-06-15,3.8,0.552243234390988
1973-06-16,3.8,0.552243234390988
1973-06-17,3.8,0.552243234390988
1973-06-18,3.8,0.552243234390988
1973-06-19,3.8,0.552243234390988
1973-06-20,3.6,0.5231778010019886
1973-06-21,3.4,0.4941123676129892
1973-06-22,3.3,0.47957965091848953
1973-06-23,3.2,0.4650469342239899
1973-06-24,3.1,0.4505142175294902
1973-06-25,2.9,0.4214487841404908
1973-06-26,2.6,0.3778506340569918
1973-06-27,2.4,0.3487852006679924
1973-06-28,2.4,0.3487852006679924
1973-06-29,2.4,0.3487852006679924
1973-06-30,2.4,0.3487852006679924
1973-07-01,2.4,0.3487852006679924
1973-07-02,2.4,0.3487852006679924
1973-07-03,2.4,0.3487852006679924
1973-07-04,2.2,0.3197197672789931
1973-07-05,2.2,0.3197197672789931
1973-07-06,2.2,0.3197197672789931
1973-07-07,2.2,0.3197197672789931
1973-07-08,2.2,0.3197197672789931
1973-07-09,2.2,0.3197197672789931
1973-07-10,2.0,0.2906543338899937
1973-07-11,2.0,0.2906543338899937
1973-07-12,2.0,0.2906543338899937
1973-07-13,1.9,0.276121617195494
1973-07-14,1.8,0.2615889005009943
1973-07-15,1.8,0.2615889005009943
1973-07-16,1.8,0.2615889005009943
1973-07-17,1.7,0.2470561838064946
1973-07-18,1.7,0.2470561838064946
1973-07-19,1.7,0.2470561838064946
1973-07-20,1.7,0.2470561838064946
1973-07-21,1.7,0.2470561838064946
1973-07-22,1.7,0.2470561838064946
1973-07-23,1.7,0.2470561838064946
1973-07-24,1.7,0.2470561838064946
1973-07-25,1.4,0.20345803372299556
1973-07-26,1.4,0.20345803372299556
1973-07-27,1.4,0.20345803372299556
1973-07-28,1.4,0.20345803372299556
1973-07-29,1.3,0.1889253170284959
1973-07-30,1.3,0.1889253170284959
1973-07-31,1.3,0.1889253170284959
1973-08-01,1.2,0.1743926003339962
1973-08-02,1.0,0.14532716694499684
1973-08-03,1.0,0.14532716694499684
1973-08-04,1.0,0.14532716694499684
1973-08-05,1.0,0.14532716694499684
1973-08-06,1.0,0.14532716694499684
1973-08-07,1.0,0.14532716694499684
1973-08-08,1.0,0.14532716694499684
1973-08-09,1.0,0.14532716694499684
1973-08-10,1.1,0.15985988363949655
1973-08-11,1.1,0.15985988363949655
1973-08-12,1.0,0.14532716694499684
1973-08-13,0.97,0.14096735193664692
1973-08-14,1.0,0.14532716694499684
1973-08-15,1.0,0.14532716694499684
1973-08-16,0.93,0.13515426525884708
1973-08-17,0.92,0.1337009935893971
1973-08-18,0.92,0.1337009935893971
1973-08-19,0.92,0.1337009935893971
1973-08-20,0.92,0.1337009935893971
1973-08-21,0.92,0.1337009935893971
1973-08-22,0.92,0.1337009935893971
1973-08-23,0.92,0.1337009935893971
1973-08-24,0.92,0.1337009935893971
1973-08-25,0.92,0.1337009935893971
1973-08-26,0.92,0.1337009935893971
1973-08-27,0.92,0.1337009935893971
1973-08-28,0.92,0.1337009935893971
1973-08-29,0.92,0.1337009935893971
1973-08-30,0.92,0.1337009935893971
1973-08-31,0.92,0.1337009935893971
1973-09-01,0.92,0.1337009935893971
1973-09-02,0.92,0.1337009935893971
1973-09-03,0.92,0.1337009935893971
1973-09-04,0.82,0.1191682768948974
1973-09-05,0.81,0.11771500522544745
1973-09-06,0.81,0.11771500522544745
1973-09-07,0.81,0.11771500522544745
1973-09-08,0.81,0.11771500522544745
1973-09-09,0.81,0.11771500522544745
1973-09-10,0.81,0.11771500522544745
1973-09-11,0.81,0.11771500522544745
1973-09-12,0.85,0.1235280919032473
1973-09-13,0.81,0.11771500522544745
1973-09-14,0.81,0.11771500522544745
1973-09-15,0.81,0.11771500522544745
1973-09-16,0.81,0.11771500522544745
1973-09-17,0.81,0.11771500522544745
1973-09-18,0.81,0.11771500522544745
1973-09-19,2.5,0.3633179173624921
1973-09-20,3.1,0.4505142175294902
1973-09-21,2.3,0.3342524839734927
1973-09-22,2.6,0.3778506340569918
1973-09-23,4.4,0.6394395345579862
1973-09-24,3.8,0.552243234390988
1973-09-25,3.1,0.4505142175294902
1973-09-26,2.5,0.3633179173624921
1973-09-27,2.0,0.2906543338899937
1973-09-28,1.8,0.2615889005009943
1973-09-29,1.6,0.23252346711199495
1973-09-30,1.6,0.23252346711199495
1973-10-01,1.6,0.23252346711199495
1973-10-02,1.6,0.23252346711199495
1973-10-03,1.4,0.20345803372299556
1973-10-04,1.4,0.20345803372299556
1973-10-05,1.4,0.20345803372299556
1973-10-06,3.8,0.552243234390988
1973-10-07,7.6,1.104486468781976
1973-10-08,5.2,0.7557012681139836
1973-10-09,4.4,0.6394395345579862
1973-10-10,3.8,0.552243234390988
1973-10-11,3.4,0.4941123676129892
1973-10-12,3.2,0.4650469342239899
1973-10-13,3.2,0.4650469342239899
1973-10-14,3.4,0.4941123676129892
1973-10-15,3.2,0.4650469342239899
1973-10-16,3.2,0.4650469342239899
1973-10-17,3.4,0.4941123676129892
1973-10-18,3.4,0.4941123676129892
1973-10-19,3.4,0.4941123676129892
1973-10-20,3.5,0.5086450843074889
1973-10-21,5.2,0.7557012681139836
1973-10-22,31.0,4.505142175294902
1973-10-23,44.0,6.394395345579861
1973-10-24,24.0,3.4878520066799243
1973-10-25,15.0,2.1799075041749525
1973-10-26,13.0,1.8892531702849589
1973-10-27,11.0,1.5985988363949653
1973-10-28,10.0,1.4532716694499683
1973-10-29,9.4,1.3660753692829704
1973-10-30,8.6,1.2498136357269727
1973-10-31,8.3,1.206215485643474
1973-11-01,8.1,1.1771500522544744
1973-11-02,7.6,1.104486468781976
1973-11-03,7.6,1.104486468781976
1973-11-04,7.8,1.1335519021709752
1973-11-05,75.0,10.899537520874762
1973-11-06,72.0,10.463556020039773
1973-11-07,116.0,16.857951365619634
1973-11-08,150.0,21.799075041749525
1973-11-09,193.0,28.04814322038439
1973-11-10,262.0,38.07571773958917
1973-11-11,393.0,57.113576609383756
1973-11-12,298.0,43.30749574960906
1973-11-13,238.0,34.58786573290925
1973-11-14,233.0,33.86122989818426
1973-11-15,191.0,27.757488886494396
1973-11-16,231.0,33.570575564294266
1973-11-17,200.0,29.065433388999367
1973-11-18,176.0,25.577581382319444
1973-11-19,131.0,19.037858869794587
1973-11-20,114.0,16.56729703172964
1973-11-21,99.0,14.387389527554687
1973-11-22,84.0,12.207482023379734
1973-11-23,71.0,10.318228853094775
1973-11-24,63.0,9.155611517534801
1973-11-25,58.0,8.428975682809817
1973-11-26,53.0,7.702339848084833
1973-11-27,48.0,6.975704013359849
1973-11-28,55.0,7.992994181974826
1973-11-29,105.0,15.259352529224667
1973-11-30,215.0,31.24534089317432
1973-12-01,260.0,37.78506340569918
1973-12-02,193.0,28.04814322038439
1973-12-03,140.0,20.345803372299557
1973-12-04,111.0,16.13131553089465
1973-12-05,91.0,13.224772191994711
1973-12-06,82.0,11.916827689489741
1973-12-07,81.0,11.771500522544743
1973-12-08,80.0,11.626173355599747
1973-12-09,74.0,10.754210353929766
1973-12-10,66.0,9.59159301836979
1973-12-11,63.0,9.155611517534801
1973-12-12,59.0,8.574302849754813
1973-12-13,91.0,13.224772191994711
1973-12-14,102.0,14.823371028389678
1973-12-15,94.0,13.660753692829703
1973-12-16,84.0,12.207482023379734
1973-12-17,94.0,13.660753692829703
1973-12-18,91.0,13.224772191994711
1973-12-19,84.0,12.207482023379734
1973-12-20,81.0,11.771500522544743
1973-12-21,137.0,19.909821871464565
1973-12-22,144.0,20.927112040079546
1973-12-23,121.0,17.584587200344618
1973-12-24,102.0,14.823371028389678
1973-12-25,86.0,12.498136357269727
1973-12-26,81.0,11.771500522544743
1973-12-27,86.0,12.498136357269727
1973-12-28,91.0,13.224772191994711
1973-12-29,156.0,22.671038043419507
1973-12-30,146.0,21.21776637396954
1973-12-31,118.0,17.148605699509627
1974-01-01,94.0,13.660753692829703
1974-01-02,80.0,11.626173355599747
1974-01-03,72.0,10.463556020039773
1974-01-04,63.0,9.155611517534801
1974-01-05,57.0,8.28364851586482
1974-01-06,53.0,7.702339848084833
1974-01-07,48.0,6.975704013359849
1974-01-08,45.0,6.5397225125248575
1974-01-09,41.0,5.958413844744871
1974-01-10,39.0,5.667759510854877
1974-01-11,37.0,5.377105176964883
1974-01-12,49.0,7.121031180304845
1974-01-13,105.0,15.259352529224667
1974-01-14,213.0,30.954686559284326
1974-01-15,531.0,77.16872564779332
1974-01-16,1470.0,213.63093540914537
1974-01-17,539.0,78.3313429833533
1974-01-18,282.0,40.98226107848911
1974-01-19,245.0,35.60515590152423
1974-01-20,178.0,25.868235716209437
1974-01-21,123.0,17.87524153423461
1974-01-22,89.0,12.934117858104718
1974-01-23,71.0,10.318228853094775
1974-01-24,60.0,8.71963001669981
1974-01-25,52.0,7.5570126811398355
1974-01-26,47.0,6.830376846414851
1974-01-27,43.0,6.249068178634864
1974-01-28,39.0,5.667759510854877
1974-01-29,36.0,5.2317780100198865
1974-01-30,33.0,4.795796509184895
1974-01-31,41.0,5.958413844744871
1974-02-01,46.0,6.685049679469855
1974-02-02,44.0,6.394395345579861
1974-02-03,41.0,5.958413844744871
1974-02-04,38.0,5.5224323439098795
1974-02-05,36.0,5.2317780100198865
1974-02-06,34.0,4.941123676129893
1974-02-07,31.0,4.505142175294902
1974-02-08,29.0,4.2144878414049085
1974-02-09,27.0,3.9238335075149147
1974-02-10,26.0,3.7785063405699177
1974-02-11,24.0,3.4878520066799243
1974-02-12,25.0,3.633179173624921
1974-02-13,23.0,3.3425248397349274
1974-02-14,21.0,3.0518705058449336
1974-02-15,20.0,2.9065433388999367
1974-02-16,25.0,3.633179173624921
1974-02-17,22.0,3.1971976727899305
1974-02-18,49.0,7.121031180304845
1974-02-19,150.0,21.799075041749525
1974-02-20,105.0,15.259352529224667
1974-02-21,87.0,12.643463524214726
1974-02-22,73.0,10.60888318698477
1974-02-23,63.0,9.155611517534801
1974-02-24,58.0,8.428975682809817
1974-02-25,51.0,7.411685514194839
1974-02-26,52.0,7.5570126811398355
1974-02-27,48.0,6.975704013359849
1974-02-28,193.0,28.04814322038439
1974-03-01,238.0,34.58786573290925
1974-03-02,176.0,25.577581382319444
1974-03-03,131.0,19.037858869794587
1974-03-04,91.0,13.224772191994711
1974-03-05,74.0,10.754210353929766
1974-03-06,61.0,8.864957183644806
1974-03-07,55.0,7.992994181974826
1974-03-08,53.0,7.702339848084833
1974-03-09,49.0,7.121031180304845
1974-03-10,41.0,5.958413844744871
1974-03-11,75.0,10.899537520874762
1974-03-12,89.0,12.934117858104718
1974-03-13,86.0,12.498136357269727
1974-03-14,81.0,11.771500522544743
1974-03-15,71.0,10.318228853094775
1974-03-16,63.0,9.155611517534801
1974-03-17,56.0,8.138321348919822
1974-03-18,51.0,7.411685514194839
1974-03-19,46.0,6.685049679469855
1974-03-20,41.0,5.958413844744871
1974-03-21,38.0,5.5224323439098795
1974-03-22,35.0,5.086450843074889
1974-03-23,33.0,4.795796509184895
1974-03-24,31.0,4.505142175294902
1974-03-25,32.0,4.650469342239899
1974-03-26,29.0,4.2144878414049085
1974-03-27,52.0,7.5570126811398355
1974-03-28,81.0,11.771500522544743
1974-03-29,891.0,129.48650574799217
1974-03-30,838.0,121.78416589990735
1974-03-31,238.0,34.58786573290925
1974-04-01,381.0,55.3696506060438
1974-04-02,220.0,31.971976727899303
1974-04-03,137.0,19.909821871464565
1974-04-04,96.0,13.951408026719697
1974-04-05,73.0,10.60888318698477
1974-04-06,58.0,8.428975682809817
1974-04-07,48.0,6.975704013359849
1974-04-08,42.0,6.103741011689867
1974-04-09,40.0,5.813086677799873
1974-04-10,38.0,5.5224323439098795
1974-04-11,35.0,5.086450843074889
1974-04-12,34.0,4.941123676129893
1974-04-13,31.0,4.505142175294902
1974-04-14,29.0,4.2144878414049085
1974-04-15,27.0,3.9238335075149147
1974-04-16,26.0,3.7785063405699177
1974-04-17,24.0,3.4878520066799243
1974-04-18,23.0,3.3425248397349274
1974-04-19,22.0,3.1971976727899305
1974-04-20,21.0,3.0518705058449336
1974-04-21,20.0,2.9065433388999367
1974-04-22,19.0,2.7612161719549397
1974-04-23,18.0,2.6158890050099433
1974-04-24,18.0,2.6158890050099433
1974-04-25,18.0,2.6158890050099433
1974-04-26,18.0,2.6158890050099433
1974-04-27,16.0,2.3252346711199494
1974-04-28,15.0,2.1799075041749525
1974-04-29,15.0,2.1799075041749525
1974-04-30,14.0,2.0345803372299556
1974-05-01,14.0,2.0345803372299556
1974-05-02,13.0,1.8892531702849589
1974-05-03,13.0,1.8892531702849589
1974-05-04,12.0,1.7439260033399622
1974-05-05,12.0,1.7439260033399622
1974-05-06,12.0,1.7439260033399622
1974-05-07,11.0,1.5985988363949653
1974-05-08,11.0,1.5985988363949653
1974-05-09,11.0,1.5985988363949653
1974-05-10,10.0,1.4532716694499683
1974-05-11,10.0,1.4532716694499683
1974-05-12,9.8,1.424206236060969
1974-05-13,9.5,1.3806080859774699
1974-05-14,9.3,1.3515426525884706
1974-05-15,9.0,1.3079445025049716
1974-05-16,8.7,1.2643463524214724
1974-05-17,8.7,1.2643463524214724
1974-05-18,8.5,1.2352809190324732
1974-05-19,8.2,1.191682768948974
1974-05-20,8.0,1.1626173355599747
1974-05-21,7.7,1.1190191854764757
1974-05-22,7.3,1.060888318698477
1974-05-23,7.0,1.0172901686149778
1974-05-24,6.8,0.9882247352259784
1974-05-25,6.6,0.9591593018369791
1974-05-26,6.6,0.9591593018369791
1974-05-27,6.6,0.9591593018369791
1974-05-28,6.3,0.9155611517534801
1974-05-29,6.1,0.8864957183644807
1974-05-30,6.1,0.8864957183644807
1974-05-31,5.9,0.8574302849754813
1974-06-01,5.9,0.8574302849754813
1974-06-02,5.6,0.8138321348919823
1974-06-03,5.4,0.784766701502983
1974-06-04,5.2,0.7557012681139836
1974-06-05,5.2,0.7557012681139836
1974-06-06,5.0,0.7266358347249842
1974-06-07,5.0,0.7266358347249842
1974-06-08,4.8,0.6975704013359848
1974-06-09,4.8,0.6975704013359848
1974-06-10,4.6,0.6685049679469854
1974-06-11,4.4,0.6394395345579862
1974-06-12,4.2,0.6103741011689867
1974-06-13,4.0,0.5813086677799874
1974-06-14,4.0,0.5813086677799874
1974-06-15,4.0,0.5813086677799874
1974-06-16,4.0,0.5813086677799874
1974-06-17,4.0,0.5813086677799874
1974-06-18,3.8,0.552243234390988
1974-06-19,3.8,0.552243234390988
1974-06-20,3.8,0.552243234390988
1974-06-21,3.8,0.552243234390988
1974-06-22,3.6,0.5231778010019886
1974-06-23,3.5,0.5086450843074889
1974-06-24,3.5,0.5086450843074889
1974-06-25,3.3,0.47957965091848953
1974-06-26,3.1,0.4505142175294902
1974-06-27,3.1,0.4505142175294902
1974-06-28,3.1,0.4505142175294902
1974-06-29,2.9,0.4214487841404908
1974-06-30,2.8,0.4069160674459911
1974-07-01,2.8,0.4069160674459911
1974-07-02,2.6,0.3778506340569918
1974-07-03,2.6,0.3778506340569918
1974-07-04,2.6,0.3778506340569918
1974-07-05,2.5,0.3633179173624921
1974-07-06,2.5,0.3633179173624921
1974-07-07,2.5,0.3633179173624921
1974-07-08,4.8,0.6975704013359848
1974-07-09,4.6,0.6685049679469854
1974-07-10,3.3,0.47957965091848953
1974-07-11,2.9,0.4214487841404908
1974-07-12,2.8,0.4069160674459911
1974-07-13,2.6,0.3778506340569918
1974-07-14,2.5,0.3633179173624921
1974-07-15,2.5,0.3633179173624921
1974-07-16,2.3,0.3342524839734927
1974-07-17,2.3,0.3342524839734927
1974-07-18,2.3,0.3342524839734927
1974-07-19,2.2,0.3197197672789931
1974-07-20,2.2,0.3197197672789931
1974-07-21,2.0,0.2906543338899937
1974-07-22,1.9,0.276121617195494
1974-07-23,1.9,0.276121617195494
1974-07-24,1.9,0.276121617195494
1974-07-25,1.8,0.2615889005009943
1974-07-26,1.8,0.2615889005009943
1974-07-27,1.6,0.23252346711199495
1974-07-28,1.6,0.23252346711199495
1974-07-29,1.6,0.23252346711199495
1974-07-30,2.0,0.2906543338899937
1974-07-31,2.0,0.2906543338899937
1974-08-01,2.0,0.2906543338899937
1974-08-02,2.0,0.2906543338899937
1974-08-03,1.9,0.276121617195494
1974-08-04,1.9,0.276121617195494
1974-08-05,2.2,0.3197197672789931
1974-08-06,2.2,0.3197197672789931
1974-08-07,2.0,0.2906543338899937
1974-08-08,1.9,0.276121617195494
1974-08-09,1.9,0.276121617195494
1974-08-10,1.8,0.2615889005009943
1974-08-11,1.8,0.2615889005009943
1974-08-12,1.8,0.2615889005009943
1974-08-13,1.8,0.2615889005009943
1974-08-14,1.6,0.23252346711199495
1974-08-15,1.6,0.23252346711199495
1974-08-16,1.6,0.23252346711199495
1974-08-17,1.5,0.21799075041749527
1974-08-18,1.5,0.21799075041749527
1974-08-19,1.5,0.21799075041749527
1974-08-20,1.5,0.21799075041749527
1974-08-21,1.4,0.20345803372299556
1974-08-22,1.4,0.20345803372299556
1974-08-23,1.4,0.20345803372299556
1974-08-24,1.4,0.20345803372299556
1974-08-25,1.4,0.20345803372299556
1974-08-26,1.2,0.1743926003339962
1974-08-27,1.2,0.1743926003339962
1974-08-28,1.2,0.1743926003339962
1974-08-29,1.2,0.1743926003339962
1974-08-30,1.2,0.1743926003339962
1974-08-31,1.2,0.1743926003339962
1974-09-01,1.2,0.1743926003339962
1974-09-02,1.2,0.1743926003339962
1974-09-03,1.1,0.15985988363949655
1974-09-04,1.1,0.15985988363949655
1974-09-05,1.1,0.15985988363949655
1974-09-06,1.1,0.15985988363949655
1974-09-07,0.94,0.13660753692829702
1974-09-08,0.94,0.13660753692829702
1974-09-09,0.94,0.13660753692829702
1974-09-10,0.94,0.13660753692829702
1974-09-11,0.94,0.13660753692829702
1974-09-12,0.94,0.13660753692829702
1974-09-13,0.94,0.13660753692829702
1974-09-14,0.94,0.13660753692829702
1974-09-15,0.94,0.13660753692829702
1974-09-16,0.8,0.11626173355599748
1974-09-17,0.8,0.11626173355599748
1974-09-18,0.8,0.11626173355599748
1974-09-19,0.8,0.11626173355599748
1974-09-20,0.67,0.09736920185314789
1974-09-21,0.67,0.09736920185314789
1974-09-22,0.67,0.09736920185314789
1974-09-23,0.67,0.09736920185314789
1974-09-24,0.67,0.09736920185314789
1974-09-25,0.8,0.11626173355599748
1974-09-26,0.8,0.11626173355599748
1974-09-27,0.8,0.11626173355599748
1974-09-28,0.8,0.11626173355599748
1974-09-29,0.8,0.11626173355599748
1974-09-30,0.8,0.11626173355599748
1974-10-01,0.8,0.11626173355599748
1974-10-02,0.8,0.11626173355599748
1974-10-03,0.8,0.11626173355599748
1974-10-04,0.8,0.11626173355599748
1974-10-05,0.8,0.11626173355599748
1974-10-06,0.8,0.11626173355599748
1974-10-07,0.8,0.11626173355599748
1974-10-08,0.68,0.09882247352259786
1974-10-09,0.67,0.09736920185314789
1974-10-10,0.67,0.09736920185314789
1974-10-11,0.67,0.09736920185314789
1974-10-12,0.67,0.09736920185314789
1974-10-13,0.67,0.09736920185314789
1974-10-14,0.67,0.09736920185314789
1974-10-15,0.67,0.09736920185314789
1974-10-16,0.67,0.09736920185314789
1974-10-17,0.67,0.09736920185314789
1974-10-18,0.67,0.09736920185314789
1974-10-19,0.67,0.09736920185314789
1974-10-20,0.67,0.09736920185314789
1974-10-21,0.67,0.09736920185314789
1974-10-22,0.67,0.09736920185314789
1974-10-23,0.67,0.09736920185314789
1974-10-24,0.67,0.09736920185314789
1974-10-25,0.67,0.09736920185314789
1974-10-26,0.67,0.09736920185314789
1974-10-27,1.0,0.14532716694499684
1974-10-28,5.0,0.7266358347249842
1974-10-29,4.0,0.5813086677799874
1974-10-30,2.3,0.3342524839734927
1974-10-31,1.8,0.2615889005009943
1974-11-01,1.5,0.21799075041749527
1974-11-02,1.3,0.1889253170284959
1974-11-03,1.1,0.15985988363949655
1974-11-04,1.0,0.14532716694499684
1974-11-05,0.91,0.13224772191994713
1974-11-06,0.88,0.1278879069115972
1974-11-07,1.3,0.1889253170284959
1974-11-08,2.3,0.3342524839734927
1974-11-09,2.0,0.2906543338899937
1974-11-10,1.7,0.2470561838064946
1974-11-11,1.5,0.21799075041749527
1974-11-12,1.4,0.20345803372299556
1974-11-13,1.4,0.20345803372299556
1974-11-14,1.2,0.1743926003339962
1974-11-15,1.2,0.1743926003339962
1974-11-16,1.2,0.1743926003339962
1974-11-17,1.5,0.21799075041749527
1974-11-18,2.8,0.4069160674459911
1974-11-19,2.3,0.3342524839734927
1974-11-20,2.0,0.2906543338899937
1974-11-21,9.7,1.4096735193664691
1974-11-22,8.7,1.2643463524214724
1974-11-23,4.6,0.6685049679469854
1974-11-24,3.8,0.552243234390988
1974-11-25,6.1,0.8864957183644807
1974-11-26,5.2,0.7557012681139836
1974-11-27,4.2,0.6103741011689867
1974-11-28,3.5,0.5086450843074889
1974-11-29,2.9,0.4214487841404908
1974-11-30,2.6,0.3778506340569918
1974-12-01,2.3,0.3342524839734927
1974-12-02,10.0,1.4532716694499683
1974-12-03,22.0,3.1971976727899305
1974-12-04,31.0,4.505142175294902
1974-12-05,16.0,2.3252346711199494
1974-12-06,11.0,1.5985988363949653
1974-12-07,8.2,1.191682768948974
1974-12-08,6.8,0.9882247352259784
1974-12-09,5.6,0.8138321348919823
1974-12-10,5.0,0.7266358347249842
1974-12-11,4.8,0.6975704013359848
1974-12-12,7.3,1.060888318698477
1974-12-13,8.7,1.2643463524214724
1974-12-14,11.0,1.5985988363949653
1974-12-15,13.0,1.8892531702849589
1974-12-16,11.0,1.5985988363949653
1974-12-17,9.3,1.3515426525884706
1974-12-18,8.0,1.1626173355599747
1974-12-19,7.0,1.0172901686149778
1974-12-20,6.3,0.9155611517534801
1974-12-21,7.0,1.0172901686149778
1974-12-22,6.6,0.9591593018369791
1974-12-23,5.9,0.8574302849754813
1974-12-24,5.4,0.784766701502983
1974-12-25,5.2,0.7557012681139836
1974-12-26,5.0,0.7266358347249842
1974-12-27,58.0,8.428975682809817
1974-12-28,54.0,7.847667015029829
1974-12-29,35.0,5.086450843074889
1974-12-30,27.0,3.9238335075149147
1974-12-31,22.0,3.1971976727899305
1975-01-01,18.0,2.6158890050099433
1975-01-02,15.0,2.1799075041749525
1975-01-03,13.0,1.8892531702849589
1975-01-04,20.0,2.9065433388999367
1975-01-05,30.0,4.359815008349905
1975-01-06,111.0,16.13131553089465
1975-01-07,107.0,15.550006863114662
1975-01-08,177.0,25.72290854926444
1975-01-09,99.0,14.387389527554687
1975-01-10,68.0,9.882247352259785
1975-01-11,52.0,7.5570126811398355
1975-01-12,42.0,6.103741011689867
1975-01-13,37.0,5.377105176964883
1975-01-14,33.0,4.795796509184895
1975-01-15,29.0,4.2144878414049085
1975-01-16,26.0,3.7785063405699177
1975-01-17,24.0,3.4878520066799243
1975-01-18,22.0,3.1971976727899305
1975-01-19,21.0,3.0518705058449336
1975-01-20,19.0,2.7612161719549397
1975-01-21,17.0,2.4705618380649463
1975-01-22,16.0,2.3252346711199494
1975-01-23,15.0,2.1799075041749525
1975-01-24,14.0,2.0345803372299556
1975-01-25,14.0,2.0345803372299556
1975-01-26,13.0,1.8892531702849589
1975-01-27,13.0,1.8892531702849589
1975-01-28,12.0,1.7439260033399622
1975-01-29,12.0,1.7439260033399622
1975-01-30,11.0,1.5985988363949653
1975-01-31,13.0,1.8892531702849589
1975-02-01,22.0,3.1971976727899305
1975-02-02,40.0,5.813086677799873
1975-02-03,34.0,4.941123676129893
1975-02-04,55.0,7.992994181974826
1975-02-05,51.0,7.411685514194839
1975-02-06,71.0,10.318228853094775
1975-02-07,155.0,22.52571087647451
1975-02-08,138.0,20.055149038409564
1975-02-09,189.0,27.466834552604404
1975-02-10,172.0,24.996272714539455
1975-02-11,128.0,18.601877368959595
1975-02-12,357.0,51.88179859936387
1975-02-13,544.0,79.05797881807828
1975-02-14,186.0,27.030853051769412
1975-02-15,124.0,18.02056870117961
1975-02-16,92.0,13.37009935893971
1975-02-17,73.0,10.60888318698477
1975-02-18,63.0,9.155611517534801
1975-02-19,144.0,20.927112040079546
1975-02-20,152.0,22.089729375639518
1975-02-21,107.0,15.550006863114662
1975-02-22,80.0,11.626173355599747
1975-02-23,63.0,9.155611517534801
1975-02-24,54.0,7.847667015029829
1975-02-25,46.0,6.685049679469855
1975-02-26,42.0,6.103741011689867
1975-02-27,40.0,5.813086677799873
1975-02-28,37.0,5.377105176964883
1975-03-01,35.0,5.086450843074889
1975-03-02,44.0,6.394395345579861
1975-03-03,42.0,6.103741011689867
1975-03-04,39.0,5.667759510854877
1975-03-05,37.0,5.377105176964883
1975-03-06,34.0,4.941123676129893
1975-03-07,42.0,6.103741011689867
1975-03-08,110.0,15.985988363949652
1975-03-09,95.0,13.8060808597747
1975-03-10,83.0,12.062154856434738
1975-03-11,72.0,10.463556020039773
1975-03-12,62.0,9.010284350589805
1975-03-13,56.0,8.138321348919822
1975-03-14,52.0,7.5570126811398355
1975-03-15,53.0,7.702339848084833
1975-03-16,55.0,7.992994181974826
1975-03-17,163.0,23.688328212034484
1975-03-18,634.0,92.13742384312799
1975-03-19,290.0,42.14487841404908
1975-03-20,161.0,23.39767387814449
1975-03-21,157.0,22.816365210364502
1975-03-22,161.0,23.39767387814449
1975-03-23,135.0,19.619167537574572
1975-03-24,184.0,26.74019871787942
1975-03-25,341.0,49.556563928243925
1975-03-26,172.0,24.996272714539455
1975-03-27,121.0,17.584587200344618
1975-03-28,87.0,12.643463524214726
1975-03-29,68.0,9.882247352259785
1975-03-30,58.0,8.428975682809817
1975-03-31,51.0,7.411685514194839
1975-04-01,44.0,6.394395345579861
1975-04-02,41.0,5.958413844744871
1975-04-03,38.0,5.5224323439098795
1975-04-04,36.0,5.2317780100198865
1975-04-05,34.0,4.941123676129893
1975-04-06,33.0,4.795796509184895
1975-04-07,32.0,4.650469342239899
1975-04-08,31.0,4.505142175294902
1975-04-09,29.0,4.2144878414049085
1975-04-10,29.0,4.2144878414049085
1975-04-11,29.0,4.2144878414049085
1975-04-12,28.0,4.069160674459911
1975-04-13,27.0,3.9238335075149147
1975-04-14,26.0,3.7785063405699177
1975-04-15,26.0,3.7785063405699177
1975-04-16,25.0,3.633179173624921
1975-04-17,23.0,3.3425248397349274
1975-04-18,22.0,3.1971976727899305
1975-04-19,21.0,3.0518705058449336
1975-04-20,20.0,2.9065433388999367
1975-04-21,19.0,2.7612161719549397
1975-04-22,18.0,2.6158890050099433
1975-04-23,18.0,2.6158890050099433
1975-04-24,54.0,7.847667015029829
1975-04-25,62.0,9.010284350589805
1975-04-26,54.0,7.847667015029829
1975-04-27,47.0,6.830376846414851
1975-04-28,42.0,6.103741011689867
1975-04-29,37.0,5.377105176964883
1975-04-30,34.0,4.941123676129893
1975-05-01,31.0,4.505142175294902
1975-05-02,28.0,4.069160674459911
1975-05-03,28.0,4.069160674459911
1975-05-04,25.0,3.633179173624921
1975-05-05,24.0,3.4878520066799243
1975-05-06,22.0,3.1971976727899305
1975-05-07,21.0,3.0518705058449336
1975-05-08,19.0,2.7612161719549397
1975-05-09,18.0,2.6158890050099433
1975-05-10,18.0,2.6158890050099433
1975-05-11,17.0,2.4705618380649463
1975-05-12,16.0,2.3252346711199494
1975-05-13,15.0,2.1799075041749525
1975-05-14,14.0,2.0345803372299556
1975-05-15,14.0,2.0345803372299556
1975-05-16,13.0,1.8892531702849589
1975-05-17,13.0,1.8892531702849589
1975-05-18,12.0,1.7439260033399622
1975-05-19,11.0,1.5985988363949653
1975-05-20,11.0,1.5985988363949653
1975-05-21,11.0,1.5985988363949653
1975-05-22,10.0,1.4532716694499683
1975-05-23,9.9,1.4387389527554688
1975-05-24,9.3,1.3515426525884706
1975-05-25,9.0,1.3079445025049716
1975-05-26,8.4,1.2207482023379734
1975-05-27,7.8,1.1335519021709752
1975-05-28,7.5,1.0899537520874762
1975-05-29,7.2,1.0463556020039773
1975-05-30,7.2,1.0463556020039773
1975-05-31,7.2,1.0463556020039773
1975-06-01,7.0,1.0172901686149778
1975-06-02,6.7,0.9736920185314788
1975-06-03,6.5,0.9446265851424794
1975-06-04,6.5,0.9446265851424794
1975-06-05,6.2,0.9010284350589804
1975-06-06,5.9,0.8574302849754813
1975-06-07,5.7,0.828364851586482
1975-06-08,5.5,0.7992994181974826
1975-06-09,5.5,0.7992994181974826
1975-06-10,5.2,0.7557012681139836
1975-06-11,5.2,0.7557012681139836
1975-06-12,5.0,0.7266358347249842
1975-06-13,4.8,0.6975704013359848
1975-06-14,4.4,0.6394395345579862
1975-06-15,4.4,0.6394395345579862
1975-06-16,4.2,0.6103741011689867
1975-06-17,4.2,0.6103741011689867
1975-06-18,4.2,0.6103741011689867
1975-06-19,4.2,0.6103741011689867
1975-06-20,4.0,0.5813086677799874
1975-06-21,4.0,0.5813086677799874
1975-06-22,3.8,0.552243234390988
1975-06-23,3.8,0.552243234390988
1975-06-24,3.8,0.552243234390988
1975-06-25,3.8,0.552243234390988
1975-06-26,3.8,0.552243234390988
1975-06-27,3.7,0.5377105176964884
1975-06-28,3.5,0.5086450843074889
1975-06-29,3.3,0.47957965091848953
1975-06-30,3.3,0.47957965091848953
1975-07-01,3.3,0.47957965091848953
1975-07-02,3.3,0.47957965091848953
1975-07-03,3.2,0.4650469342239899
1975-07-04,3.2,0.4650469342239899
1975-07-05,3.0,0.43598150083499054
1975-07-06,3.0,0.43598150083499054
1975-07-07,2.8,0.4069160674459911
1975-07-08,2.8,0.4069160674459911
1975-07-09,2.7,0.3923833507514915
1975-07-10,2.6,0.3778506340569918
1975-07-11,2.6,0.3778506340569918
1975-07-12,2.4,0.3487852006679924
1975-07-13,2.3,0.3342524839734927
1975-07-14,2.3,0.3342524839734927
1975-07-15,2.3,0.3342524839734927
1975-07-16,2.3,0.3342524839734927
1975-07-17,2.3,0.3342524839734927
1975-07-18,2.3,0.3342524839734927
1975-07-19,2.3,0.3342524839734927
1975-07-20,2.3,0.3342524839734927
1975-07-21,2.1,0.30518705058449336
1975-07-22,2.1,0.30518705058449336
1975-07-23,2.0,0.2906543338899937
1975-07-24,1.9,0.276121617195494
1975-07-25,1.8,0.2615889005009943
1975-07-26,1.8,0.2615889005009943
1975-07-27,1.8,0.2615889005009943
1975-07-28,1.6,0.23252346711199495
1975-07-29,1.6,0.23252346711199495
1975-07-30,1.6,0.23252346711199495
1975-07-31,1.6,0.23252346711199495
1975-08-01,1.6,0.23252346711199495
1975-08-02,1.5,0.21799075041749527
1975-08-03,1.5,0.21799075041749527
1975-08-04,1.4,0.20345803372299556
1975-08-05,1.4,0.20345803372299556
1975-08-06,1.4,0.20345803372299556
1975-08-07,1.4,0.20345803372299556
1975-08-08,1.3,0.1889253170284959
1975-08-09,1.3,0.1889253170284959
1975-08-10,1.3,0.1889253170284959
1975-08-11,1.3,0.1889253170284959
1975-08-12,1.2,0.1743926003339962
1975-08-13,1.2,0.1743926003339962
1975-08-14,1.2,0.1743926003339962
1975-08-15,1.2,0.1743926003339962
1975-08-16,1.2,0.1743926003339962
1975-08-17,1.2,0.1743926003339962
1975-08-18,1.3,0.1889253170284959
1975-08-19,1.3,0.1889253170284959
1975-08-20,1.3,0.1889253170284959
1975-08-21,1.3,0.1889253170284959
1975-08-22,1.3,0.1889253170284959
1975-08-23,1.2,0.1743926003339962
1975-08-24,1.2,0.1743926003339962
1975-08-25,1.2,0.1743926003339962
1975-08-26,1.1,0.15985988363949655
1975-08-27,1.1,0.15985988363949655
1975-08-28,1.1,0.15985988363949655
1975-08-29,1.1,0.15985988363949655
1975-08-30,1.1,0.15985988363949655
1975-08-31,1.1,0.15985988363949655
1975-09-01,1.1,0.15985988363949655
1975-09-02,1.1,0.15985988363949655
1975-09-03,1.1,0.15985988363949655
1975-09-04,1.1,0.15985988363949655
1975-09-05,1.1,0.15985988363949655
1975-09-06,1.1,0.15985988363949655
1975-09-07,1.0,0.14532716694499684
1975-09-08,1.0,0.14532716694499684
1975-09-09,1.0,0.14532716694499684
1975-09-10,1.0,0.14532716694499684
1975-09-11,1.0,0.14532716694499684
1975-09-12,1.0,0.14532716694499684
1975-09-13,1.0,0.14532716694499684
1975-09-14,1.0,0.14532716694499684
1975-09-15,1.0,0.14532716694499684
1975-09-16,1.0,0.14532716694499684
1975-09-17,1.0,0.14532716694499684
1975-09-18,0.96,0.13951408026719697
1975-09-19,0.88,0.1278879069115972
1975-09-20,0.88,0.1278879069115972
1975-09-21,0.88,0.1278879069115972
1975-09-22,0.88,0.1278879069115972
1975-09-23,0.88,0.1278879069115972
1975-09-24,0.88,0.1278879069115972
1975-09-25,0.88,0.1278879069115972
1975-09-26,0.88,0.1278879069115972
1975-09-27,0.88,0.1278879069115972
1975-09-28,0.88,0.1278879069115972
1975-09-29,0.88,0.1278879069115972
1975-09-30,0.88,0.1278879069115972
1975-10-01,0.88,0.1278879069115972
1975-10-02,0.88,0.1278879069115972
1975-10-03,0.88,0.1278879069115972
1975-10-04,0.88,0.1278879069115972
1975-10-05,0.88,0.1278879069115972
1975-10-06,0.88,0.1278879069115972
1975-10-07,0.88,0.1278879069115972
1975-10-08,0.88,0.1278879069115972
1975-10-09,1.8,0.2615889005009943
1975-10-10,3.0,0.43598150083499054
1975-10-11,3.4,0.4941123676129892
1975-10-12,2.6,0.3778506340569918
1975-10-13,1.9,0.276121617195494
1975-10-14,1.6,0.23252346711199495
1975-10-15,1.4,0.20345803372299556
1975-10-16,1.4,0.20345803372299556
1975-10-17,1.3,0.1889253170284959
1975-10-18,1.3,0.1889253170284959
1975-10-19,1.3,0.1889253170284959
1975-10-20,1.3,0.1889253170284959
1975-10-21,1.3,0.1889253170284959
1975-10-22,1.3,0.1889253170284959
1975-10-23,1.3,0.1889253170284959
1975-10-24,1.3,0.1889253170284959
1975-10-25,9.3,1.3515426525884706
1975-10-26,27.0,3.9238335075149147
1975-10-27,8.7,1.2643463524214724
1975-10-28,5.8,0.8428975682809816
1975-10-29,5.4,0.784766701502983
1975-10-30,23.0,3.3425248397349274
1975-10-31,12.0,1.7439260033399622
1975-11-01,7.8,1.1335519021709752
1975-11-02,6.0,0.8719630016699811
1975-11-03,4.9,0.7121031180304845
1975-11-04,4.2,0.6103741011689867
1975-11-05,3.9,0.5667759510854876
1975-11-06,3.8,0.552243234390988
1975-11-07,8.4,1.2207482023379734
1975-11-08,8.2,1.191682768948974
1975-11-09,6.8,0.9882247352259784
1975-11-10,19.0,2.7612161719549397
1975-11-11,15.0,2.1799075041749525
1975-11-12,11.0,1.5985988363949653
1975-11-13,9.1,1.3224772191994711
1975-11-14,7.6,1.104486468781976
1975-11-15,41.0,5.958413844744871
1975-11-16,36.0,5.2317780100198865
1975-11-17,25.0,3.633179173624921
1975-11-18,19.0,2.7612161719549397
1975-11-19,15.0,2.1799075041749525
1975-11-20,15.0,2.1799075041749525
1975-11-21,13.0,1.8892531702849589
1975-11-22,11.0,1.5985988363949653
1975-11-23,10.0,1.4532716694499683
1975-11-24,8.8,1.2788790691159724
1975-11-25,7.8,1.1335519021709752
1975-11-26,7.3,1.060888318698477
1975-11-27,7.2,1.0463556020039773
1975-11-28,6.6,0.9591593018369791
1975-11-29,6.2,0.9010284350589804
1975-11-30,6.0,0.8719630016699811
1975-12-01,7.5,1.0899537520874762
1975-12-02,7.1,1.0318228853094775
1975-12-03,6.8,0.9882247352259784
1975-12-04,26.0,3.7785063405699177
1975-12-05,77.0,11.190191854764757
1975-12-06,68.0,9.882247352259785
1975-12-07,46.0,6.685049679469855
1975-12-08,35.0,5.086450843074889
1975-12-09,28.0,4.069160674459911
1975-12-10,24.0,3.4878520066799243
1975-12-11,21.0,3.0518705058449336
1975-12-12,21.0,3.0518705058449336
1975-12-13,18.0,2.6158890050099433
1975-12-14,16.0,2.3252346711199494
1975-12-15,14.0,2.0345803372299556
1975-12-16,13.0,1.8892531702849589
1975-12-17,12.0,1.7439260033399622
1975-12-18,12.0,1.7439260033399622
1975-12-19,11.0,1.5985988363949653
1975-12-20,10.0,1.4532716694499683
1975-12-21,11.0,1.5985988363949653
1975-12-22,16.0,2.3252346711199494
1975-12-23,13.0,1.8892531702849589
1975-12-24,12.0,1.7439260033399622
1975-12-25,12.0,1.7439260033399622
1975-12-26,11.0,1.5985988363949653
1975-12-27,11.0,1.5985988363949653
1975-12-28,10.0,1.4532716694499683
1975-12-29,9.7,1.4096735193664691
1975-12-30,9.0,1.3079445025049716
1975-12-31,8.5,1.2352809190324732
1976-01-01,8.4,1.2207482023379734
1976-01-02,8.0,1.1626173355599747
1976-01-03,7.6,1.104486468781976
1976-01-04,7.2,1.0463556020039773
1976-01-05,7.1,1.0318228853094775
1976-01-06,6.9,1.0027574519204783
1976-01-07,6.5,0.9446265851424794
1976-01-08,12.0,1.7439260033399622
1976-01-09,22.0,3.1971976727899305
1976-01-10,18.0,2.6158890050099433
1976-01-11,17.0,2.4705618380649463
1976-01-12,16.0,2.3252346711199494
1976-01-13,15.0,2.1799075041749525
1976-01-14,14.0,2.0345803372299556
1976-01-15,13.0,1.8892531702849589
1976-01-16,12.0,1.7439260033399622
1976-01-17,12.0,1.7439260033399622
1976-01-18,11.0,1.5985988363949653
1976-01-19,10.0,1.4532716694499683
1976-01-20,9.5,1.3806080859774699
1976-01-21,8.9,1.293411785810472
1976-01-22,8.5,1.2352809190324732
1976-01-23,8.0,1.1626173355599747
1976-01-24,7.6,1.104486468781976
1976-01-25,7.1,1.0318228853094775
1976-01-26,6.7,0.9736920185314788
1976-01-27,6.5,0.9446265851424794
1976-01-28,6.1,0.8864957183644807
1976-01-29,6.2,0.9010284350589804
1976-01-30,5.9,0.8574302849754813
1976-01-31,5.5,0.7992994181974826
1976-02-01,5.5,0.7992994181974826
1976-02-02,5.2,0.7557012681139836
1976-02-03,5.0,0.7266358347249842
1976-02-04,5.0,0.7266358347249842
1976-02-05,5.0,0.7266358347249842
1976-02-06,4.6,0.6685049679469854
1976-02-07,4.4,0.6394395345579862
1976-02-08,4.4,0.6394395345579862
1976-02-09,4.2,0.6103741011689867
1976-02-10,4.0,0.5813086677799874
1976-02-11,3.8,0.552243234390988
1976-02-12,3.8,0.552243234390988
1976-02-13,4.8,0.6975704013359848
1976-02-14,7.8,1.1335519021709752
1976-02-15,12.0,1.7439260033399622
1976-02-16,24.0,3.4878520066799243
1976-02-17,25.0,3.633179173624921
1976-02-18,25.0,3.633179173624921
1976-02-19,29.0,4.2144878414049085
1976-02-20,29.0,4.2144878414049085
1976-02-21,27.0,3.9238335075149147
1976-02-22,24.0,3.4878520066799243
1976-02-23,19.0,2.7612161719549397
1976-02-24,16.0,2.3252346711199494
1976-02-25,72.0,10.463556020039773
1976-02-26,278.0,40.400952410709124
1976-02-27,190.0,27.6121617195494
1976-02-28,156.0,22.671038043419507
1976-02-29,165.0,23.978982545924477
1976-03-01,147.0,21.363093540914534
1976-03-02,106.0,15.404679696169666
1976-03-03,77.0,11.190191854764757
1976-03-04,61.0,8.864957183644806
1976-03-05,52.0,7.5570126811398355
1976-03-06,45.0,6.5397225125248575
1976-03-07,41.0,5.958413844744871
1976-03-08,38.0,5.5224323439098795
1976-03-09,35.0,5.086450843074889
1976-03-10,32.0,4.650469342239899
1976-03-11,30.0,4.359815008349905
1976-03-12,27.0,3.9238335075149147
1976-03-13,25.0,3.633179173624921
1976-03-14,23.0,3.3425248397349274
1976-03-15,22.0,3.1971976727899305
1976-03-16,20.0,2.9065433388999367
1976-03-17,18.0,2.6158890050099433
1976-03-18,18.0,2.6158890050099433
1976-03-19,18.0,2.6158890050099433
1976-03-20,16.0,2.3252346711199494
1976-03-21,15.0,2.1799075041749525
1976-03-22,15.0,2.1799075041749525
1976-03-23,15.0,2.1799075041749525
1976-03-24,17.0,2.4705618380649463
1976-03-25,15.0,2.1799075041749525
1976-03-26,14.0,2.0345803372299556
1976-03-27,14.0,2.0345803372299556
1976-03-28,14.0,2.0345803372299556
1976-03-29,13.0,1.8892531702849589
1976-03-30,12.0,1.7439260033399622
1976-03-31,13.0,1.8892531702849589
1976-04-01,12.0,1.7439260033399622
1976-04-02,11.0,1.5985988363949653
1976-04-03,11.0,1.5985988363949653
1976-04-04,10.0,1.4532716694499683
1976-04-05,10.0,1.4532716694499683
1976-04-06,11.0,1.5985988363949653
1976-04-07,16.0,2.3252346711199494
1976-04-08,25.0,3.633179173624921
1976-04-09,26.0,3.7785063405699177
1976-04-10,34.0,4.941123676129893
1976-04-11,41.0,5.958413844744871
1976-04-12,41.0,5.958413844744871
1976-04-13,38.0,5.5224323439098795
1976-04-14,36.0,5.2317780100198865
1976-04-15,33.0,4.795796509184895
1976-04-16,30.0,4.359815008349905
1976-04-17,27.0,3.9238335075149147
1976-04-18,26.0,3.7785063405699177
1976-04-19,24.0,3.4878520066799243
1976-04-20,22.0,3.1971976727899305
1976-04-21,20.0,2.9065433388999367
1976-04-22,19.0,2.7612161719549397
1976-04-23,18.0,2.6158890050099433
1976-04-24,16.0,2.3252346711199494
1976-04-25,15.0,2.1799075041749525
1976-04-26,14.0,2.0345803372299556
1976-04-27,13.0,1.8892531702849589
1976-04-28,13.0,1.8892531702849589
1976-04-29,12.0,1.7439260033399622
1976-04-30,11.0,1.5985988363949653
1976-05-01,11.0,1.5985988363949653
1976-05-02,10.0,1.4532716694499683
1976-05-03,9.8,1.424206236060969
1976-05-04,9.3,1.3515426525884706
1976-05-05,8.9,1.293411785810472
1976-05-06,8.6,1.2498136357269727
1976-05-07,8.5,1.2352809190324732
1976-05-08,8.0,1.1626173355599747
1976-05-09,7.8,1.1335519021709752
1976-05-10,7.5,1.0899537520874762
1976-05-11,7.3,1.060888318698477
1976-05-12,7.2,1.0463556020039773
1976-05-13,7.0,1.0172901686149778
1976-05-14,6.9,1.0027574519204783
1976-05-15,6.6,0.9591593018369791
1976-05-16,6.4,0.9300938684479798
1976-05-17,6.4,0.9300938684479798
1976-05-18,6.2,0.9010284350589804
1976-05-19,6.0,0.8719630016699811
1976-05-20,5.7,0.828364851586482
1976-05-21,5.6,0.8138321348919823
1976-05-22,5.6,0.8138321348919823
1976-05-23,5.4,0.784766701502983
1976-05-24,5.2,0.7557012681139836
1976-05-25,5.1,0.7411685514194838
1976-05-26,5.0,0.7266358347249842
1976-05-27,5.0,0.7266358347249842
1976-05-28,4.8,0.6975704013359848
1976-05-29,4.7,0.6830376846414852
1976-05-30,4.6,0.6685049679469854
1976-05-31,4.6,0.6685049679469854
1976-06-01,4.6,0.6685049679469854
1976-06-02,4.5,0.6539722512524858
1976-06-03,4.4,0.6394395345579862
1976-06-04,4.4,0.6394395345579862
1976-06-05,4.3,0.6249068178634863
1976-06-06,4.2,0.6103741011689867
1976-06-07,4.2,0.6103741011689867
1976-06-08,4.2,0.6103741011689867
1976-06-09,4.2,0.6103741011689867
1976-06-10,4.2,0.6103741011689867
1976-06-11,4.2,0.6103741011689867
1976-06-12,4.1,0.595841384474487
1976-06-13,4.0,0.5813086677799874
1976-06-14,3.8,0.552243234390988
1976-06-15,3.6,0.5231778010019886
1976-06-16,3.5,0.5086450843074889
1976-06-17,3.4,0.4941123676129892
1976-06-18,3.3,0.47957965091848953
1976-06-19,3.2,0.4650469342239899
1976-06-20,3.2,0.4650469342239899
1976-06-21,3.2,0.4650469342239899
1976-06-22,3.1,0.4505142175294902
1976-06-23,3.0,0.43598150083499054
1976-06-24,2.7,0.3923833507514915
1976-06-25,2.6,0.3778506340569918
1976-06-26,2.5,0.3633179173624921
1976-06-27,2.4,0.3487852006679924
1976-06-28,2.4,0.3487852006679924
1976-06-29,2.4,0.3487852006679924
1976-06-30,2.3,0.3342524839734927
1976-07-01,2.3,0.3342524839734927
1976-07-02,2.3,0.3342524839734927
1976-07-03,2.3,0.3342524839734927
1976-07-04,2.3,0.3342524839734927
1976-07-05,2.3,0.3342524839734927
1976-07-06,2.2,0.3197197672789931
1976-07-07,2.1,0.30518705058449336
1976-07-08,2.1,0.30518705058449336
1976-07-09,2.1,0.30518705058449336
1976-07-10,2.1,0.30518705058449336
1976-07-11,2.0,0.2906543338899937
1976-07-12,2.0,0.2906543338899937
1976-07-13,2.0,0.2906543338899937
1976-07-14,1.9,0.276121617195494
1976-07-15,1.8,0.2615889005009943
1976-07-16,1.8,0.2615889005009943
1976-07-17,1.9,0.276121617195494
1976-07-18,1.9,0.276121617195494
1976-07-19,1.9,0.276121617195494
1976-07-20,1.8,0.2615889005009943
1976-07-21,1.8,0.2615889005009943
1976-07-22,1.6,0.23252346711199495
1976-07-23,1.6,0.23252346711199495
1976-07-24,1.6,0.23252346711199495
1976-07-25,1.6,0.23252346711199495
1976-07-26,1.5,0.21799075041749527
1976-07-27,1.4,0.20345803372299556
1976-07-28,1.4,0.20345803372299556
1976-07-29,1.4,0.20345803372299556
1976-07-30,1.4,0.20345803372299556
1976-07-31,1.4,0.20345803372299556
1976-08-01,1.4,0.20345803372299556
1976-08-02,1.5,0.21799075041749527
1976-08-03,1.5,0.21799075041749527
1976-08-04,1.5,0.21799075041749527
1976-08-05,1.5,0.21799075041749527
1976-08-06,1.5,0.21799075041749527
1976-08-07,1.5,0.21799075041749527
1976-08-08,1.5,0.21799075041749527
1976-08-09,1.5,0.21799075041749527
1976-08-10,1.5,0.21799075041749527
1976-08-11,1.4,0.20345803372299556
1976-08-12,1.4,0.20345803372299556
1976-08-13,1.4,0.20345803372299556
1976-08-14,1.9,0.276121617195494
1976-08-15,2.5,0.3633179173624921
1976-08-16,2.4,0.3487852006679924
1976-08-17,2.5,0.3633179173624921
1976-08-18,3.5,0.5086450843074889
1976-08-19,3.0,0.43598150083499054
1976-08-20,2.3,0.3342524839734927
1976-08-21,1.9,0.276121617195494
1976-08-22,1.8,0.2615889005009943
1976-08-23,1.6,0.23252346711199495
1976-08-24,1.6,0.23252346711199495
1976-08-25,1.6,0.23252346711199495
1976-08-26,1.5,0.21799075041749527
1976-08-27,1.5,0.21799075041749527
1976-08-28,1.4,0.20345803372299556
1976-08-29,1.4,0.20345803372299556
1976-08-30,1.3,0.1889253170284959
1976-08-31,1.3,0.1889253170284959
1976-09-01,1.2,0.1743926003339962
1976-09-02,1.2,0.1743926003339962
1976-09-03,1.2,0.1743926003339962
1976-09-04,1.2,0.1743926003339962
1976-09-05,1.1,0.15985988363949655
1976-09-06,1.1,0.15985988363949655
1976-09-07,1.1,0.15985988363949655
1976-09-08,1.1,0.15985988363949655
1976-09-09,1.0,0.14532716694499684
1976-09-10,1.0,0.14532716694499684
1976-09-11,1.0,0.14532716694499684
1976-09-12,1.0,0.14532716694499684
1976-09-13,1.0,0.14532716694499684
1976-09-14,1.0,0.14532716694499684
1976-09-15,1.0,0.14532716694499684
1976-09-16,1.0,0.14532716694499684
1976-09-17,1.0,0.14532716694499684
1976-09-18,1.0,0.14532716694499684
1976-09-19,1.0,0.14532716694499684
1976-09-20,1.0,0.14532716694499684
1976-09-21,1.0,0.14532716694499684
1976-09-22,1.0,0.14532716694499684
1976-09-23,1.0,0.14532716694499684
1976-09-24,0.96,0.13951408026719697
1976-09-25,0.96,0.13951408026719697
1976-09-26,0.96,0.13951408026719697
1976-09-27,0.96,0.13951408026719697
1976-09-28,0.96,0.13951408026719697
1976-09-29,0.96,0.13951408026719697
1976-09-30,0.96,0.13951408026719697
1976-10-01,1.0,0.14532716694499684
1976-10-02,1.1,0.15985988363949655
1976-10-03,1.1,0.15985988363949655
1976-10-04,1.2,0.1743926003339962
1976-10-05,1.2,0.1743926003339962
1976-10-06,1.2,0.1743926003339962
1976-10-07,1.1,0.15985988363949655
1976-10-08,1.1,0.15985988363949655
1976-10-09,1.0,0.14532716694499684
1976-10-10,1.0,0.14532716694499684
1976-10-11,1.0,0.14532716694499684
1976-10-12,1.0,0.14532716694499684
1976-10-13,0.96,0.13951408026719697
1976-10-14,0.96,0.13951408026719697
1976-10-15,0.96,0.13951408026719697
1976-10-16,0.96,0.13951408026719697
1976-10-17,0.88,0.1278879069115972
1976-10-18,0.88,0.1278879069115972
1976-10-19,0.88,0.1278879069115972
1976-10-20,0.88,0.1278879069115972
1976-10-21,0.88,0.1278879069115972
1976-10-22,0.88,0.1278879069115972
1976-10-23,0.88,0.1278879069115972
1976-10-24,0.8,0.11626173355599748
1976-10-25,0.96,0.13951408026719697
1976-10-26,0.96,0.13951408026719697
1976-10-27,0.88,0.1278879069115972
1976-10-28,0.88,0.1278879069115972
1976-10-29,0.88,0.1278879069115972
1976-10-30,0.88,0.1278879069115972
1976-10-31,0.88,0.1278879069115972
1976-11-01,0.88,0.1278879069115972
1976-11-02,0.96,0.13951408026719697
1976-11-03,1.0,0.14532716694499684
1976-11-04,0.96,0.13951408026719697
1976-11-05,0.96,0.13951408026719697
1976-11-06,0.96,0.13951408026719697
1976-11-07,0.96,0.13951408026719697
1976-11-08,0.89,0.12934117858104718
1976-11-09,0.88,0.1278879069115972
1976-11-10,0.88,0.1278879069115972
1976-11-11,2.0,0.2906543338899937
1976-11-12,1.5,0.21799075041749527
1976-11-13,1.5,0.21799075041749527
1976-11-14,3.9,0.5667759510854876
1976-11-15,3.7,0.5377105176964884
1976-11-16,2.3,0.3342524839734927
1976-11-17,1.7,0.2470561838064946
1976-11-18,1.5,0.21799075041749527
1976-11-19,1.3,0.1889253170284959
1976-11-20,1.2,0.1743926003339962
1976-11-21,1.2,0.1743926003339962
1976-11-22,1.1,0.15985988363949655
1976-11-23,1.1,0.15985988363949655
1976-11-24,1.1,0.15985988363949655
1976-11-25,1.1,0.15985988363949655
1976-11-26,1.1,0.15985988363949655
1976-11-27,1.0,0.14532716694499684
1976-11-28,1.0,0.14532716694499684
1976-11-29,1.0,0.14532716694499684
1976-11-30,1.0,0.14532716694499684
1976-12-01,1.0,0.14532716694499684
1976-12-02,1.0,0.14532716694499684
1976-12-03,1.0,0.14532716694499684
1976-12-04,1.0,0.14532716694499684
1976-12-05,1.0,0.14532716694499684
1976-12-06,1.0,0.14532716694499684
1976-12-07,1.0,0.14532716694499684
1976-12-08,1.0,0.14532716694499684
1976-12-09,1.0,0.14532716694499684
1976-12-10,1.0,0.14532716694499684
1976-12-11,1.0,0.14532716694499684
1976-12-12,1.0,0.14532716694499684
1976-12-13,1.0,0.14532716694499684
1976-12-14,1.0,0.14532716694499684
1976-12-15,1.0,0.14532716694499684
1976-12-16,1.0,0.14532716694499684
1976-12-17,1.0,0.14532716694499684
1976-12-18,1.0,0.14532716694499684
1976-12-19,1.0,0.14532716694499684
1976-12-20,1.0,0.14532716694499684
1976-12-21,1.0,0.14532716694499684
1976-12-22,0.96,0.13951408026719697
1976-12-23,0.88,0.1278879069115972
1976-12-24,0.88,0.1278879069115972
1976-12-25,0.88,0.1278879069115972
1976-12-26,0.88,0.1278879069115972
1976-12-27,0.88,0.1278879069115972
1976-12-28,0.88,0.1278879069115972
1976-12-29,1.1,0.15985988363949655
1976-12-30,2.2,0.3197197672789931
1976-12-31,1.6,0.23252346711199495
1977-01-01,1.4,0.20345803372299556
1977-01-02,5.9,0.8574302849754813
1977-01-03,7.5,1.0899537520874762
1977-01-04,5.1,0.7411685514194838
1977-01-05,3.3,0.47957965091848953
1977-01-06,2.6,0.3778506340569918
1977-01-07,2.2,0.3197197672789931
1977-01-08,2.1,0.30518705058449336
1977-01-09,1.8,0.2615889005009943
1977-01-10,1.8,0.2615889005009943
1977-01-11,1.9,0.276121617195494
1977-01-12,2.9,0.4214487841404908
1977-01-13,2.9,0.4214487841404908
1977-01-14,2.7,0.3923833507514915
1977-01-15,2.4,0.3487852006679924
1977-01-16,2.2,0.3197197672789931
1977-01-17,2.1,0.30518705058449336
1977-01-18,1.9,0.276121617195494
1977-01-19,1.8,0.2615889005009943
1977-01-20,1.7,0.2470561838064946
1977-01-21,1.7,0.2470561838064946
1977-01-22,1.6,0.23252346711199495
1977-01-23,1.6,0.23252346711199495
1977-01-24,1.6,0.23252346711199495
1977-01-25,1.5,0.21799075041749527
1977-01-26,1.5,0.21799075041749527
1977-01-27,1.3,0.1889253170284959
1977-01-28,1.2,0.1743926003339962
1977-01-29,1.2,0.1743926003339962
1977-01-30,1.2,0.1743926003339962
1977-01-31,1.2,0.1743926003339962
1977-02-01,1.2,0.1743926003339962
1977-02-02,1.2,0.1743926003339962
1977-02-03,1.2,0.1743926003339962
1977-02-04,1.2,0.1743926003339962
1977-02-05,1.2,0.1743926003339962
1977-02-06,1.2,0.1743926003339962
1977-02-07,1.2,0.1743926003339962
1977-02-08,3.2,0.4650469342239899
1977-02-09,4.5,0.6539722512524858
1977-02-10,3.5,0.5086450843074889
1977-02-11,2.7,0.3923833507514915
1977-02-12,2.3,0.3342524839734927
1977-02-13,2.2,0.3197197672789931
1977-02-14,2.1,0.30518705058449336
1977-02-15,1.8,0.2615889005009943
1977-02-16,1.8,0.2615889005009943
1977-02-17,1.6,0.23252346711199495
1977-02-18,1.6,0.23252346711199495
1977-02-19,1.6,0.23252346711199495
1977-02-20,2.1,0.30518705058449336
1977-02-21,10.0,1.4532716694499683
1977-02-22,8.1,1.1771500522544744
1977-02-23,7.8,1.1335519021709752
1977-02-24,8.4,1.2207482023379734
1977-02-25,6.7,0.9736920185314788
1977-02-26,5.3,0.7702339848084833
1977-02-27,4.7,0.6830376846414852
1977-02-28,4.7,0.6830376846414852
1977-03-01,4.9,0.7121031180304845
1977-03-02,4.3,0.6249068178634863
1977-03-03,4.3,0.6249068178634863
1977-03-04,4.1,0.595841384474487
1977-03-05,3.8,0.552243234390988
1977-03-06,3.5,0.5086450843074889
1977-03-07,3.3,0.47957965091848953
1977-03-08,3.5,0.5086450843074889
1977-03-09,18.0,2.6158890050099433
1977-03-10,13.0,1.8892531702849589
1977-03-11,9.0,1.3079445025049716
1977-03-12,8.1,1.1771500522544744
1977-03-13,7.5,1.0899537520874762
1977-03-14,7.0,1.0172901686149778
1977-03-15,8.7,1.2643463524214724
1977-03-16,9.9,1.4387389527554688
1977-03-17,9.3,1.3515426525884706
1977-03-18,8.4,1.2207482023379734
1977-03-19,8.1,1.1771500522544744
1977-03-20,7.8,1.1335519021709752
1977-03-21,8.1,1.1771500522544744
1977-03-22,8.1,1.1771500522544744
1977-03-23,8.1,1.1771500522544744
1977-03-24,9.0,1.3079445025049716
1977-03-25,9.3,1.3515426525884706
1977-03-26,9.0,1.3079445025049716
1977-03-27,8.4,1.2207482023379734
1977-03-28,8.1,1.1771500522544744
1977-03-29,7.3,1.060888318698477
1977-03-30,6.7,0.9736920185314788
1977-03-31,6.0,0.8719630016699811
1977-04-01,5.5,0.7992994181974826
1977-04-02,5.3,0.7702339848084833
1977-04-03,4.9,0.7121031180304845
1977-04-04,4.5,0.6539722512524858
1977-04-05,4.1,0.595841384474487
1977-04-06,4.0,0.5813086677799874
1977-04-07,3.8,0.552243234390988
1977-04-08,4.1,0.595841384474487
1977-04-09,3.8,0.552243234390988
1977-04-10,3.5,0.5086450843074889
1977-04-11,3.3,0.47957965091848953
1977-04-12,3.2,0.4650469342239899
1977-04-13,2.9,0.4214487841404908
1977-04-14,2.7,0.3923833507514915
1977-04-15,2.7,0.3923833507514915
1977-04-16,2.4,0.3487852006679924
1977-04-17,2.4,0.3487852006679924
1977-04-18,2.3,0.3342524839734927
1977-04-19,2.2,0.3197197672789931
1977-04-20,2.2,0.3197197672789931
1977-04-21,2.2,0.3197197672789931
1977-04-22,2.2,0.3197197672789931
1977-04-23,2.1,0.30518705058449336
1977-04-24,2.1,0.30518705058449336
1977-04-25,2.1,0.30518705058449336
1977-04-26,2.1,0.30518705058449336
1977-04-27,2.1,0.30518705058449336
1977-04-28,1.9,0.276121617195494
1977-04-29,1.9,0.276121617195494
1977-04-30,1.9,0.276121617195494
1977-05-01,2.2,0.3197197672789931
1977-05-02,2.4,0.3487852006679924
1977-05-03,2.7,0.3923833507514915
1977-05-04,2.9,0.4214487841404908
1977-05-05,2.6,0.3778506340569918
1977-05-06,2.3,0.3342524839734927
1977-05-07,2.2,0.3197197672789931
1977-05-08,2.2,0.3197197672789931
1977-05-09,2.2,0.3197197672789931
1977-05-10,2.2,0.3197197672789931
1977-05-11,2.2,0.3197197672789931
1977-05-12,2.2,0.3197197672789931
1977-05-13,2.1,0.30518705058449336
1977-05-14,1.9,0.276121617195494
1977-05-15,1.9,0.276121617195494
1977-05-16,1.9,0.276121617195494
1977-05-17,1.8,0.2615889005009943
1977-05-18,1.9,0.276121617195494
1977-05-19,2.1,0.30518705058449336
1977-05-20,1.9,0.276121617195494
1977-05-21,1.8,0.2615889005009943
1977-05-22,1.8,0.2615889005009943
1977-05-23,1.8,0.2615889005009943
1977-05-24,1.7,0.2470561838064946
1977-05-25,1.7,0.2470561838064946
1977-05-26,2.2,0.3197197672789931
1977-05-27,2.3,0.3342524839734927
1977-05-28,2.3,0.3342524839734927
1977-05-29,2.3,0.3342524839734927
1977-05-30,2.2,0.3197197672789931
1977-05-31,2.1,0.30518705058449336
1977-06-01,1.9,0.276121617195494
1977-06-02,1.8,0.2615889005009943
1977-06-03,1.8,0.2615889005009943
1977-06-04,1.7,0.2470561838064946
1977-06-05,1.7,0.2470561838064946
1977-06-06,1.6,0.23252346711199495
1977-06-07,1.6,0.23252346711199495
1977-06-08,1.5,0.21799075041749527
1977-06-09,1.5,0.21799075041749527
1977-06-10,1.5,0.21799075041749527
1977-06-11,1.5,0.21799075041749527
1977-06-12,1.5,0.21799075041749527
1977-06-13,1.5,0.21799075041749527
1977-06-14,1.4,0.20345803372299556
1977-06-15,1.4,0.20345803372299556
1977-06-16,1.3,0.1889253170284959
1977-06-17,1.3,0.1889253170284959
1977-06-18,1.3,0.1889253170284959
1977-06-19,1.2,0.1743926003339962
1977-06-20,1.2,0.1743926003339962
1977-06-21,1.2,0.1743926003339962
1977-06-22,1.1,0.15985988363949655
1977-06-23,1.1,0.15985988363949655
1977-06-24,1.0,0.14532716694499684
1977-06-25,1.0,0.14532716694499684
1977-06-26,1.0,0.14532716694499684
1977-06-27,0.95,0.138060808597747
1977-06-28,0.95,0.138060808597747
1977-06-29,0.95,0.138060808597747
1977-06-30,0.95,0.138060808597747
1977-07-01,0.95,0.138060808597747
1977-07-02,0.95,0.138060808597747
1977-07-03,0.95,0.138060808597747
1977-07-04,0.95,0.138060808597747
1977-07-05,0.87,0.12643463524214724
1977-07-06,0.87,0.12643463524214724
1977-07-07,0.87,0.12643463524214724
1977-07-08,0.65,0.09446265851424795
1977-07-09,0.65,0.09446265851424795
1977-07-10,0.65,0.09446265851424795
1977-07-11,0.65,0.09446265851424795
1977-07-12,0.65,0.09446265851424795
1977-07-13,0.65,0.09446265851424795
1977-07-14,0.65,0.09446265851424795
1977-07-15,0.65,0.09446265851424795
1977-07-16,0.65,0.09446265851424795
1977-07-17,0.65,0.09446265851424795
1977-07-18,0.65,0.09446265851424795
1977-07-19,0.65,0.09446265851424795
1977-07-20,0.65,0.09446265851424795
1977-07-21,0.65,0.09446265851424795
1977-07-22,0.65,0.09446265851424795
1977-07-23,0.58,0.08428975682809817
1977-07-24,0.58,0.08428975682809817
1977-07-25,0.58,0.08428975682809817
1977-07-26,0.58,0.08428975682809817
1977-07-27,0.51,0.07411685514194839
1977-07-28,0.45,0.06539722512524858
1977-07-29,0.45,0.06539722512524858
1977-07-30,0.45,0.06539722512524858
1977-07-31,0.45,0.06539722512524858
1977-08-01,0.45,0.06539722512524858
1977-08-02,0.45,0.06539722512524858
1977-08-03,0.45,0.06539722512524858
1977-08-04,0.45,0.06539722512524858
1977-08-05,0.45,0.06539722512524858
1977-08-06,0.45,0.06539722512524858
1977-08-07,0.45,0.06539722512524858
1977-08-08,0.45,0.06539722512524858
1977-08-09,0.45,0.06539722512524858
1977-08-10,0.45,0.06539722512524858
1977-08-11,0.45,0.06539722512524858
1977-08-12,0.45,0.06539722512524858
1977-08-13,0.39,0.05667759510854877
1977-08-14,0.39,0.05667759510854877
1977-08-15,0.39,0.05667759510854877
1977-08-16,0.39,0.05667759510854877
1977-08-17,0.39,0.05667759510854877
1977-08-18,0.39,0.05667759510854877
1977-08-19,0.39,0.05667759510854877
1977-08-20,0.39,0.05667759510854877
1977-08-21,0.39,0.05667759510854877
1977-08-22,0.39,0.05667759510854877
1977-08-23,0.39,0.05667759510854877
1977-08-24,0.45,0.06539722512524858
1977-08-25,0.78,0.11335519021709754
1977-08-26,0.83,0.12062154856434737
1977-08-27,0.72,0.10463556020039771
1977-08-28,0.65,0.09446265851424795
1977-08-29,0.65,0.09446265851424795
1977-08-30,0.58,0.08428975682809817
1977-08-31,0.51,0.07411685514194839
1977-09-01,0.48,0.06975704013359849
1977-09-02,0.51,0.07411685514194839
1977-09-03,0.51,0.07411685514194839
1977-09-04,0.51,0.07411685514194839
1977-09-05,0.51,0.07411685514194839
1977-09-06,0.45,0.06539722512524858
1977-09-07,0.39,0.05667759510854877
1977-09-08,0.39,0.05667759510854877
1977-09-09,0.39,0.05667759510854877
1977-09-10,0.39,0.05667759510854877
1977-09-11,0.39,0.05667759510854877
1977-09-12,0.39,0.05667759510854877
1977-09-13,0.39,0.05667759510854877
1977-09-14,0.39,0.05667759510854877
1977-09-15,0.39,0.05667759510854877
1977-09-16,0.45,0.06539722512524858
1977-09-17,0.95,0.138060808597747
1977-09-18,0.87,0.12643463524214724
1977-09-19,3.0,0.43598150083499054
1977-09-20,2.6,0.3778506340569918
1977-09-21,1.6,0.23252346711199495
1977-09-22,1.2,0.1743926003339962
1977-09-23,1.0,0.14532716694499684
1977-09-24,1.0,0.14532716694499684
1977-09-25,0.95,0.138060808597747
1977-09-26,0.95,0.138060808597747
1977-09-27,0.79,0.1148084618865475
1977-09-28,7.5,1.0899537520874762
1977-09-29,5.7,0.828364851586482
1977-09-30,3.2,0.4650469342239899
1977-10-01,2.3,0.3342524839734927
1977-10-02,1.8,0.2615889005009943
1977-10-03,1.5,0.21799075041749527
1977-10-04,1.4,0.20345803372299556
1977-10-05,1.3,0.1889253170284959
1977-10-06,1.2,0.1743926003339962
1977-10-07,1.2,0.1743926003339962
1977-10-08,1.1,0.15985988363949655
1977-10-09,1.2,0.1743926003339962
1977-10-10,1.1,0.15985988363949655
1977-10-11,1.1,0.15985988363949655
1977-10-12,1.1,0.15985988363949655
1977-10-13,1.1,0.15985988363949655
1977-10-14,1.1,0.15985988363949655
1977-10-15,1.1,0.15985988363949655
1977-10-16,1.1,0.15985988363949655
1977-10-17,1.1,0.15985988363949655
1977-10-18,0.95,0.138060808597747
1977-10-19,0.87,0.12643463524214724
1977-10-20,0.87,0.12643463524214724
1977-10-21,0.87,0.12643463524214724
1977-10-22,0.87,0.12643463524214724
1977-10-23,0.91,0.13224772191994713
1977-10-24,1.2,0.1743926003339962
1977-10-25,1.9,0.276121617195494
1977-10-26,2.1,0.30518705058449336
1977-10-27,1.9,0.276121617195494
1977-10-28,2.2,0.3197197672789931
1977-10-29,7.1,1.0318228853094775
1977-10-30,13.0,1.8892531702849589
1977-10-31,6.0,0.8719630016699811
1977-11-01,3.9,0.5667759510854876
1977-11-02,3.2,0.4650469342239899
1977-11-03,2.6,0.3778506340569918
1977-11-04,5.7,0.828364851586482
1977-11-05,19.0,2.7612161719549397
1977-11-06,11.0,1.5985988363949653
1977-11-07,7.9,1.148084618865475
1977-11-08,5.9,0.8574302849754813
1977-11-09,4.9,0.7121031180304845
1977-11-10,4.1,0.595841384474487
1977-11-11,3.9,0.5667759510854876
1977-11-12,4.0,0.5813086677799874
1977-11-13,3.5,0.5086450843074889
1977-11-14,3.2,0.4650469342239899
1977-11-15,3.1,0.4505142175294902
1977-11-16,2.9,0.4214487841404908
1977-11-17,2.7,0.3923833507514915
1977-11-18,2.5,0.3633179173624921
1977-11-19,2.4,0.3487852006679924
1977-11-20,2.3,0.3342524839734927
1977-11-21,64.0,9.300938684479798
1977-11-22,72.0,10.463556020039773
1977-11-23,42.0,6.103741011689867
1977-11-24,31.0,4.505142175294902
1977-11-25,24.0,3.4878520066799243
1977-11-26,21.0,3.0518705058449336
1977-11-27,18.0,2.6158890050099433
1977-11-28,15.0,2.1799075041749525
1977-11-29,13.0,1.8892531702849589
1977-11-30,11.0,1.5985988363949653
1977-12-01,10.0,1.4532716694499683
1977-12-02,9.0,1.3079445025049716
1977-12-03,8.4,1.2207482023379734
1977-12-04,7.8,1.1335519021709752
1977-12-05,7.0,1.0172901686149778
1977-12-06,6.7,0.9736920185314788
1977-12-07,6.5,0.9446265851424794
1977-12-08,6.0,0.8719630016699811
1977-12-09,5.5,0.7992994181974826
1977-12-10,5.3,0.7702339848084833
1977-12-11,21.0,3.0518705058449336
1977-12-12,23.0,3.3425248397349274
1977-12-13,23.0,3.3425248397349274
1977-12-14,316.0,45.923384754619
1977-12-15,332.0,48.24861942573895
1977-12-16,163.0,23.688328212034484
1977-12-17,207.0,30.082723557614347
1977-12-18,124.0,18.02056870117961
1977-12-19,63.0,9.155611517534801
1977-12-20,47.0,6.830376846414851
1977-12-21,46.0,6.685049679469855
1977-12-22,64.0,9.300938684479798
1977-12-23,206.0,29.93739639066935
1977-12-24,143.0,20.781784873134548
1977-12-25,97.0,14.096735193664694
1977-12-26,65.0,9.446265851424794
1977-12-27,84.0,12.207482023379734
1977-12-28,72.0,10.463556020039773
1977-12-29,75.0,10.899537520874762
1977-12-30,80.0,11.626173355599747
1977-12-31,77.0,11.190191854764757
1978-01-01,64.0,9.300938684479798
1978-01-02,78.0,11.335519021709754
1978-01-03,78.0,11.335519021709754
1978-01-04,96.0,13.951408026719697
1978-01-05,164.0,23.833655378979483
1978-01-06,196.0,28.48412472121938
1978-01-07,156.0,22.671038043419507
1978-01-08,114.0,16.56729703172964
1978-01-09,168.0,24.41496404675947
1978-01-10,138.0,20.055149038409564
1978-01-11,101.0,14.678043861444682
1978-01-12,75.0,10.899537520874762
1978-01-13,78.0,11.335519021709754
1978-01-14,111.0,16.13131553089465
1978-01-15,381.0,55.3696506060438
1978-01-16,553.0,80.36592332058325
1978-01-17,488.0,70.91965746915845
1978-01-18,269.0,39.09300790820415
1978-01-19,240.0,34.87852006679924
1978-01-20,217.0,31.535995227064316
1978-01-21,150.0,21.799075041749525
1978-01-22,97.0,14.096735193664694
1978-01-23,68.0,9.882247352259785
1978-01-24,58.0,8.428975682809817
1978-01-25,51.0,7.411685514194839
1978-01-26,45.0,6.5397225125248575
1978-01-27,41.0,5.958413844744871
1978-01-28,37.0,5.377105176964883
1978-01-29,34.0,4.941123676129893
1978-01-30,31.0,4.505142175294902
1978-01-31,29.0,4.2144878414049085
1978-02-01,31.0,4.505142175294902
1978-02-02,48.0,6.975704013359849
1978-02-03,49.0,7.121031180304845
1978-02-04,47.0,6.830376846414851
1978-02-05,68.0,9.882247352259785
1978-02-06,130.0,18.89253170284959
1978-02-07,250.0,36.33179173624921
1978-02-08,195.0,28.338797554274382
1978-02-09,145.0,21.07243920702454
1978-02-10,143.0,20.781784873134548
1978-02-11,89.0,12.934117858104718
1978-02-12,85.0,12.35280919032473
1978-02-13,88.0,12.788790691159722
1978-02-14,88.0,12.788790691159722
1978-02-15,74.0,10.754210353929766
1978-02-16,62.0,9.010284350589805
1978-02-17,54.0,7.847667015029829
1978-02-18,49.0,7.121031180304845
1978-02-19,43.0,6.249068178634864
1978-02-20,39.0,5.667759510854877
1978-02-21,35.0,5.086450843074889
1978-02-22,31.0,4.505142175294902
1978-02-23,28.0,4.069160674459911
1978-02-24,25.0,3.633179173624921
1978-02-25,23.0,3.3425248397349274
1978-02-26,21.0,3.0518705058449336
1978-02-27,20.0,2.9065433388999367
1978-02-28,18.0,2.6158890050099433
1978-03-01,17.0,2.4705618380649463
1978-03-02,21.0,3.0518705058449336
1978-03-03,31.0,4.505142175294902
1978-03-04,42.0,6.103741011689867
1978-03-05,115.0,16.712624198674636
1978-03-06,120.0,17.43926003339962
1978-03-07,87.0,12.643463524214726
1978-03-08,285.0,41.4182425793241
1978-03-09,235.0,34.15188423207426
1978-03-10,144.0,20.927112040079546
1978-03-11,89.0,12.934117858104718
1978-03-12,65.0,9.446265851424794
1978-03-13,54.0,7.847667015029829
1978-03-14,46.0,6.685049679469855
1978-03-15,41.0,5.958413844744871
1978-03-16,35.0,5.086450843074889
1978-03-17,31.0,4.505142175294902
1978-03-18,28.0,4.069160674459911
1978-03-19,26.0,3.7785063405699177
1978-03-20,23.0,3.3425248397349274
1978-03-21,21.0,3.0518705058449336
1978-03-22,20.0,2.9065433388999367
1978-03-23,22.0,3.1971976727899305
1978-03-24,19.0,2.7612161719549397
1978-03-25,17.0,2.4705618380649463
1978-03-26,16.0,2.3252346711199494
1978-03-27,14.0,2.0345803372299556
1978-03-28,13.0,1.8892531702849589
1978-03-29,12.0,1.7439260033399622
1978-03-30,11.0,1.5985988363949653
1978-03-31,12.0,1.7439260033399622
1978-04-01,13.0,1.8892531702849589
1978-04-02,15.0,2.1799075041749525
1978-04-03,15.0,2.1799075041749525
1978-04-04,21.0,3.0518705058449336
1978-04-05,58.0,8.428975682809817
1978-04-06,104.0,15.114025362279671
1978-04-07,70.0,10.172901686149778
1978-04-08,58.0,8.428975682809817
1978-04-09,46.0,6.685049679469855
1978-04-10,39.0,5.667759510854877
1978-04-11,34.0,4.941123676129893
1978-04-12,30.0,4.359815008349905
1978-04-13,27.0,3.9238335075149147
1978-04-14,24.0,3.4878520066799243
1978-04-15,28.0,4.069160674459911
1978-04-16,25.0,3.633179173624921
1978-04-17,23.0,3.3425248397349274
1978-04-18,23.0,3.3425248397349274
1978-04-19,27.0,3.9238335075149147
1978-04-20,31.0,4.505142175294902
1978-04-21,31.0,4.505142175294902
1978-04-22,30.0,4.359815008349905
1978-04-23,29.0,4.2144878414049085
1978-04-24,28.0,4.069160674459911
1978-04-25,32.0,4.650469342239899
1978-04-26,35.0,5.086450843074889
1978-04-27,33.0,4.795796509184895
1978-04-28,31.0,4.505142175294902
1978-04-29,29.0,4.2144878414049085
1978-04-30,27.0,3.9238335075149147
1978-05-01,25.0,3.633179173624921
1978-05-02,23.0,3.3425248397349274
1978-05-03,22.0,3.1971976727899305
1978-05-04,20.0,2.9065433388999367
1978-05-05,19.0,2.7612161719549397
1978-05-06,18.0,2.6158890050099433
1978-05-07,17.0,2.4705618380649463
1978-05-08,16.0,2.3252346711199494
1978-05-09,15.0,2.1799075041749525
1978-05-10,14.0,2.0345803372299556
1978-05-11,14.0,2.0345803372299556
1978-05-12,13.0,1.8892531702849589
1978-05-13,12.0,1.7439260033399622
1978-05-14,13.0,1.8892531702849589
1978-05-15,17.0,2.4705618380649463
1978-05-16,14.0,2.0345803372299556
1978-05-17,12.0,1.7439260033399622
1978-05-18,11.0,1.5985988363949653
1978-05-19,11.0,1.5985988363949653
1978-05-20,10.0,1.4532716694499683
1978-05-21,9.9,1.4387389527554688
1978-05-22,9.3,1.3515426525884706
1978-05-23,9.2,1.3370099358939709
1978-05-24,8.9,1.293411785810472
1978-05-25,8.4,1.2207482023379734
1978-05-26,8.2,1.191682768948974
1978-05-27,7.8,1.1335519021709752
1978-05-28,7.7,1.1190191854764757
1978-05-29,7.4,1.0754210353929767
1978-05-30,7.2,1.0463556020039773
1978-05-31,6.8,0.9882247352259784
1978-06-01,6.7,0.9736920185314788
1978-06-02,6.5,0.9446265851424794
1978-06-03,6.4,0.9300938684479798
1978-06-04,6.1,0.8864957183644807
1978-06-05,5.7,0.828364851586482
1978-06-06,5.5,0.7992994181974826
1978-06-07,5.3,0.7702339848084833
1978-06-08,5.1,0.7411685514194838
1978-06-09,5.1,0.7411685514194838
1978-06-10,5.1,0.7411685514194838
1978-06-11,4.9,0.7121031180304845
1978-06-12,4.7,0.6830376846414852
1978-06-13,4.7,0.6830376846414852
1978-06-14,4.6,0.6685049679469854
1978-06-15,4.3,0.6249068178634863
1978-06-16,4.1,0.595841384474487
1978-06-17,4.1,0.595841384474487
1978-06-18,4.1,0.595841384474487
1978-06-19,4.1,0.595841384474487
1978-06-20,4.0,0.5813086677799874
1978-06-21,3.9,0.5667759510854876
1978-06-22,3.9,0.5667759510854876
1978-06-23,3.8,0.552243234390988
1978-06-24,3.8,0.552243234390988
1978-06-25,3.7,0.5377105176964884
1978-06-26,3.6,0.5231778010019886
1978-06-27,3.5,0.5086450843074889
1978-06-28,3.5,0.5086450843074889
1978-06-29,3.5,0.5086450843074889
1978-06-30,3.5,0.5086450843074889
1978-07-01,3.5,0.5086450843074889
1978-07-02,3.5,0.5086450843074889
1978-07-03,3.4,0.4941123676129892
1978-07-04,3.3,0.47957965091848953
1978-07-05,3.0,0.43598150083499054
1978-07-06,2.7,0.3923833507514915
1978-07-07,2.7,0.3923833507514915
1978-07-08,2.7,0.3923833507514915
1978-07-09,2.7,0.3923833507514915
1978-07-10,2.6,0.3778506340569918
1978-07-11,2.6,0.3778506340569918
1978-07-12,2.7,0.3923833507514915
1978-07-13,2.6,0.3778506340569918
1978-07-14,2.5,0.3633179173624921
1978-07-15,2.4,0.3487852006679924
1978-07-16,2.4,0.3487852006679924
1978-07-17,2.4,0.3487852006679924
1978-07-18,2.3,0.3342524839734927
1978-07-19,2.0,0.2906543338899937
1978-07-20,1.9,0.276121617195494
1978-07-21,1.9,0.276121617195494
1978-07-22,1.9,0.276121617195494
1978-07-23,1.8,0.2615889005009943
1978-07-24,1.7,0.2470561838064946
1978-07-25,1.7,0.2470561838064946
1978-07-26,1.8,0.2615889005009943
1978-07-27,1.8,0.2615889005009943
1978-07-28,1.8,0.2615889005009943
1978-07-29,1.7,0.2470561838064946
1978-07-30,1.7,0.2470561838064946
1978-07-31,1.6,0.23252346711199495
1978-08-01,1.6,0.23252346711199495
1978-08-02,1.5,0.21799075041749527
1978-08-03,1.5,0.21799075041749527
1978-08-04,1.5,0.21799075041749527
1978-08-05,1.4,0.20345803372299556
1978-08-06,1.5,0.21799075041749527
1978-08-07,1.4,0.20345803372299556
1978-08-08,1.4,0.20345803372299556
1978-08-09,1.3,0.1889253170284959
1978-08-10,1.2,0.1743926003339962
1978-08-11,1.2,0.1743926003339962
1978-08-12,1.2,0.1743926003339962
1978-08-13,1.3,0.1889253170284959
1978-08-14,1.3,0.1889253170284959
1978-08-15,1.3,0.1889253170284959
1978-08-16,1.3,0.1889253170284959
1978-08-17,1.4,0.20345803372299556
1978-08-18,1.4,0.20345803372299556
1978-08-19,1.4,0.20345803372299556
1978-08-20,1.4,0.20345803372299556
1978-08-21,1.4,0.20345803372299556
1978-08-22,1.4,0.20345803372299556
1978-08-23,1.4,0.20345803372299556
1978-08-24,1.5,0.21799075041749527
1978-08-25,2.2,0.3197197672789931
1978-08-26,2.1,0.30518705058449336
1978-08-27,1.8,0.2615889005009943
1978-08-28,1.6,0.23252346711199495
1978-08-29,1.4,0.20345803372299556
1978-08-30,1.4,0.20345803372299556
1978-08-31,1.4,0.20345803372299556
1978-09-01,1.4,0.20345803372299556
1978-09-02,1.4,0.20345803372299556
1978-09-03,1.4,0.20345803372299556
1978-09-04,1.4,0.20345803372299556
1978-09-05,2.4,0.3487852006679924
1978-09-06,2.3,0.3342524839734927
1978-09-07,1.8,0.2615889005009943
1978-09-08,1.7,0.2470561838064946
1978-09-09,5.7,0.828364851586482
1978-09-10,7.3,1.060888318698477
1978-09-11,4.0,0.5813086677799874
1978-09-12,2.9,0.4214487841404908
1978-09-13,1.7,0.2470561838064946
1978-09-14,1.5,0.21799075041749527
1978-09-15,1.4,0.20345803372299556
1978-09-16,1.4,0.20345803372299556
1978-09-17,1.4,0.20345803372299556
1978-09-18,1.4,0.20345803372299556
1978-09-19,1.4,0.20345803372299556
1978-09-20,1.4,0.20345803372299556
1978-09-21,1.2,0.1743926003339962
1978-09-22,1.2,0.1743926003339962
1978-09-23,1.2,0.1743926003339962
1978-09-24,1.2,0.1743926003339962
1978-09-25,1.2,0.1743926003339962
1978-09-26,1.2,0.1743926003339962
1978-09-27,1.2,0.1743926003339962
1978-09-28,1.2,0.1743926003339962
1978-09-29,1.2,0.1743926003339962
1978-09-30,1.2,0.1743926003339962
1978-10-01,1.1,0.15985988363949655
1978-10-02,1.1,0.15985988363949655
1978-10-03,1.1,0.15985988363949655
1978-10-04,1.1,0.15985988363949655
1978-10-05,1.0,0.14532716694499684
1978-10-06,1.0,0.14532716694499684
1978-10-07,1.0,0.14532716694499684
1978-10-08,1.0,0.14532716694499684
1978-10-09,1.0,0.14532716694499684
1978-10-10,1.0,0.14532716694499684
1978-10-11,1.0,0.14532716694499684
1978-10-12,1.0,0.14532716694499684
1978-10-13,1.0,0.14532716694499684
1978-10-14,1.0,0.14532716694499684
1978-10-15,0.95,0.138060808597747
1978-10-16,0.95,0.138060808597747
1978-10-17,0.95,0.138060808597747
1978-10-18,0.95,0.138060808597747
1978-10-19,0.95,0.138060808597747
1978-10-20,0.95,0.138060808597747
1978-10-21,0.95,0.138060808597747
1978-10-22,0.95,0.138060808597747
1978-10-23,0.95,0.138060808597747
1978-10-24,0.95,0.138060808597747
1978-10-25,0.9,0.13079445025049716
1978-10-26,0.87,0.12643463524214724
1978-10-27,0.87,0.12643463524214724
1978-10-28,0.87,0.12643463524214724
1978-10-29,0.87,0.12643463524214724
1978-10-30,0.87,0.12643463524214724
1978-10-31,0.87,0.12643463524214724
1978-11-01,0.87,0.12643463524214724
1978-11-02,0.87,0.12643463524214724
1978-11-03,0.87,0.12643463524214724
1978-11-04,0.87,0.12643463524214724
1978-11-05,0.87,0.12643463524214724
1978-11-06,0.87,0.12643463524214724
1978-11-07,0.87,0.12643463524214724
1978-11-08,0.87,0.12643463524214724
1978-11-09,0.85,0.1235280919032473
1978-11-10,0.79,0.1148084618865475
1978-11-11,0.79,0.1148084618865475
1978-11-12,0.79,0.1148084618865475
1978-11-13,0.79,0.1148084618865475
1978-11-14,0.81,0.11771500522544745
1978-11-15,0.87,0.12643463524214724
1978-11-16,0.87,0.12643463524214724
1978-11-17,0.87,0.12643463524214724
1978-11-18,0.87,0.12643463524214724
1978-11-19,2.5,0.3633179173624921
1978-11-20,3.2,0.4650469342239899
1978-11-21,2.4,0.3487852006679924
1978-11-22,1.9,0.276121617195494
1978-11-23,1.4,0.20345803372299556
1978-11-24,1.3,0.1889253170284959
1978-11-25,1.2,0.1743926003339962
1978-11-26,1.1,0.15985988363949655
1978-11-27,1.1,0.15985988363949655
1978-11-28,1.1,0.15985988363949655
1978-11-29,1.1,0.15985988363949655
1978-11-30,1.2,0.1743926003339962
1978-12-01,2.7,0.3923833507514915
1978-12-02,2.4,0.3487852006679924
1978-12-03,1.9,0.276121617195494
1978-12-04,1.6,0.23252346711199495
1978-12-05,1.6,0.23252346711199495
1978-12-06,1.5,0.21799075041749527
1978-12-07,1.4,0.20345803372299556
1978-12-08,1.4,0.20345803372299556
1978-12-09,1.4,0.20345803372299556
1978-12-10,1.4,0.20345803372299556
1978-12-11,1.4,0.20345803372299556
1978-12-12,1.4,0.20345803372299556
1978-12-13,1.4,0.20345803372299556
1978-12-14,1.4,0.20345803372299556
1978-12-15,1.4,0.20345803372299556
1978-12-16,1.4,0.20345803372299556
1978-12-17,1.8,0.2615889005009943
1978-12-18,1.8,0.2615889005009943
1978-12-19,1.6,0.23252346711199495
1978-12-20,1.4,0.20345803372299556
1978-12-21,1.4,0.20345803372299556
1978-12-22,1.4,0.20345803372299556
1978-12-23,1.4,0.20345803372299556
1978-12-24,1.3,0.1889253170284959
1978-12-25,1.3,0.1889253170284959
1978-12-26,1.3,0.1889253170284959
1978-12-27,1.3,0.1889253170284959
1978-12-28,1.2,0.1743926003339962
1978-12-29,1.2,0.1743926003339962
1978-12-30,1.2,0.1743926003339962
1978-12-31,1.2,0.1743926003339962
1979-01-01,1.1,0.15985988363949655
1979-01-02,1.1,0.15985988363949655
1979-01-03,1.1,0.15985988363949655
1979-01-04,1.3,0.1889253170284959
1979-01-05,1.3,0.1889253170284959
1979-01-06,1.3,0.1889253170284959
1979-01-07,1.2,0.1743926003339962
1979-01-08,3.5,0.5086450843074889
1979-01-09,11.0,1.5985988363949653
1979-01-10,31.0,4.505142175294902
1979-01-11,171.0,24.85094554759446
1979-01-12,71.0,10.318228853094775
1979-01-13,42.0,6.103741011689867
1979-01-14,52.0,7.5570126811398355
1979-01-15,55.0,7.992994181974826
1979-01-16,41.0,5.958413844744871
1979-01-17,31.0,4.505142175294902
1979-01-18,24.0,3.4878520066799243
1979-01-19,20.0,2.9065433388999367
1979-01-20,17.0,2.4705618380649463
1979-01-21,15.0,2.1799075041749525
1979-01-22,13.0,1.8892531702849589
1979-01-23,12.0,1.7439260033399622
1979-01-24,11.0,1.5985988363949653
1979-01-25,9.5,1.3806080859774699
1979-01-26,8.5,1.2352809190324732
1979-01-27,7.8,1.1335519021709752
1979-01-28,7.3,1.060888318698477
1979-01-29,6.7,0.9736920185314788
1979-01-30,6.3,0.9155611517534801
1979-01-31,5.9,0.8574302849754813
1979-02-01,5.7,0.828364851586482
1979-02-02,5.4,0.784766701502983
1979-02-03,5.1,0.7411685514194838
1979-02-04,4.9,0.7121031180304845
1979-02-05,4.6,0.6685049679469854
1979-02-06,4.5,0.6539722512524858
1979-02-07,4.3,0.6249068178634863
1979-02-08,4.2,0.6103741011689867
1979-02-09,4.1,0.595841384474487
1979-02-10,4.5,0.6539722512524858
1979-02-11,5.0,0.7266358347249842
1979-02-12,10.0,1.4532716694499683
1979-02-13,127.0,18.456550202014597
1979-02-14,101.0,14.678043861444682
1979-02-15,81.0,11.771500522544743
1979-02-16,113.0,16.421969864784643
1979-02-17,86.0,12.498136357269727
1979-02-18,149.0,21.65374787480453
1979-02-19,129.0,18.747204535904594
1979-02-20,103.0,14.968698195334674
1979-02-21,113.0,16.421969864784643
1979-02-22,129.0,18.747204535904594
1979-02-23,130.0,18.89253170284959
1979-02-24,105.0,15.259352529224667
1979-02-25,85.0,12.35280919032473
1979-02-26,81.0,11.771500522544743
1979-02-27,74.0,10.754210353929766
1979-02-28,113.0,16.421969864784643
1979-03-01,122.0,17.729914367289613
1979-03-02,101.0,14.678043861444682
1979-03-03,86.0,12.498136357269727
1979-03-04,78.0,11.335519021709754
1979-03-05,69.0,10.027574519204782
1979-03-06,62.0,9.010284350589805
1979-03-07,55.0,7.992994181974826
1979-03-08,49.0,7.121031180304845
1979-03-09,42.0,6.103741011689867
1979-03-10,37.0,5.377105176964883
1979-03-11,33.0,4.795796509184895
1979-03-12,29.0,4.2144878414049085
1979-03-13,26.0,3.7785063405699177
1979-03-14,24.0,3.4878520066799243
1979-03-15,28.0,4.069160674459911
1979-03-16,27.0,3.9238335075149147
1979-03-17,26.0,3.7785063405699177
1979-03-18,25.0,3.633179173624921
1979-03-19,25.0,3.633179173624921
1979-03-20,24.0,3.4878520066799243
1979-03-21,23.0,3.3425248397349274
1979-03-22,22.0,3.1971976727899305
1979-03-23,20.0,2.9065433388999367
1979-03-24,20.0,2.9065433388999367
1979-03-25,19.0,2.7612161719549397
1979-03-26,18.0,2.6158890050099433
1979-03-27,51.0,7.411685514194839
1979-03-28,64.0,9.300938684479798
1979-03-29,51.0,7.411685514194839
1979-03-30,43.0,6.249068178634864
1979-03-31,37.0,5.377105176964883
1979-04-01,33.0,4.795796509184895
1979-04-02,30.0,4.359815008349905
1979-04-03,27.0,3.9238335075149147
1979-04-04,24.0,3.4878520066799243
1979-04-05,23.0,3.3425248397349274
1979-04-06,22.0,3.1971976727899305
1979-04-07,20.0,2.9065433388999367
1979-04-08,19.0,2.7612161719549397
1979-04-09,17.0,2.4705618380649463
1979-04-10,17.0,2.4705618380649463
1979-04-11,16.0,2.3252346711199494
1979-04-12,16.0,2.3252346711199494
1979-04-13,15.0,2.1799075041749525
1979-04-14,14.0,2.0345803372299556
1979-04-15,13.0,1.8892531702849589
1979-04-16,16.0,2.3252346711199494
1979-04-17,19.0,2.7612161719549397
1979-04-18,18.0,2.6158890050099433
1979-04-19,17.0,2.4705618380649463
1979-04-20,16.0,2.3252346711199494
1979-04-21,15.0,2.1799075041749525
1979-04-22,15.0,2.1799075041749525
1979-04-23,24.0,3.4878520066799243
1979-04-24,34.0,4.941123676129893
1979-04-25,31.0,4.505142175294902
1979-04-26,30.0,4.359815008349905
1979-04-27,28.0,4.069160674459911
1979-04-28,26.0,3.7785063405699177
1979-04-29,24.0,3.4878520066799243
1979-04-30,23.0,3.3425248397349274
1979-05-01,21.0,3.0518705058449336
1979-05-02,20.0,2.9065433388999367
1979-05-03,19.0,2.7612161719549397
1979-05-04,17.0,2.4705618380649463
1979-05-05,33.0,4.795796509184895
1979-05-06,47.0,6.830376846414851
1979-05-07,72.0,10.463556020039773
1979-05-08,65.0,9.446265851424794
1979-05-09,55.0,7.992994181974826
1979-05-10,46.0,6.685049679469855
1979-05-11,40.0,5.813086677799873
1979-05-12,35.0,5.086450843074889
1979-05-13,30.0,4.359815008349905
1979-05-14,27.0,3.9238335075149147
1979-05-15,24.0,3.4878520066799243
1979-05-16,22.0,3.1971976727899305
1979-05-17,20.0,2.9065433388999367
1979-05-18,18.0,2.6158890050099433
1979-05-19,17.0,2.4705618380649463
1979-05-20,15.0,2.1799075041749525
1979-05-21,14.0,2.0345803372299556
1979-05-22,13.0,1.8892531702849589
1979-05-23,12.0,1.7439260033399622
1979-05-24,11.0,1.5985988363949653
1979-05-25,10.0,1.4532716694499683
1979-05-26,9.7,1.4096735193664691
1979-05-27,9.2,1.3370099358939709
1979-05-28,9.1,1.3224772191994711
1979-05-29,8.5,1.2352809190324732
1979-05-30,8.0,1.1626173355599747
1979-05-31,7.6,1.104486468781976
1979-06-01,7.1,1.0318228853094775
1979-06-02,6.6,0.9591593018369791
1979-06-03,6.3,0.9155611517534801
1979-06-04,5.9,0.8574302849754813
1979-06-05,5.7,0.828364851586482
1979-06-06,5.7,0.828364851586482
1979-06-07,5.5,0.7992994181974826
1979-06-08,5.3,0.7702339848084833
1979-06-09,5.0,0.7266358347249842
1979-06-10,4.7,0.6830376846414852
1979-06-11,4.5,0.6539722512524858
1979-06-12,4.5,0.6539722512524858
1979-06-13,4.3,0.6249068178634863
1979-06-14,4.4,0.6394395345579862
1979-06-15,3.9,0.5667759510854876
1979-06-16,3.9,0.5667759510854876
1979-06-17,3.9,0.5667759510854876
1979-06-18,3.9,0.5667759510854876
1979-06-19,3.9,0.5667759510854876
1979-06-20,3.7,0.5377105176964884
1979-06-21,3.6,0.5231778010019886
1979-06-22,3.6,0.5231778010019886
1979-06-23,3.6,0.5231778010019886
1979-06-24,3.4,0.4941123676129892
1979-06-25,3.3,0.47957965091848953
1979-06-26,3.1,0.4505142175294902
1979-06-27,3.1,0.4505142175294902
1979-06-28,2.9,0.4214487841404908
1979-06-29,2.9,0.4214487841404908
1979-06-30,2.9,0.4214487841404908
1979-07-01,2.9,0.4214487841404908
1979-07-02,2.8,0.4069160674459911
1979-07-03,2.7,0.3923833507514915
1979-07-04,2.7,0.3923833507514915
1979-07-05,2.7,0.3923833507514915
1979-07-06,2.8,0.4069160674459911
1979-07-07,2.7,0.3923833507514915
1979-07-08,2.6,0.3778506340569918
1979-07-09,2.7,0.3923833507514915
1979-07-10,3.1,0.4505142175294902
1979-07-11,2.8,0.4069160674459911
1979-07-12,2.7,0.3923833507514915
1979-07-13,2.5,0.3633179173624921
1979-07-14,2.4,0.3487852006679924
1979-07-15,2.3,0.3342524839734927
1979-07-16,2.2,0.3197197672789931
1979-07-17,2.2,0.3197197672789931
1979-07-18,2.1,0.30518705058449336
1979-07-19,2.0,0.2906543338899937
1979-07-20,1.9,0.276121617195494
1979-07-21,1.8,0.2615889005009943
1979-07-22,1.8,0.2615889005009943
1979-07-23,1.9,0.276121617195494
1979-07-24,1.9,0.276121617195494
1979-07-25,1.8,0.2615889005009943
1979-07-26,1.7,0.2470561838064946
1979-07-27,1.7,0.2470561838064946
1979-07-28,1.7,0.2470561838064946
1979-07-29,1.6,0.23252346711199495
1979-07-30,1.6,0.23252346711199495
1979-07-31,1.5,0.21799075041749527
1979-08-01,1.6,0.23252346711199495
1979-08-02,1.5,0.21799075041749527
1979-08-03,1.5,0.21799075041749527
1979-08-04,1.5,0.21799075041749527
1979-08-05,1.5,0.21799075041749527
1979-08-06,1.5,0.21799075041749527
1979-08-07,1.4,0.20345803372299556
1979-08-08,1.3,0.1889253170284959
1979-08-09,1.3,0.1889253170284959
1979-08-10,1.3,0.1889253170284959
1979-08-11,1.2,0.1743926003339962
1979-08-12,1.2,0.1743926003339962
1979-08-13,1.2,0.1743926003339962
1979-08-14,1.2,0.1743926003339962
1979-08-15,1.3,0.1889253170284959
1979-08-16,1.3,0.1889253170284959
1979-08-17,1.3,0.1889253170284959
1979-08-18,1.3,0.1889253170284959
1979-08-19,1.3,0.1889253170284959
1979-08-20,1.3,0.1889253170284959
1979-08-21,1.3,0.1889253170284959
1979-08-22,1.3,0.1889253170284959
1979-08-23,1.3,0.1889253170284959
1979-08-24,1.3,0.1889253170284959
1979-08-25,1.3,0.1889253170284959
1979-08-26,1.3,0.1889253170284959
1979-08-27,1.2,0.1743926003339962
1979-08-28,1.2,0.1743926003339962
1979-08-29,1.2,0.1743926003339962
1979-08-30,1.2,0.1743926003339962
1979-08-31,1.2,0.1743926003339962
1979-09-01,1.6,0.23252346711199495
1979-09-02,2.1,0.30518705058449336
1979-09-03,1.8,0.2615889005009943
1979-09-04,1.5,0.21799075041749527
1979-09-05,1.4,0.20345803372299556
1979-09-06,1.3,0.1889253170284959
1979-09-07,1.2,0.1743926003339962
1979-09-08,1.1,0.15985988363949655
1979-09-09,1.1,0.15985988363949655
1979-09-10,1.1,0.15985988363949655
1979-09-11,1.1,0.15985988363949655
1979-09-12,1.0,0.14532716694499684
1979-09-13,0.95,0.138060808597747
1979-09-14,0.94,0.13660753692829702
1979-09-15,0.87,0.12643463524214724
1979-09-16,0.87,0.12643463524214724
1979-09-17,0.79,0.1148084618865475
1979-09-18,0.79,0.1148084618865475
1979-09-19,0.79,0.1148084618865475
1979-09-20,0.79,0.1148084618865475
1979-09-21,0.79,0.1148084618865475
1979-09-22,0.79,0.1148084618865475
1979-09-23,0.79,0.1148084618865475
1979-09-24,0.79,0.1148084618865475
1979-09-25,0.79,0.1148084618865475
1979-09-26,0.79,0.1148084618865475
1979-09-27,0.79,0.1148084618865475
1979-09-28,0.79,0.1148084618865475
1979-09-29,0.79,0.1148084618865475
1979-09-30,0.79,0.1148084618865475
1979-10-01,0.8,0.11626173355599748
1979-10-02,0.8,0.11626173355599748
1979-10-03,0.8,0.11626173355599748
1979-10-04,0.8,0.11626173355599748
1979-10-05,0.8,0.11626173355599748
1979-10-06,0.8,0.11626173355599748
1979-10-07,0.8,0.11626173355599748
1979-10-08,0.8,0.11626173355599748
1979-10-09,0.8,0.11626173355599748
1979-10-10,0.8,0.11626173355599748
1979-10-11,0.8,0.11626173355599748
1979-10-12,0.8,0.11626173355599748
1979-10-13,0.8,0.11626173355599748
1979-10-14,0.97,0.14096735193664692
1979-10-15,1.4,0.20345803372299556
1979-10-16,1.3,0.1889253170284959
1979-10-17,1.2,0.1743926003339962
1979-10-18,2.5,0.3633179173624921
1979-10-19,14.0,2.0345803372299556
1979-10-20,10.0,1.4532716694499683
1979-10-21,6.0,0.8719630016699811
1979-10-22,11.0,1.5985988363949653
1979-10-23,14.0,2.0345803372299556
1979-10-24,18.0,2.6158890050099433
1979-10-25,82.0,11.916827689489741
1979-10-26,32.0,4.650469342239899
1979-10-27,20.0,2.9065433388999367
1979-10-28,15.0,2.1799075041749525
1979-10-29,12.0,1.7439260033399622
1979-10-30,9.9,1.4387389527554688
1979-10-31,8.7,1.2643463524214724
1979-11-01,7.6,1.104486468781976
1979-11-02,9.7,1.4096735193664691
1979-11-03,34.0,4.941123676129893
1979-11-04,35.0,5.086450843074889
1979-11-05,36.0,5.2317780100198865
1979-11-06,67.0,9.736920185314789
1979-11-07,83.0,12.062154856434738
1979-11-08,59.0,8.574302849754813
1979-11-09,44.0,6.394395345579861
1979-11-10,35.0,5.086450843074889
1979-11-11,29.0,4.2144878414049085
1979-11-12,25.0,3.633179173624921
1979-11-13,21.0,3.0518705058449336
1979-11-14,19.0,2.7612161719549397
1979-11-15,17.0,2.4705618380649463
1979-11-16,57.0,8.28364851586482
1979-11-17,70.0,10.172901686149778
1979-11-18,58.0,8.428975682809817
1979-11-19,47.0,6.830376846414851
1979-11-20,40.0,5.813086677799873
1979-11-21,35.0,5.086450843074889
1979-11-22,48.0,6.975704013359849
1979-11-23,59.0,8.574302849754813
1979-11-24,80.0,11.626173355599747
1979-11-25,94.0,13.660753692829703
1979-11-26,93.0,13.515426525884706
1979-11-27,74.0,10.754210353929766
1979-11-28,59.0,8.574302849754813
1979-11-29,49.0,7.121031180304845
1979-11-30,42.0,6.103741011689867
1979-12-01,38.0,5.5224323439098795
1979-12-02,33.0,4.795796509184895
1979-12-03,30.0,4.359815008349905
1979-12-04,27.0,3.9238335075149147
1979-12-05,25.0,3.633179173624921
1979-12-06,23.0,3.3425248397349274
1979-12-07,21.0,3.0518705058449336
1979-12-08,19.0,2.7612161719549397
1979-12-09,18.0,2.6158890050099433
1979-12-10,17.0,2.4705618380649463
1979-12-11,16.0,2.3252346711199494
1979-12-12,15.0,2.1799075041749525
1979-12-13,14.0,2.0345803372299556
1979-12-14,13.0,1.8892531702849589
1979-12-15,13.0,1.8892531702849589
1979-12-16,12.0,1.7439260033399622
1979-12-17,11.0,1.5985988363949653
1979-12-18,11.0,1.5985988363949653
1979-12-19,13.0,1.8892531702849589
1979-12-20,14.0,2.0345803372299556
1979-12-21,16.0,2.3252346711199494
1979-12-22,16.0,2.3252346711199494
1979-12-23,24.0,3.4878520066799243
1979-12-24,45.0,6.5397225125248575
1979-12-25,58.0,8.428975682809817
1979-12-26,59.0,8.574302849754813
1979-12-27,50.0,7.266358347249842
1979-12-28,42.0,6.103741011689867
1979-12-29,37.0,5.377105176964883
1979-12-30,42.0,6.103741011689867
1979-12-31,77.0,11.190191854764757
1980-01-01,83.0,12.062154856434738
1980-01-02,71.0,10.318228853094775
1980-01-03,59.0,8.574302849754813
1980-01-04,50.0,7.266358347249842
1980-01-05,44.0,6.394395345579861
1980-01-06,39.0,5.667759510854877
1980-01-07,35.0,5.086450843074889
1980-01-08,32.0,4.650469342239899
1980-01-09,34.0,4.941123676129893
1980-01-10,44.0,6.394395345579861
1980-01-11,72.0,10.463556020039773
1980-01-12,322.0,46.79534775628898
1980-01-13,323.0,46.94067492323398
1980-01-14,256.0,37.20375473791919
1980-01-15,171.0,24.85094554759446
1980-01-16,127.0,18.456550202014597
1980-01-17,105.0,15.259352529224667
1980-01-18,87.0,12.643463524214726
1980-01-19,71.0,10.318228853094775
1980-01-20,58.0,8.428975682809817
1980-01-21,48.0,6.975704013359849
1980-01-22,42.0,6.103741011689867
1980-01-23,36.0,5.2317780100198865
1980-01-24,32.0,4.650469342239899
1980-01-25,29.0,4.2144878414049085
1980-01-26,26.0,3.7785063405699177
1980-01-27,24.0,3.4878520066799243
1980-01-28,22.0,3.1971976727899305
1980-01-29,20.0,2.9065433388999367
1980-01-30,18.0,2.6158890050099433
1980-01-31,16.0,2.3252346711199494
1980-02-01,15.0,2.1799075041749525
1980-02-02,16.0,2.3252346711199494
1980-02-03,56.0,8.138321348919822
1980-02-04,47.0,6.830376846414851
1980-02-05,41.0,5.958413844744871
1980-02-06,35.0,5.086450843074889
1980-02-07,31.0,4.505142175294902
1980-02-08,28.0,4.069160674459911
1980-02-09,26.0,3.7785063405699177
1980-02-10,23.0,3.3425248397349274
1980-02-11,22.0,3.1971976727899305
1980-02-12,19.0,2.7612161719549397
1980-02-13,18.0,2.6158890050099433
1980-02-14,17.0,2.4705618380649463
1980-02-15,16.0,2.3252346711199494
1980-02-16,18.0,2.6158890050099433
1980-02-17,87.0,12.643463524214726
1980-02-18,152.0,22.089729375639518
1980-02-19,165.0,23.978982545924477
1980-02-20,143.0,20.781784873134548
1980-02-21,123.0,17.87524153423461
1980-02-22,114.0,16.56729703172964
1980-02-23,101.0,14.678043861444682
1980-02-24,87.0,12.643463524214726
1980-02-25,73.0,10.60888318698477
1980-02-26,62.0,9.010284350589805
1980-02-27,68.0,9.882247352259785
1980-02-28,106.0,15.404679696169666
1980-02-29,97.0,14.096735193664694
1980-03-01,80.0,11.626173355599747
1980-03-02,65.0,9.446265851424794
1980-03-03,55.0,7.992994181974826
1980-03-04,49.0,7.121031180304845
1980-03-05,70.0,10.172901686149778
1980-03-06,81.0,11.771500522544743
1980-03-07,74.0,10.754210353929766
1980-03-08,62.0,9.010284350589805
1980-03-09,53.0,7.702339848084833
1980-03-10,46.0,6.685049679469855
1980-03-11,41.0,5.958413844744871
1980-03-12,36.0,5.2317780100198865
1980-03-13,39.0,5.667759510854877
1980-03-14,101.0,14.678043861444682
1980-03-15,103.0,14.968698195334674
1980-03-16,81.0,11.771500522544743
1980-03-17,64.0,9.300938684479798
1980-03-18,54.0,7.847667015029829
1980-03-19,46.0,6.685049679469855
1980-03-20,41.0,5.958413844744871
1980-03-21,37.0,5.377105176964883
1980-03-22,33.0,4.795796509184895
1980-03-23,30.0,4.359815008349905
1980-03-24,27.0,3.9238335075149147
1980-03-25,25.0,3.633179173624921
1980-03-26,22.0,3.1971976727899305
1980-03-27,20.0,2.9065433388999367
1980-03-28,18.0,2.6158890050099433
1980-03-29,16.0,2.3252346711199494
1980-03-30,15.0,2.1799075041749525
1980-03-31,14.0,2.0345803372299556
1980-04-01,13.0,1.8892531702849589
1980-04-02,12.0,1.7439260033399622
1980-04-03,11.0,1.5985988363949653
1980-04-04,17.0,2.4705618380649463
1980-04-05,43.0,6.249068178634864
1980-04-06,47.0,6.830376846414851
1980-04-07,46.0,6.685049679469855
1980-04-08,41.0,5.958413844744871
1980-04-09,40.0,5.813086677799873
1980-04-10,36.0,5.2317780100198865
1980-04-11,32.0,4.650469342239899
1980-04-12,30.0,4.359815008349905
1980-04-13,27.0,3.9238335075149147
1980-04-14,25.0,3.633179173624921
1980-04-15,23.0,3.3425248397349274
1980-04-16,20.0,2.9065433388999367
1980-04-17,19.0,2.7612161719549397
1980-04-18,17.0,2.4705618380649463
1980-04-19,16.0,2.3252346711199494
1980-04-20,22.0,3.1971976727899305
1980-04-21,21.0,3.0518705058449336
1980-04-22,18.0,2.6158890050099433
1980-04-23,17.0,2.4705618380649463
1980-04-24,17.0,2.4705618380649463
1980-04-25,16.0,2.3252346711199494
1980-04-26,15.0,2.1799075041749525
1980-04-27,14.0,2.0345803372299556
1980-04-28,13.0,1.8892531702849589
1980-04-29,13.0,1.8892531702849589
1980-04-30,12.0,1.7439260033399622
1980-05-01,11.0,1.5985988363949653
1980-05-02,11.0,1.5985988363949653
1980-05-03,11.0,1.5985988363949653
1980-05-04,9.8,1.424206236060969
1980-05-05,9.6,1.3951408026719696
1980-05-06,9.1,1.3224772191994711
1980-05-07,8.8,1.2788790691159724
1980-05-08,8.2,1.191682768948974
1980-05-09,12.0,1.7439260033399622
1980-05-10,9.6,1.3951408026719696
1980-05-11,8.5,1.2352809190324732
1980-05-12,8.2,1.191682768948974
1980-05-13,8.0,1.1626173355599747
1980-05-14,7.6,1.104486468781976
1980-05-15,7.3,1.060888318698477
1980-05-16,7.0,1.0172901686149778
1980-05-17,6.8,0.9882247352259784
1980-05-18,6.7,0.9736920185314788
1980-05-19,6.5,0.9446265851424794
1980-05-20,6.2,0.9010284350589804
1980-05-21,6.1,0.8864957183644807
1980-05-22,6.1,0.8864957183644807
1980-05-23,6.1,0.8864957183644807
1980-05-24,6.1,0.8864957183644807
1980-05-25,5.9,0.8574302849754813
1980-05-26,5.9,0.8574302849754813
1980-05-27,5.8,0.8428975682809816
1980-05-28,5.5,0.7992994181974826
1980-05-29,5.5,0.7992994181974826
1980-05-30,5.3,0.7702339848084833
1980-05-31,5.2,0.7557012681139836
1980-06-01,5.0,0.7266358347249842
1980-06-02,4.9,0.7121031180304845
1980-06-03,4.9,0.7121031180304845
1980-06-04,4.9,0.7121031180304845
1980-06-05,4.7,0.6830376846414852
1980-06-06,4.7,0.6830376846414852
1980-06-07,4.7,0.6830376846414852
1980-06-08,4.7,0.6830376846414852
1980-06-09,4.6,0.6685049679469854
1980-06-10,4.6,0.6685049679469854
1980-06-11,4.4,0.6394395345579862
1980-06-12,4.4,0.6394395345579862
1980-06-13,4.4,0.6394395345579862
1980-06-14,4.4,0.6394395345579862
1980-06-15,4.3,0.6249068178634863
1980-06-16,4.1,0.595841384474487
1980-06-17,4.0,0.5813086677799874
1980-06-18,4.0,0.5813086677799874
1980-06-19,3.7,0.5377105176964884
1980-06-20,3.7,0.5377105176964884
1980-06-21,3.7,0.5377105176964884
1980-06-22,3.7,0.5377105176964884
1980-06-23,3.7,0.5377105176964884
1980-06-24,3.7,0.5377105176964884
1980-06-25,3.6,0.5231778010019886
1980-06-26,3.6,0.5231778010019886
1980-06-27,3.4,0.4941123676129892
1980-06-28,3.3,0.47957965091848953
1980-06-29,3.3,0.47957965091848953
1980-06-30,3.2,0.4650469342239899
1980-07-01,3.2,0.4650469342239899
1980-07-02,3.1,0.4505142175294902
1980-07-03,3.1,0.4505142175294902
1980-07-04,2.9,0.4214487841404908
1980-07-05,2.9,0.4214487841404908
1980-07-06,2.9,0.4214487841404908
1980-07-07,2.9,0.4214487841404908
1980-07-08,2.9,0.4214487841404908
1980-07-09,2.9,0.4214487841404908
1980-07-10,2.9,0.4214487841404908
1980-07-11,2.8,0.4069160674459911
1980-07-12,2.7,0.3923833507514915
1980-07-13,2.7,0.3923833507514915
1980-07-14,2.7,0.3923833507514915
1980-07-15,2.6,0.3778506340569918
1980-07-16,2.4,0.3487852006679924
1980-07-17,2.3,0.3342524839734927
1980-07-18,2.2,0.3197197672789931
1980-07-19,2.1,0.30518705058449336
1980-07-20,2.1,0.30518705058449336
1980-07-21,2.1,0.30518705058449336
1980-07-22,2.1,0.30518705058449336
1980-07-23,2.0,0.2906543338899937
1980-07-24,2.0,0.2906543338899937
1980-07-25,1.9,0.276121617195494
1980-07-26,1.8,0.2615889005009943
1980-07-27,1.8,0.2615889005009943
1980-07-28,1.8,0.2615889005009943
1980-07-29,1.7,0.2470561838064946
1980-07-30,1.6,0.23252346711199495
1980-07-31,1.6,0.23252346711199495
1980-08-01,1.6,0.23252346711199495
1980-08-02,1.5,0.21799075041749527
1980-08-03,1.5,0.21799075041749527
1980-08-04,1.5,0.21799075041749527
1980-08-05,1.5,0.21799075041749527
1980-08-06,1.5,0.21799075041749527
1980-08-07,1.4,0.20345803372299556
1980-08-08,1.4,0.20345803372299556
1980-08-09,1.4,0.20345803372299556
1980-08-10,1.4,0.20345803372299556
1980-08-11,1.3,0.1889253170284959
1980-08-12,1.3,0.1889253170284959
1980-08-13,1.3,0.1889253170284959
1980-08-14,1.3,0.1889253170284959
1980-08-15,1.3,0.1889253170284959
1980-08-16,1.2,0.1743926003339962
1980-08-17,1.2,0.1743926003339962
1980-08-18,1.2,0.1743926003339962
1980-08-19,1.2,0.1743926003339962
1980-08-20,1.2,0.1743926003339962
1980-08-21,1.2,0.1743926003339962
1980-08-22,1.1,0.15985988363949655
1980-08-23,1.1,0.15985988363949655
1980-08-24,1.1,0.15985988363949655
1980-08-25,1.0,0.14532716694499684
1980-08-26,1.0,0.14532716694499684
1980-08-27,1.0,0.14532716694499684
1980-08-28,1.0,0.14532716694499684
1980-08-29,1.0,0.14532716694499684
1980-08-30,1.0,0.14532716694499684
1980-08-31,0.94,0.13660753692829702
1980-09-01,0.94,0.13660753692829702
1980-09-02,0.94,0.13660753692829702
1980-09-03,0.94,0.13660753692829702
1980-09-04,0.89,0.12934117858104718
1980-09-05,0.88,0.1278879069115972
1980-09-06,0.88,0.1278879069115972
1980-09-07,0.88,0.1278879069115972
1980-09-08,0.88,0.1278879069115972
1980-09-09,0.85,0.1235280919032473
1980-09-10,0.84,0.12207482023379734
1980-09-11,0.8,0.11626173355599748
1980-09-12,0.8,0.11626173355599748
1980-09-13,0.8,0.11626173355599748
1980-09-14,0.76,0.1104486468781976
1980-09-15,0.76,0.1104486468781976
1980-09-16,0.76,0.1104486468781976
1980-09-17,0.72,0.10463556020039771
1980-09-18,0.72,0.10463556020039771
1980-09-19,0.72,0.10463556020039771
1980-09-20,0.74,0.10754210353929766
1980-09-21,0.76,0.1104486468781976
1980-09-22,0.76,0.1104486468781976
1980-09-23,0.74,0.10754210353929766
1980-09-24,0.72,0.10463556020039771
1980-09-25,0.7,0.10172901686149778
1980-09-26,0.68,0.09882247352259786
1980-09-27,0.68,0.09882247352259786
1980-09-28,0.68,0.09882247352259786
1980-09-29,0.66,0.09591593018369791
1980-09-30,0.66,0.09591593018369791
1980-10-01,0.66,0.09591593018369791
1980-10-02,0.66,0.09591593018369791
1980-10-03,0.66,0.09591593018369791
1980-10-04,0.66,0.09591593018369791
1980-10-05,0.66,0.09591593018369791
1980-10-06,0.66,0.09591593018369791
1980-10-07,0.66,0.09591593018369791
1980-10-08,0.66,0.09591593018369791
1980-10-09,0.66,0.09591593018369791
1980-10-10,0.66,0.09591593018369791
1980-10-11,0.7,0.10172901686149778
1980-10-12,2.9,0.4214487841404908
1980-10-13,2.7,0.3923833507514915
1980-10-14,2.1,0.30518705058449336
1980-10-15,1.7,0.2470561838064946
1980-10-16,1.5,0.21799075041749527
1980-10-17,1.5,0.21799075041749527
1980-10-18,1.4,0.20345803372299556
1980-10-19,1.3,0.1889253170284959
1980-10-20,1.3,0.1889253170284959
1980-10-21,1.3,0.1889253170284959
1980-10-22,1.2,0.1743926003339962
1980-10-23,1.2,0.1743926003339962
1980-10-24,1.2,0.1743926003339962
1980-10-25,1.2,0.1743926003339962
1980-10-26,1.2,0.1743926003339962
1980-10-27,1.2,0.1743926003339962
1980-10-28,1.2,0.1743926003339962
1980-10-29,1.1,0.15985988363949655
1980-10-30,1.1,0.15985988363949655
1980-10-31,1.1,0.15985988363949655
1980-11-01,1.1,0.15985988363949655
1980-11-02,1.2,0.1743926003339962
1980-11-03,1.3,0.1889253170284959
1980-11-04,1.3,0.1889253170284959
1980-11-05,1.3,0.1889253170284959
1980-11-06,1.3,0.1889253170284959
1980-11-07,2.7,0.3923833507514915
1980-11-08,2.2,0.3197197672789931
1980-11-09,1.7,0.2470561838064946
1980-11-10,1.3,0.1889253170284959
1980-11-11,1.1,0.15985988363949655
1980-11-12,1.1,0.15985988363949655
1980-11-13,1.0,0.14532716694499684
1980-11-14,1.0,0.14532716694499684
1980-11-15,1.0,0.14532716694499684
1980-11-16,1.0,0.14532716694499684
1980-11-17,1.0,0.14532716694499684
1980-11-18,1.0,0.14532716694499684
1980-11-19,1.0,0.14532716694499684
1980-11-20,1.0,0.14532716694499684
1980-11-21,1.4,0.20345803372299556
1980-11-22,3.0,0.43598150083499054
1980-11-23,2.4,0.3487852006679924
1980-11-24,1.9,0.276121617195494
1980-11-25,1.6,0.23252346711199495
1980-11-26,1.4,0.20345803372299556
1980-11-27,1.3,0.1889253170284959
1980-11-28,1.2,0.1743926003339962
1980-11-29,2.1,0.30518705058449336
1980-11-30,2.9,0.4214487841404908
1980-12-01,6.1,0.8864957183644807
1980-12-02,27.0,3.9238335075149147
1980-12-03,128.0,18.601877368959595
1980-12-04,60.0,8.71963001669981
1980-12-05,35.0,5.086450843074889
1980-12-06,21.0,3.0518705058449336
1980-12-07,13.0,1.8892531702849589
1980-12-08,9.0,1.3079445025049716
1980-12-09,6.6,0.9591593018369791
1980-12-10,5.2,0.7557012681139836
1980-12-11,4.6,0.6685049679469854
1980-12-12,4.2,0.6103741011689867
1980-12-13,3.8,0.552243234390988
1980-12-14,3.5,0.5086450843074889
1980-12-15,3.3,0.47957965091848953
1980-12-16,3.1,0.4505142175294902
1980-12-17,2.9,0.4214487841404908
1980-12-18,2.8,0.4069160674459911
1980-12-19,2.7,0.3923833507514915
1980-12-20,2.7,0.3923833507514915
1980-12-21,14.0,2.0345803372299556
1980-12-22,10.0,1.4532716694499683
1980-12-23,8.0,1.1626173355599747
1980-12-24,7.4,1.0754210353929767
1980-12-25,6.9,1.0027574519204783
1980-12-26,6.3,0.9155611517534801
1980-12-27,6.7,0.9736920185314788
1980-12-28,6.2,0.9010284350589804
1980-12-29,5.8,0.8428975682809816
1980-12-30,5.8,0.8428975682809816
1980-12-31,5.6,0.8138321348919823
1981-01-01,5.2,0.7557012681139836
1981-01-02,5.0,0.7266358347249842
1981-01-03,5.0,0.7266358347249842
1981-01-04,5.2,0.7557012681139836
1981-01-05,5.0,0.7266358347249842
1981-01-06,4.5,0.6539722512524858
1981-01-07,4.2,0.6103741011689867
1981-01-08,3.8,0.552243234390988
1981-01-09,3.6,0.5231778010019886
1981-01-10,3.3,0.47957965091848953
1981-01-11,3.2,0.4650469342239899
1981-01-12,2.9,0.4214487841404908
1981-01-13,2.8,0.4069160674459911
1981-01-14,2.7,0.3923833507514915
1981-01-15,2.6,0.3778506340569918
1981-01-16,3.5,0.5086450843074889
1981-01-17,5.2,0.7557012681139836
1981-01-18,6.0,0.8719630016699811
1981-01-19,9.2,1.3370099358939709
1981-01-20,16.0,2.3252346711199494
1981-01-21,29.0,4.2144878414049085
1981-01-22,74.0,10.754210353929766
1981-01-23,50.0,7.266358347249842
1981-01-24,40.0,5.813086677799873
1981-01-25,35.0,5.086450843074889
1981-01-26,38.0,5.5224323439098795
1981-01-27,60.0,8.71963001669981
1981-01-28,215.0,31.24534089317432
1981-01-29,185.0,26.885525884824414
1981-01-30,132.0,19.18318603673958
1981-01-31,104.0,15.114025362279671
1981-02-01,86.0,12.498136357269727
1981-02-02,73.0,10.60888318698477
1981-02-03,60.0,8.71963001669981
1981-02-04,49.0,7.121031180304845
1981-02-05,41.0,5.958413844744871
1981-02-06,34.0,4.941123676129893
1981-02-07,29.0,4.2144878414049085
1981-02-08,24.0,3.4878520066799243
1981-02-09,21.0,3.0518705058449336
1981-02-10,17.0,2.4705618380649463
1981-02-11,15.0,2.1799075041749525
1981-02-12,15.0,2.1799075041749525
1981-02-13,35.0,5.086450843074889
1981-02-14,100.0,14.532716694499683
1981-02-15,84.0,12.207482023379734
1981-02-16,66.0,9.59159301836979
1981-02-17,56.0,8.138321348919822
1981-02-18,50.0,7.266358347249842
1981-02-19,43.0,6.249068178634864
1981-02-20,37.0,5.377105176964883
1981-02-21,32.0,4.650469342239899
1981-02-22,28.0,4.069160674459911
1981-02-23,25.0,3.633179173624921
1981-02-24,33.0,4.795796509184895
1981-02-25,37.0,5.377105176964883
1981-02-26,49.0,7.121031180304845
1981-02-27,69.0,10.027574519204782
1981-02-28,64.0,9.300938684479798
1981-03-01,54.0,7.847667015029829
1981-03-02,47.0,6.830376846414851
1981-03-03,43.0,6.249068178634864
1981-03-04,54.0,7.847667015029829
1981-03-05,48.0,6.975704013359849
1981-03-06,44.0,6.394395345579861
1981-03-07,40.0,5.813086677799873
1981-03-08,36.0,5.2317780100198865
1981-03-09,33.0,4.795796509184895
1981-03-10,30.0,4.359815008349905
1981-03-11,27.0,3.9238335075149147
1981-03-12,24.0,3.4878520066799243
1981-03-13,22.0,3.1971976727899305
1981-03-14,20.0,2.9065433388999367
1981-03-15,23.0,3.3425248397349274
1981-03-16,21.0,3.0518705058449336
1981-03-17,19.0,2.7612161719549397
1981-03-18,19.0,2.7612161719549397
1981-03-19,19.0,2.7612161719549397
1981-03-20,26.0,3.7785063405699177
1981-03-21,43.0,6.249068178634864
1981-03-22,54.0,7.847667015029829
1981-03-23,50.0,7.266358347249842
1981-03-24,43.0,6.249068178634864
1981-03-25,54.0,7.847667015029829
1981-03-26,73.0,10.60888318698477
1981-03-27,69.0,10.027574519204782
1981-03-28,58.0,8.428975682809817
1981-03-29,50.0,7.266358347249842
1981-03-30,43.0,6.249068178634864
1981-03-31,37.0,5.377105176964883
1981-04-01,34.0,4.941123676129893
1981-04-02,31.0,4.505142175294902
1981-04-03,28.0,4.069160674459911
1981-04-04,25.0,3.633179173624921
1981-04-05,23.0,3.3425248397349274
1981-04-06,21.0,3.0518705058449336
1981-04-07,19.0,2.7612161719549397
1981-04-08,19.0,2.7612161719549397
1981-04-09,17.0,2.4705618380649463
1981-04-10,16.0,2.3252346711199494
1981-04-11,15.0,2.1799075041749525
1981-04-12,14.0,2.0345803372299556
1981-04-13,13.0,1.8892531702849589
1981-04-14,13.0,1.8892531702849589
1981-04-15,12.0,1.7439260033399622
1981-04-16,11.0,1.5985988363949653
1981-04-17,11.0,1.5985988363949653
1981-04-18,9.8,1.424206236060969
1981-04-19,10.0,1.4532716694499683
1981-04-20,9.4,1.3660753692829704
1981-04-21,9.1,1.3224772191994711
1981-04-22,8.6,1.2498136357269727
1981-04-23,8.3,1.206215485643474
1981-04-24,8.1,1.1771500522544744
1981-04-25,7.6,1.104486468781976
1981-04-26,7.3,1.060888318698477
1981-04-27,6.9,1.0027574519204783
1981-04-28,6.5,0.9446265851424794
1981-04-29,6.5,0.9446265851424794
1981-04-30,6.5,0.9446265851424794
1981-05-01,6.3,0.9155611517534801
1981-05-02,5.9,0.8574302849754813
1981-05-03,5.8,0.8428975682809816
1981-05-04,5.6,0.8138321348919823
1981-05-05,5.5,0.7992994181974826
1981-05-06,5.5,0.7992994181974826
1981-05-07,5.5,0.7992994181974826
1981-05-08,5.3,0.7702339848084833
1981-05-09,5.2,0.7557012681139836
1981-05-10,4.9,0.7121031180304845
1981-05-11,4.7,0.6830376846414852
1981-05-12,4.6,0.6685049679469854
1981-05-13,4.6,0.6685049679469854
1981-05-14,4.6,0.6685049679469854
1981-05-15,4.7,0.6830376846414852
1981-05-16,4.6,0.6685049679469854
1981-05-17,5.0,0.7266358347249842
1981-05-18,11.0,1.5985988363949653
1981-05-19,6.1,0.8864957183644807
1981-05-20,5.5,0.7992994181974826
1981-05-21,5.0,0.7266358347249842
1981-05-22,4.9,0.7121031180304845
1981-05-23,4.7,0.6830376846414852
1981-05-24,4.4,0.6394395345579862
1981-05-25,4.4,0.6394395345579862
1981-05-26,4.3,0.6249068178634863
1981-05-27,4.0,0.5813086677799874
1981-05-28,3.7,0.5377105176964884
1981-05-29,3.6,0.5231778010019886
1981-05-30,3.4,0.4941123676129892
1981-05-31,3.6,0.5231778010019886
1981-06-01,3.4,0.4941123676129892
1981-06-02,3.4,0.4941123676129892
1981-06-03,3.3,0.47957965091848953
1981-06-04,3.2,0.4650469342239899
1981-06-05,3.3,0.47957965091848953
1981-06-06,3.2,0.4650469342239899
1981-06-07,3.1,0.4505142175294902
1981-06-08,3.3,0.47957965091848953
1981-06-09,3.3,0.47957965091848953
1981-06-10,3.2,0.4650469342239899
1981-06-11,3.1,0.4505142175294902
1981-06-12,2.9,0.4214487841404908
1981-06-13,3.1,0.4505142175294902
1981-06-14,2.9,0.4214487841404908
1981-06-15,3.1,0.4505142175294902
1981-06-16,2.9,0.4214487841404908
1981-06-17,2.8,0.4069160674459911
1981-06-18,2.8,0.4069160674459911
1981-06-19,2.7,0.3923833507514915
1981-06-20,2.9,0.4214487841404908
1981-06-21,2.8,0.4069160674459911
1981-06-22,2.7,0.3923833507514915
1981-06-23,2.7,0.3923833507514915
1981-06-24,2.5,0.3633179173624921
1981-06-25,2.4,0.3487852006679924
1981-06-26,2.4,0.3487852006679924
1981-06-27,2.3,0.3342524839734927
1981-06-28,2.3,0.3342524839734927
1981-06-29,2.3,0.3342524839734927
1981-06-30,2.2,0.3197197672789931
1981-07-01,2.1,0.30518705058449336
1981-07-02,2.1,0.30518705058449336
1981-07-03,2.0,0.2906543338899937
1981-07-04,1.9,0.276121617195494
1981-07-05,1.9,0.276121617195494
1981-07-06,1.9,0.276121617195494
1981-07-07,1.9,0.276121617195494
1981-07-08,1.8,0.2615889005009943
1981-07-09,1.8,0.2615889005009943
1981-07-10,1.8,0.2615889005009943
1981-07-11,1.8,0.2615889005009943
1981-07-12,1.8,0.2615889005009943
1981-07-13,1.8,0.2615889005009943
1981-07-14,1.7,0.2470561838064946
1981-07-15,1.7,0.2470561838064946
1981-07-16,1.6,0.23252346711199495
1981-07-17,1.5,0.21799075041749527
1981-07-18,1.5,0.21799075041749527
1981-07-19,1.4,0.20345803372299556
1981-07-20,1.3,0.1889253170284959
1981-07-21,1.3,0.1889253170284959
1981-07-22,1.3,0.1889253170284959
1981-07-23,1.2,0.1743926003339962
1981-07-24,1.2,0.1743926003339962
1981-07-25,1.1,0.15985988363949655
1981-07-26,1.1,0.15985988363949655
1981-07-27,1.1,0.15985988363949655
1981-07-28,1.0,0.14532716694499684
1981-07-29,0.95,0.138060808597747
1981-07-30,0.88,0.1278879069115972
1981-07-31,0.88,0.1278879069115972
1981-08-01,0.88,0.1278879069115972
1981-08-02,0.88,0.1278879069115972
1981-08-03,0.88,0.1278879069115972
1981-08-04,0.88,0.1278879069115972
1981-08-05,0.88,0.1278879069115972
1981-08-06,0.88,0.1278879069115972
1981-08-07,0.8,0.11626173355599748
1981-08-08,0.71,0.10318228853094775
1981-08-09,0.71,0.10318228853094775
1981-08-10,0.64,0.09300938684479798
1981-08-11,0.64,0.09300938684479798
1981-08-12,0.64,0.09300938684479798
1981-08-13,0.57,0.0828364851586482
1981-08-14,0.57,0.0828364851586482
1981-08-15,0.57,0.0828364851586482
1981-08-16,0.57,0.0828364851586482
1981-08-17,0.5,0.07266358347249842
1981-08-18,0.5,0.07266358347249842
1981-08-19,0.5,0.07266358347249842
1981-08-20,0.57,0.0828364851586482
1981-08-21,0.57,0.0828364851586482
1981-08-22,0.57,0.0828364851586482
1981-08-23,0.57,0.0828364851586482
1981-08-24,0.64,0.09300938684479798
1981-08-25,0.64,0.09300938684479798
1981-08-26,0.58,0.08428975682809817
1981-08-27,0.57,0.0828364851586482
1981-08-28,0.57,0.0828364851586482
1981-08-29,0.57,0.0828364851586482
1981-08-30,0.57,0.0828364851586482
1981-08-31,0.57,0.0828364851586482
1981-09-01,0.57,0.0828364851586482
1981-09-02,0.44,0.0639439534557986
1981-09-03,0.42,0.06103741011689867
1981-09-04,0.42,0.06103741011689867
1981-09-05,0.35,0.05086450843074889
1981-09-06,0.36,0.05231778010019886
1981-09-07,0.39,0.05667759510854877
1981-09-08,0.35,0.05086450843074889
1981-09-09,0.28,0.04069160674459912
1981-09-10,0.27,0.03923833507514915
1981-09-11,0.27,0.03923833507514915
1981-09-12,0.27,0.03923833507514915
1981-09-13,0.27,0.03923833507514915
1981-09-14,0.27,0.03923833507514915
1981-09-15,0.27,0.03923833507514915
1981-09-16,0.35,0.05086450843074889
1981-09-17,0.42,0.06103741011689867
1981-09-18,0.42,0.06103741011689867
1981-09-19,0.42,0.06103741011689867
1981-09-20,0.42,0.06103741011689867
1981-09-21,0.42,0.06103741011689867
1981-09-22,0.42,0.06103741011689867
1981-09-23,0.42,0.06103741011689867
1981-09-24,0.57,0.0828364851586482
1981-09-25,0.8,0.11626173355599748
1981-09-26,1.1,0.15985988363949655
1981-09-27,3.5,0.5086450843074889
1981-09-28,2.4,0.3487852006679924
1981-09-29,1.3,0.1889253170284959
1981-09-30,0.94,0.13660753692829702
1981-10-01,0.81,0.11771500522544745
1981-10-02,0.73,0.10608883186984769
1981-10-03,0.73,0.10608883186984769
1981-10-04,0.73,0.10608883186984769
1981-10-05,0.73,0.10608883186984769
1981-10-06,1.3,0.1889253170284959
1981-10-07,2.9,0.4214487841404908
1981-10-08,1.8,0.2615889005009943
1981-10-09,1.4,0.20345803372299556
1981-10-10,2.3,0.3342524839734927
1981-10-11,2.4,0.3487852006679924
1981-10-12,1.9,0.276121617195494
1981-10-13,1.5,0.21799075041749527
1981-10-14,1.2,0.1743926003339962
1981-10-15,1.1,0.15985988363949655
1981-10-16,1.0,0.14532716694499684
1981-10-17,0.98,0.1424206236060969
1981-10-18,0.97,0.14096735193664692
1981-10-19,0.91,0.13224772191994713
1981-10-20,0.91,0.13224772191994713
1981-10-21,0.91,0.13224772191994713
1981-10-22,0.91,0.13224772191994713
1981-10-23,0.91,0.13224772191994713
1981-10-24,0.84,0.12207482023379734
1981-10-25,0.84,0.12207482023379734
1981-10-26,0.86,0.12498136357269728
1981-10-27,3.4,0.4941123676129892
1981-10-28,22.0,3.1971976727899305
1981-10-29,16.0,2.3252346711199494
1981-10-30,8.1,1.1771500522544744
1981-10-31,5.2,0.7557012681139836
1981-11-01,4.0,0.5813086677799874
1981-11-02,3.4,0.4941123676129892
1981-11-03,2.9,0.4214487841404908
1981-11-04,2.7,0.3923833507514915
1981-11-05,2.5,0.3633179173624921
1981-11-06,2.3,0.3342524839734927
1981-11-07,2.2,0.3197197672789931
1981-11-08,2.0,0.2906543338899937
1981-11-09,1.9,0.276121617195494
1981-11-10,2.6,0.3778506340569918
1981-11-11,4.8,0.6975704013359848
1981-11-12,14.0,2.0345803372299556
1981-11-13,23.0,3.3425248397349274
1981-11-14,47.0,6.830376846414851
1981-11-15,219.0,31.82664956095431
1981-11-16,189.0,27.466834552604404
1981-11-17,160.0,23.252346711199493
1981-11-18,108.0,15.695334030059659
1981-11-19,73.0,10.60888318698477
1981-11-20,56.0,8.138321348919822
1981-11-21,79.0,11.48084618865475
1981-11-22,81.0,11.771500522544743
1981-11-23,129.0,18.747204535904594
1981-11-24,137.0,19.909821871464565
1981-11-25,108.0,15.695334030059659
1981-11-26,92.0,13.37009935893971
1981-11-27,87.0,12.643463524214726
1981-11-28,75.0,10.899537520874762
1981-11-29,63.0,9.155611517534801
1981-11-30,52.0,7.5570126811398355
1981-12-01,45.0,6.5397225125248575
1981-12-02,40.0,5.813086677799873
1981-12-03,36.0,5.2317780100198865
1981-12-04,33.0,4.795796509184895
1981-12-05,30.0,4.359815008349905
1981-12-06,62.0,9.010284350589805
1981-12-07,72.0,10.463556020039773
1981-12-08,61.0,8.864957183644806
1981-12-09,70.0,10.172901686149778
1981-12-10,82.0,11.916827689489741
1981-12-11,73.0,10.60888318698477
1981-12-12,68.0,9.882247352259785
1981-12-13,77.0,11.190191854764757
1981-12-14,93.0,13.515426525884706
1981-12-15,121.0,17.584587200344618
1981-12-16,109.0,15.840661197004655
1981-12-17,85.0,12.35280919032473
1981-12-18,145.0,21.07243920702454
1981-12-19,612.0,88.94022617033806
1981-12-20,473.0,68.7397499649835
1981-12-21,296.0,43.016841415719064
1981-12-22,197.0,28.62945188816438
1981-12-23,140.0,20.345803372299557
1981-12-24,112.0,16.276642697839645
1981-12-25,96.0,13.951408026719697
1981-12-26,84.0,12.207482023379734
1981-12-27,60.0,8.71963001669981
1981-12-28,77.0,11.190191854764757
1981-12-29,156.0,22.671038043419507
1981-12-30,166.0,24.124309712869476
1981-12-31,140.0,20.345803372299557
1982-01-01,126.0,18.311223035069602
1982-01-02,111.0,16.13131553089465
1982-01-03,101.0,14.678043861444682
1982-01-04,104.0,15.114025362279671
1982-01-05,105.0,15.259352529224667
1982-01-06,95.0,13.8060808597747
1982-01-07,84.0,12.207482023379734
1982-01-08,64.0,9.300938684479798
1982-01-09,54.0,7.847667015029829
1982-01-10,45.0,6.5397225125248575
1982-01-11,40.0,5.813086677799873
1982-01-12,35.0,5.086450843074889
1982-01-13,31.0,4.505142175294902
1982-01-14,28.0,4.069160674459911
1982-01-15,24.0,3.4878520066799243
1982-01-16,21.0,3.0518705058449336
1982-01-17,19.0,2.7612161719549397
1982-01-18,20.0,2.9065433388999367
1982-01-19,18.0,2.6158890050099433
1982-01-20,18.0,2.6158890050099433
1982-01-21,16.0,2.3252346711199494
1982-01-22,15.0,2.1799075041749525
1982-01-23,22.0,3.1971976727899305
1982-01-24,24.0,3.4878520066799243
1982-01-25,25.0,3.633179173624921
1982-01-26,59.0,8.574302849754813
1982-01-27,64.0,9.300938684479798
1982-01-28,67.0,9.736920185314789
1982-01-29,63.0,9.155611517534801
1982-01-30,52.0,7.5570126811398355
1982-01-31,43.0,6.249068178634864
1982-02-01,37.0,5.377105176964883
1982-02-02,33.0,4.795796509184895
1982-02-03,29.0,4.2144878414049085
1982-02-04,25.0,3.633179173624921
1982-02-05,22.0,3.1971976727899305
1982-02-06,19.0,2.7612161719549397
1982-02-07,17.0,2.4705618380649463
1982-02-08,15.0,2.1799075041749525
1982-02-09,14.0,2.0345803372299556
1982-02-10,12.0,1.7439260033399622
1982-02-11,12.0,1.7439260033399622
1982-02-12,11.0,1.5985988363949653
1982-02-13,28.0,4.069160674459911
1982-02-14,120.0,17.43926003339962
1982-02-15,291.0,42.29020558099408
1982-02-16,314.0,45.632730420729004
1982-02-17,159.0,23.1070195442545
1982-02-18,127.0,18.456550202014597
1982-02-19,103.0,14.968698195334674
1982-02-20,81.0,11.771500522544743
1982-02-21,60.0,8.71963001669981
1982-02-22,47.0,6.830376846414851
1982-02-23,39.0,5.667759510854877
1982-02-24,33.0,4.795796509184895
1982-02-25,29.0,4.2144878414049085
1982-02-26,29.0,4.2144878414049085
1982-02-27,25.0,3.633179173624921
1982-02-28,24.0,3.4878520066799243
1982-03-01,64.0,9.300938684479798
1982-03-02,90.0,13.079445025049715
1982-03-03,97.0,14.096735193664694
1982-03-04,95.0,13.8060808597747
1982-03-05,84.0,12.207482023379734
1982-03-06,63.0,9.155611517534801
1982-03-07,49.0,7.121031180304845
1982-03-08,41.0,5.958413844744871
1982-03-09,35.0,5.086450843074889
1982-03-10,32.0,4.650469342239899
1982-03-11,30.0,4.359815008349905
1982-03-12,27.0,3.9238335075149147
1982-03-13,22.0,3.1971976727899305
1982-03-14,20.0,2.9065433388999367
1982-03-15,16.0,2.3252346711199494
1982-03-16,17.0,2.4705618380649463
1982-03-17,16.0,2.3252346711199494
1982-03-18,14.0,2.0345803372299556
1982-03-19,13.0,1.8892531702849589
1982-03-20,13.0,1.8892531702849589
1982-03-21,12.0,1.7439260033399622
1982-03-22,12.0,1.7439260033399622
1982-03-23,11.0,1.5985988363949653
1982-03-24,11.0,1.5985988363949653
1982-03-25,11.0,1.5985988363949653
1982-03-26,10.0,1.4532716694499683
1982-03-27,10.0,1.4532716694499683
1982-03-28,16.0,2.3252346711199494
1982-03-29,19.0,2.7612161719549397
1982-03-30,55.0,7.992994181974826
1982-03-31,147.0,21.363093540914534
1982-04-01,104.0,15.114025362279671
1982-04-02,122.0,17.729914367289613
1982-04-03,147.0,21.363093540914534
1982-04-04,130.0,18.89253170284959
1982-04-05,97.0,14.096735193664694
1982-04-06,88.0,12.788790691159722
1982-04-07,79.0,11.48084618865475
1982-04-08,66.0,9.59159301836979
1982-04-09,59.0,8.574302849754813
1982-04-10,105.0,15.259352529224667
1982-04-11,258.0,37.49440907180919
1982-04-12,208.0,30.228050724559342
1982-04-13,181.0,26.304217217044428
1982-04-14,208.0,30.228050724559342
1982-04-15,140.0,20.345803372299557
1982-04-16,108.0,15.695334030059659
1982-04-17,83.0,12.062154856434738
1982-04-18,72.0,10.463556020039773
1982-04-19,63.0,9.155611517534801
1982-04-20,58.0,8.428975682809817
1982-04-21,55.0,7.992994181974826
1982-04-22,48.0,6.975704013359849
1982-04-23,48.0,6.975704013359849
1982-04-24,43.0,6.249068178634864
1982-04-25,39.0,5.667759510854877
1982-04-26,36.0,5.2317780100198865
1982-04-27,32.0,4.650469342239899
1982-04-28,29.0,4.2144878414049085
1982-04-29,27.0,3.9238335075149147
1982-04-30,24.0,3.4878520066799243
1982-05-01,21.0,3.0518705058449336
1982-05-02,21.0,3.0518705058449336
1982-05-03,19.0,2.7612161719549397
1982-05-04,18.0,2.6158890050099433
1982-05-05,16.0,2.3252346711199494
1982-05-06,16.0,2.3252346711199494
1982-05-07,14.0,2.0345803372299556
1982-05-08,14.0,2.0345803372299556
1982-05-09,14.0,2.0345803372299556
1982-05-10,13.0,1.8892531702849589
1982-05-11,13.0,1.8892531702849589
1982-05-12,12.0,1.7439260033399622
1982-05-13,12.0,1.7439260033399622
1982-05-14,11.0,1.5985988363949653
1982-05-15,10.0,1.4532716694499683
1982-05-16,9.9,1.4387389527554688
1982-05-17,9.6,1.3951408026719696
1982-05-18,9.3,1.3515426525884706
1982-05-19,8.7,1.2643463524214724
1982-05-20,8.6,1.2498136357269727
1982-05-21,8.2,1.191682768948974
1982-05-22,8.1,1.1771500522544744
1982-05-23,7.7,1.1190191854764757
1982-05-24,7.4,1.0754210353929767
1982-05-25,7.1,1.0318228853094775
1982-05-26,6.8,0.9882247352259784
1982-05-27,6.7,0.9736920185314788
1982-05-28,6.6,0.9591593018369791
1982-05-29,6.5,0.9446265851424794
1982-05-30,6.3,0.9155611517534801
1982-05-31,6.1,0.8864957183644807
1982-06-01,6.1,0.8864957183644807
1982-06-02,6.1,0.8864957183644807
1982-06-03,5.9,0.8574302849754813
1982-06-04,5.7,0.828364851586482
1982-06-05,5.7,0.828364851586482
1982-06-06,5.6,0.8138321348919823
1982-06-07,5.4,0.784766701502983
1982-06-08,5.2,0.7557012681139836
1982-06-09,5.0,0.7266358347249842
1982-06-10,4.9,0.7121031180304845
1982-06-11,4.9,0.7121031180304845
1982-06-12,4.9,0.7121031180304845
1982-06-13,4.7,0.6830376846414852
1982-06-14,4.5,0.6539722512524858
1982-06-15,4.4,0.6394395345579862
1982-06-16,4.3,0.6249068178634863
1982-06-17,4.1,0.595841384474487
1982-06-18,4.0,0.5813086677799874
1982-06-19,3.9,0.5667759510854876
1982-06-20,3.9,0.5667759510854876
1982-06-21,3.8,0.552243234390988
1982-06-22,3.6,0.5231778010019886
1982-06-23,3.4,0.4941123676129892
1982-06-24,3.4,0.4941123676129892
1982-06-25,3.2,0.4650469342239899
1982-06-26,3.9,0.5667759510854876
1982-06-27,4.6,0.6685049679469854
1982-06-28,4.0,0.5813086677799874
1982-06-29,4.1,0.595841384474487
1982-06-30,3.8,0.552243234390988
1982-07-01,3.5,0.5086450843074889
1982-07-02,3.5,0.5086450843074889
1982-07-03,3.4,0.4941123676129892
1982-07-04,3.2,0.4650469342239899
1982-07-05,3.2,0.4650469342239899
1982-07-06,3.1,0.4505142175294902
1982-07-07,3.0,0.43598150083499054
1982-07-08,2.9,0.4214487841404908
1982-07-09,2.8,0.4069160674459911
1982-07-10,2.7,0.3923833507514915
1982-07-11,2.7,0.3923833507514915
1982-07-12,2.6,0.3778506340569918
1982-07-13,2.5,0.3633179173624921
1982-07-14,2.5,0.3633179173624921
1982-07-15,2.4,0.3487852006679924
1982-07-16,2.4,0.3487852006679924
1982-07-17,2.4,0.3487852006679924
1982-07-18,2.3,0.3342524839734927
1982-07-19,2.2,0.3197197672789931
1982-07-20,2.0,0.2906543338899937
1982-07-21,1.7,0.2470561838064946
1982-07-22,1.7,0.2470561838064946
1982-07-23,1.6,0.23252346711199495
1982-07-24,1.6,0.23252346711199495
1982-07-25,1.5,0.21799075041749527
1982-07-26,1.5,0.21799075041749527
1982-07-27,1.5,0.21799075041749527
1982-07-28,1.5,0.21799075041749527
1982-07-29,1.4,0.20345803372299556
1982-07-30,1.4,0.20345803372299556
1982-07-31,1.4,0.20345803372299556
1982-08-01,1.3,0.1889253170284959
1982-08-02,1.3,0.1889253170284959
1982-08-03,1.3,0.1889253170284959
1982-08-04,1.3,0.1889253170284959
1982-08-05,1.3,0.1889253170284959
1982-08-06,1.3,0.1889253170284959
1982-08-07,1.2,0.1743926003339962
1982-08-08,1.2,0.1743926003339962
1982-08-09,1.2,0.1743926003339962
1982-08-10,1.2,0.1743926003339962
1982-08-11,1.2,0.1743926003339962
1982-08-12,1.2,0.1743926003339962
1982-08-13,1.2,0.1743926003339962
1982-08-14,1.2,0.1743926003339962
1982-08-15,1.2,0.1743926003339962
1982-08-16,1.1,0.15985988363949655
1982-08-17,1.1,0.15985988363949655
1982-08-18,1.0,0.14532716694499684
1982-08-19,0.95,0.138060808597747
1982-08-20,0.95,0.138060808597747
1982-08-21,0.89,0.12934117858104718
1982-08-22,0.89,0.12934117858104718
1982-08-23,0.89,0.12934117858104718
1982-08-24,0.89,0.12934117858104718
1982-08-25,0.89,0.12934117858104718
1982-08-26,0.83,0.12062154856434737
1982-08-27,0.82,0.1191682768948974
1982-08-28,0.82,0.1191682768948974
1982-08-29,0.82,0.1191682768948974
1982-08-30,0.85,0.1235280919032473
1982-08-31,0.89,0.12934117858104718
1982-09-01,0.89,0.12934117858104718
1982-09-02,0.82,0.1191682768948974
1982-09-03,0.82,0.1191682768948974
1982-09-04,0.82,0.1191682768948974
1982-09-05,0.82,0.1191682768948974
1982-09-06,0.82,0.1191682768948974
1982-09-07,0.76,0.1104486468781976
1982-09-08,0.76,0.1104486468781976
1982-09-09,0.76,0.1104486468781976
1982-09-10,0.76,0.1104486468781976
1982-09-11,0.76,0.1104486468781976
1982-09-12,0.7,0.10172901686149778
1982-09-13,0.7,0.10172901686149778
1982-09-14,0.7,0.10172901686149778
1982-09-15,0.74,0.10754210353929766
1982-09-16,1.1,0.15985988363949655
1982-09-17,1.2,0.1743926003339962
1982-09-18,1.4,0.20345803372299556
1982-09-19,1.3,0.1889253170284959
1982-09-20,1.2,0.1743926003339962
1982-09-21,1.2,0.1743926003339962
1982-09-22,1.1,0.15985988363949655
1982-09-23,1.0,0.14532716694499684
1982-09-24,0.95,0.138060808597747
1982-09-25,0.95,0.138060808597747
1982-09-26,0.95,0.138060808597747
1982-09-27,0.95,0.138060808597747
1982-09-28,0.95,0.138060808597747
1982-09-29,0.95,0.138060808597747
1982-09-30,0.95,0.138060808597747
1982-10-01,0.95,0.138060808597747
1982-10-02,0.95,0.138060808597747
1982-10-03,0.89,0.12934117858104718
1982-10-04,0.89,0.12934117858104718
1982-10-05,0.89,0.12934117858104718
1982-10-06,1.1,0.15985988363949655
1982-10-07,1.2,0.1743926003339962
1982-10-08,1.2,0.1743926003339962
1982-10-09,1.1,0.15985988363949655
1982-10-10,1.0,0.14532716694499684
1982-10-11,1.0,0.14532716694499684
1982-10-12,0.95,0.138060808597747
1982-10-13,0.95,0.138060808597747
1982-10-14,0.95,0.138060808597747
1982-10-15,0.95,0.138060808597747
1982-10-16,0.95,0.138060808597747
1982-10-17,0.95,0.138060808597747
1982-10-18,0.95,0.138060808597747
1982-10-19,0.99,0.14387389527554686
1982-10-20,1.0,0.14532716694499684
1982-10-21,1.3,0.1889253170284959
1982-10-22,1.8,0.2615889005009943
1982-10-23,3.5,0.5086450843074889
1982-10-24,3.1,0.4505142175294902
1982-10-25,4.3,0.6249068178634863
1982-10-26,5.4,0.784766701502983
1982-10-27,3.4,0.4941123676129892
1982-10-28,2.6,0.3778506340569918
1982-10-29,32.0,4.650469342239899
1982-10-30,24.0,3.4878520066799243
1982-10-31,9.1,1.3224772191994711
1982-11-01,6.3,0.9155611517534801
1982-11-02,5.0,0.7266358347249842
1982-11-03,4.3,0.6249068178634863
1982-11-04,3.8,0.552243234390988
1982-11-05,3.5,0.5086450843074889
1982-11-06,3.2,0.4650469342239899
1982-11-07,3.1,0.4505142175294902
1982-11-08,3.5,0.5086450843074889
1982-11-09,3.3,0.47957965091848953
1982-11-10,3.0,0.43598150083499054
1982-11-11,2.8,0.4069160674459911
1982-11-12,2.7,0.3923833507514915
1982-11-13,2.7,0.3923833507514915
1982-11-14,2.6,0.3778506340569918
1982-11-15,2.5,0.3633179173624921
1982-11-16,2.5,0.3633179173624921
1982-11-17,37.0,5.377105176964883
1982-11-18,150.0,21.799075041749525
1982-11-19,97.0,14.096735193664694
1982-11-20,56.0,8.138321348919822
1982-11-21,40.0,5.813086677799873
1982-11-22,49.0,7.121031180304845
1982-11-23,54.0,7.847667015029829
1982-11-24,45.0,6.5397225125248575
1982-11-25,36.0,5.2317780100198865
1982-11-26,29.0,4.2144878414049085
1982-11-27,31.0,4.505142175294902
1982-11-28,83.0,12.062154856434738
1982-11-29,175.0,25.432254215374446
1982-11-30,173.0,25.141599881484453
1982-12-01,146.0,21.21776637396954
1982-12-02,99.0,14.387389527554687
1982-12-03,75.0,10.899537520874762
1982-12-04,68.0,9.882247352259785
1982-12-05,62.0,9.010284350589805
1982-12-06,55.0,7.992994181974826
1982-12-07,47.0,6.830376846414851
1982-12-08,41.0,5.958413844744871
1982-12-09,36.0,5.2317780100198865
1982-12-10,32.0,4.650469342239899
1982-12-11,28.0,4.069160674459911
1982-12-12,29.0,4.2144878414049085
1982-12-13,30.0,4.359815008349905
1982-12-14,28.0,4.069160674459911
1982-12-15,91.0,13.224772191994711
1982-12-16,357.0,51.88179859936387
1982-12-17,307.0,44.61544025211403
1982-12-18,187.0,27.176180218714407
1982-12-19,137.0,19.909821871464565
1982-12-20,120.0,17.43926003339962
1982-12-21,211.0,30.664032225394333
1982-12-22,223.0,32.407958228734294
1982-12-23,198.0,28.774779055109374
1982-12-24,152.0,22.089729375639518
1982-12-25,112.0,16.276642697839645
1982-12-26,85.0,12.35280919032473
1982-12-27,69.0,10.027574519204782
1982-12-28,57.0,8.28364851586482
1982-12-29,50.0,7.266358347249842
1982-12-30,45.0,6.5397225125248575
1982-12-31,40.0,5.813086677799873
1983-01-01,36.0,5.2317780100198865
1983-01-02,33.0,4.795796509184895
1983-01-03,31.0,4.505142175294902
1983-01-04,28.0,4.069160674459911
1983-01-05,26.0,3.7785063405699177
1983-01-06,24.0,3.4878520066799243
1983-01-07,22.0,3.1971976727899305
1983-01-08,20.0,2.9065433388999367
1983-01-09,19.0,2.7612161719549397
1983-01-10,18.0,2.6158890050099433
1983-01-11,17.0,2.4705618380649463
1983-01-12,16.0,2.3252346711199494
1983-01-13,16.0,2.3252346711199494
1983-01-14,15.0,2.1799075041749525
1983-01-15,15.0,2.1799075041749525
1983-01-16,15.0,2.1799075041749525
1983-01-17,15.0,2.1799075041749525
1983-01-18,50.0,7.266358347249842
1983-01-19,73.0,10.60888318698477
1983-01-20,59.0,8.574302849754813
1983-01-21,51.0,7.411685514194839
1983-01-22,61.0,8.864957183644806
1983-01-23,70.0,10.172901686149778
1983-01-24,150.0,21.799075041749525
1983-01-25,140.0,20.345803372299557
1983-01-26,305.0,44.32478591822404
1983-01-27,289.0,41.99955124710409
1983-01-28,175.0,25.432254215374446
1983-01-29,145.0,21.07243920702454
1983-01-30,123.0,17.87524153423461
1983-01-31,100.0,14.532716694499683
1983-02-01,82.0,11.916827689489741
1983-02-02,68.0,9.882247352259785
1983-02-03,58.0,8.428975682809817
1983-02-04,51.0,7.411685514194839
1983-02-05,53.0,7.702339848084833
1983-02-06,74.0,10.754210353929766
1983-02-07,129.0,18.747204535904594
1983-02-08,170.0,24.70561838064946
1983-02-09,186.0,27.030853051769412
1983-02-10,212.0,30.80935939233933
1983-02-11,166.0,24.124309712869476
1983-02-12,157.0,22.816365210364502
1983-02-13,163.0,23.688328212034484
1983-02-14,149.0,21.65374787480453
1983-02-15,131.0,19.037858869794587
1983-02-16,113.0,16.421969864784643
1983-02-17,116.0,16.857951365619634
1983-02-18,264.0,38.36637207347916
1983-02-19,202.0,29.356087722889363
1983-02-20,152.0,22.089729375639518
1983-02-21,115.0,16.712624198674636
1983-02-22,88.0,12.788790691159722
1983-02-23,73.0,10.60888318698477
1983-02-24,64.0,9.300938684479798
1983-02-25,110.0,15.985988363949652
1983-02-26,149.0,21.65374787480453
1983-02-27,199.0,28.920106222054372
1983-02-28,224.0,32.55328539567929
1983-03-01,189.0,27.466834552604404
1983-03-02,170.0,24.70561838064946
1983-03-03,150.0,21.799075041749525
1983-03-04,121.0,17.584587200344618
1983-03-05,101.0,14.678043861444682
1983-03-06,88.0,12.788790691159722
1983-03-07,95.0,13.8060808597747
1983-03-08,95.0,13.8060808597747
1983-03-09,89.0,12.934117858104718
1983-03-10,98.0,14.24206236060969
1983-03-11,89.0,12.934117858104718
1983-03-12,156.0,22.671038043419507
1983-03-13,334.0,48.53927375962894
1983-03-14,193.0,28.04814322038439
1983-03-15,150.0,21.799075041749525
1983-03-16,128.0,18.601877368959595
1983-03-17,135.0,19.619167537574572
1983-03-18,133.0,19.32851320368458
1983-03-19,107.0,15.550006863114662
1983-03-20,90.0,13.079445025049715
1983-03-21,86.0,12.498136357269727
1983-03-22,107.0,15.550006863114662
1983-03-23,135.0,19.619167537574572
1983-03-24,213.0,30.954686559284326
1983-03-25,188.0,27.321507385659405
1983-03-26,156.0,22.671038043419507
1983-03-27,169.0,24.560291213704467
1983-03-28,148.0,21.508420707859532
1983-03-29,147.0,21.363093540914534
1983-03-30,249.0,36.18646456930421
1983-03-31,238.0,34.58786573290925
1983-04-01,161.0,23.39767387814449
1983-04-02,125.0,18.165895868124604
1983-04-03,93.0,13.515426525884706
1983-04-04,73.0,10.60888318698477
1983-04-05,60.0,8.71963001669981
1983-04-06,52.0,7.5570126811398355
1983-04-07,45.0,6.5397225125248575
1983-04-08,40.0,5.813086677799873
1983-04-09,36.0,5.2317780100198865
1983-04-10,32.0,4.650469342239899
1983-04-11,29.0,4.2144878414049085
1983-04-12,27.0,3.9238335075149147
1983-04-13,24.0,3.4878520066799243
1983-04-14,22.0,3.1971976727899305
1983-04-15,21.0,3.0518705058449336
1983-04-16,19.0,2.7612161719549397
1983-04-17,17.0,2.4705618380649463
1983-04-18,17.0,2.4705618380649463
1983-04-19,17.0,2.4705618380649463
1983-04-20,17.0,2.4705618380649463
1983-04-21,16.0,2.3252346711199494
1983-04-22,20.0,2.9065433388999367
1983-04-23,62.0,9.010284350589805
1983-04-24,61.0,8.864957183644806
1983-04-25,66.0,9.59159301836979
1983-04-26,62.0,9.010284350589805
1983-04-27,97.0,14.096735193664694
1983-04-28,109.0,15.840661197004655
1983-04-29,92.0,13.37009935893971
1983-04-30,77.0,11.190191854764757
1983-05-01,64.0,9.300938684479798
1983-05-02,54.0,7.847667015029829
1983-05-03,48.0,6.975704013359849
1983-05-04,43.0,6.249068178634864
1983-05-05,43.0,6.249068178634864
1983-05-06,41.0,5.958413844744871
1983-05-07,39.0,5.667759510854877
1983-05-08,37.0,5.377105176964883
1983-05-09,34.0,4.941123676129893
1983-05-10,31.0,4.505142175294902
1983-05-11,29.0,4.2144878414049085
1983-05-12,27.0,3.9238335075149147
1983-05-13,24.0,3.4878520066799243
1983-05-14,22.0,3.1971976727899305
1983-05-15,20.0,2.9065433388999367
1983-05-16,18.0,2.6158890050099433
1983-05-17,18.0,2.6158890050099433
1983-05-18,16.0,2.3252346711199494
1983-05-19,16.0,2.3252346711199494
1983-05-20,15.0,2.1799075041749525
1983-05-21,14.0,2.0345803372299556
1983-05-22,14.0,2.0345803372299556
1983-05-23,13.0,1.8892531702849589
1983-05-24,13.0,1.8892531702849589
1983-05-25,12.0,1.7439260033399622
1983-05-26,12.0,1.7439260033399622
1983-05-27,11.0,1.5985988363949653
1983-05-28,11.0,1.5985988363949653
1983-05-29,10.0,1.4532716694499683
1983-05-30,10.0,1.4532716694499683
1983-05-31,10.0,1.4532716694499683
1983-06-01,9.8,1.424206236060969
1983-06-02,9.4,1.3660753692829704
1983-06-03,9.2,1.3370099358939709
1983-06-04,8.9,1.293411785810472
1983-06-05,8.8,1.2788790691159724
1983-06-06,8.5,1.2352809190324732
1983-06-07,8.2,1.191682768948974
1983-06-08,7.8,1.1335519021709752
1983-06-09,7.6,1.104486468781976
1983-06-10,7.6,1.104486468781976
1983-06-11,8.0,1.1626173355599747
1983-06-12,7.6,1.104486468781976
1983-06-13,7.2,1.0463556020039773
1983-06-14,6.8,0.9882247352259784
1983-06-15,6.6,0.9591593018369791
1983-06-16,6.4,0.9300938684479798
1983-06-17,6.3,0.9155611517534801
1983-06-18,6.2,0.9010284350589804
1983-06-19,6.0,0.8719630016699811
1983-06-20,5.9,0.8574302849754813
1983-06-21,5.8,0.8428975682809816
1983-06-22,5.5,0.7992994181974826
1983-06-23,5.5,0.7992994181974826
1983-06-24,5.4,0.784766701502983
1983-06-25,5.3,0.7702339848084833
1983-06-26,5.3,0.7702339848084833
1983-06-27,5.1,0.7411685514194838
1983-06-28,5.1,0.7411685514194838
1983-06-29,5.1,0.7411685514194838
1983-06-30,4.9,0.7121031180304845
1983-07-01,6.3,0.9155611517534801
1983-07-02,6.1,0.8864957183644807
1983-07-03,5.2,0.7557012681139836
1983-07-04,4.8,0.6975704013359848
1983-07-05,4.6,0.6685049679469854
1983-07-06,4.6,0.6685049679469854
1983-07-07,4.5,0.6539722512524858
1983-07-08,4.5,0.6539722512524858
1983-07-09,4.4,0.6394395345579862
1983-07-10,4.2,0.6103741011689867
1983-07-11,4.1,0.595841384474487
1983-07-12,3.9,0.5667759510854876
1983-07-13,3.7,0.5377105176964884
1983-07-14,3.6,0.5231778010019886
1983-07-15,3.6,0.5231778010019886
1983-07-16,3.5,0.5086450843074889
1983-07-17,3.4,0.4941123676129892
1983-07-18,3.4,0.4941123676129892
1983-07-19,3.4,0.4941123676129892
1983-07-20,3.4,0.4941123676129892
1983-07-21,3.4,0.4941123676129892
1983-07-22,3.3,0.47957965091848953
1983-07-23,3.1,0.4505142175294902
1983-07-24,3.0,0.43598150083499054
1983-07-25,3.0,0.43598150083499054
1983-07-26,3.0,0.43598150083499054
1983-07-27,3.0,0.43598150083499054
1983-07-28,2.9,0.4214487841404908
1983-07-29,2.8,0.4069160674459911
1983-07-30,2.7,0.3923833507514915
1983-07-31,2.7,0.3923833507514915
1983-08-01,2.7,0.3923833507514915
1983-08-02,2.7,0.3923833507514915
1983-08-03,2.7,0.3923833507514915
1983-08-04,2.7,0.3923833507514915
1983-08-05,2.6,0.3778506340569918
1983-08-06,2.5,0.3633179173624921
1983-08-07,2.4,0.3487852006679924
1983-08-08,2.2,0.3197197672789931
1983-08-09,2.1,0.30518705058449336
1983-08-10,2.1,0.30518705058449336
1983-08-11,2.0,0.2906543338899937
1983-08-12,1.9,0.276121617195494
1983-08-13,1.8,0.2615889005009943
1983-08-14,1.7,0.2470561838064946
1983-08-15,1.7,0.2470561838064946
1983-08-16,1.7,0.2470561838064946
1983-08-17,1.7,0.2470561838064946
1983-08-18,1.7,0.2470561838064946
1983-08-19,1.6,0.23252346711199495
1983-08-20,1.7,0.2470561838064946
1983-08-21,1.8,0.2615889005009943
1983-08-22,1.9,0.276121617195494
1983-08-23,2.0,0.2906543338899937
1983-08-24,1.9,0.276121617195494
1983-08-25,1.8,0.2615889005009943
1983-08-26,1.7,0.2470561838064946
1983-08-27,1.8,0.2615889005009943
1983-08-28,1.8,0.2615889005009943
1983-08-29,1.7,0.2470561838064946
1983-08-30,3.8,0.552243234390988
1983-08-31,7.0,1.0172901686149778
1983-09-01,5.4,0.784766701502983
1983-09-02,4.5,0.6539722512524858
1983-09-03,3.7,0.5377105176964884
1983-09-04,3.1,0.4505142175294902
1983-09-05,2.6,0.3778506340569918
1983-09-06,2.4,0.3487852006679924
1983-09-07,2.2,0.3197197672789931
1983-09-08,2.1,0.30518705058449336
1983-09-09,2.0,0.2906543338899937
1983-09-10,2.0,0.2906543338899937
1983-09-11,2.0,0.2906543338899937
1983-09-12,1.9,0.276121617195494
1983-09-13,1.9,0.276121617195494
1983-09-14,1.8,0.2615889005009943
1983-09-15,1.8,0.2615889005009943
1983-09-16,1.7,0.2470561838064946
1983-09-17,1.7,0.2470561838064946
1983-09-18,1.6,0.23252346711199495
1983-09-19,1.6,0.23252346711199495
1983-09-20,1.6,0.23252346711199495
1983-09-21,1.5,0.21799075041749527
1983-09-22,1.5,0.21799075041749527
1983-09-23,1.6,0.23252346711199495
1983-09-24,1.8,0.2615889005009943
1983-09-25,1.8,0.2615889005009943
1983-09-26,1.7,0.2470561838064946
1983-09-27,1.7,0.2470561838064946
1983-09-28,1.6,0.23252346711199495
1983-09-29,1.6,0.23252346711199495
1983-09-30,1.6,0.23252346711199495
1983-10-01,1.7,0.2470561838064946
1983-10-02,1.7,0.2470561838064946
1983-10-03,1.6,0.23252346711199495
1983-10-04,1.5,0.21799075041749527
1983-10-05,1.5,0.21799075041749527
1983-10-06,1.5,0.21799075041749527
1983-10-07,1.5,0.21799075041749527
1983-10-08,1.5,0.21799075041749527
1983-10-09,1.6,0.23252346711199495
1983-10-10,1.7,0.2470561838064946
1983-10-11,1.7,0.2470561838064946
1983-10-12,1.6,0.23252346711199495
1983-10-13,1.5,0.21799075041749527
1983-10-14,1.5,0.21799075041749527
1983-10-15,1.5,0.21799075041749527
1983-10-16,1.5,0.21799075041749527
1983-10-17,1.4,0.20345803372299556
1983-10-18,1.4,0.20345803372299556
1983-10-19,1.4,0.20345803372299556
1983-10-20,1.4,0.20345803372299556
1983-10-21,1.4,0.20345803372299556
1983-10-22,1.4,0.20345803372299556
1983-10-23,1.4,0.20345803372299556
1983-10-24,1.4,0.20345803372299556
1983-10-25,1.4,0.20345803372299556
1983-10-26,1.4,0.20345803372299556
1983-10-27,1.4,0.20345803372299556
1983-10-28,1.4,0.20345803372299556
1983-10-29,1.3,0.1889253170284959
1983-10-30,2.8,0.4069160674459911
1983-10-31,2.6,0.3778506340569918
1983-11-01,5.4,0.784766701502983
1983-11-02,3.8,0.552243234390988
1983-11-03,2.8,0.4069160674459911
1983-11-04,3.6,0.5231778010019886
1983-11-05,3.3,0.47957965091848953
1983-11-06,8.0,1.1626173355599747
1983-11-07,6.2,0.9010284350589804
1983-11-08,4.1,0.595841384474487
1983-11-09,20.0,2.9065433388999367
1983-11-10,78.0,11.335519021709754
1983-11-11,47.0,6.830376846414851
1983-11-12,56.0,8.138321348919822
1983-11-13,91.0,13.224772191994711
1983-11-14,65.0,9.446265851424794
1983-11-15,42.0,6.103741011689867
1983-11-16,36.0,5.2317780100198865
1983-11-17,90.0,13.079445025049715
1983-11-18,65.0,9.446265851424794
1983-11-19,93.0,13.515426525884706
1983-11-20,119.0,17.293932866454625
1983-11-21,86.0,12.498136357269727
1983-11-22,61.0,8.864957183644806
1983-11-23,55.0,7.992994181974826
1983-11-24,146.0,21.21776637396954
1983-11-25,140.0,20.345803372299557
1983-11-26,94.0,13.660753692829703
1983-11-27,66.0,9.59159301836979
1983-11-28,52.0,7.5570126811398355
1983-11-29,42.0,6.103741011689867
1983-11-30,36.0,5.2317780100198865
1983-12-01,33.0,4.795796509184895
1983-12-02,29.0,4.2144878414049085
1983-12-03,41.0,5.958413844744871
1983-12-04,41.0,5.958413844744871
1983-12-05,41.0,5.958413844744871
1983-12-06,126.0,18.311223035069602
1983-12-07,251.0,36.4771189031942
1983-12-08,178.0,25.868235716209437
1983-12-09,205.0,29.79206922372435
1983-12-10,213.0,30.954686559284326
1983-12-11,182.0,26.449544383989423
1983-12-12,160.0,23.252346711199493
1983-12-13,131.0,19.037858869794587
1983-12-14,118.0,17.148605699509627
1983-12-15,104.0,15.114025362279671
1983-12-16,87.0,12.643463524214726
1983-12-17,71.0,10.318228853094775
1983-12-18,59.0,8.574302849754813
1983-12-19,52.0,7.5570126811398355
1983-12-20,46.0,6.685049679469855
1983-12-21,41.0,5.958413844744871
1983-12-22,37.0,5.377105176964883
1983-12-23,48.0,6.975704013359849
1983-12-24,150.0,21.799075041749525
1983-12-25,177.0,25.72290854926444
1983-12-26,174.0,25.28692704842945
1983-12-27,147.0,21.363093540914534
1983-12-28,118.0,17.148605699509627
1983-12-29,108.0,15.695334030059659
1983-12-30,165.0,23.978982545924477
1983-12-31,141.0,20.491130539244555
1984-01-01,103.0,14.968698195334674
1984-01-02,76.0,11.044864687819759
1984-01-03,60.0,8.71963001669981
1984-01-04,51.0,7.411685514194839
1984-01-05,44.0,6.394395345579861
1984-01-06,39.0,5.667759510854877
1984-01-07,35.0,5.086450843074889
1984-01-08,31.0,4.505142175294902
1984-01-09,28.0,4.069160674459911
1984-01-10,26.0,3.7785063405699177
1984-01-11,23.0,3.3425248397349274
1984-01-12,21.0,3.0518705058449336
1984-01-13,20.0,2.9065433388999367
1984-01-14,19.0,2.7612161719549397
1984-01-15,18.0,2.6158890050099433
1984-01-16,17.0,2.4705618380649463
1984-01-17,16.0,2.3252346711199494
1984-01-18,15.0,2.1799075041749525
1984-01-19,14.0,2.0345803372299556
1984-01-20,14.0,2.0345803372299556
1984-01-21,14.0,2.0345803372299556
1984-01-22,13.0,1.8892531702849589
1984-01-23,13.0,1.8892531702849589
1984-01-24,12.0,1.7439260033399622
1984-01-25,12.0,1.7439260033399622
1984-01-26,11.0,1.5985988363949653
1984-01-27,11.0,1.5985988363949653
1984-01-28,11.0,1.5985988363949653
1984-01-29,10.0,1.4532716694499683
1984-01-30,10.0,1.4532716694499683
1984-01-31,9.7,1.4096735193664691
1984-02-01,9.5,1.3806080859774699
1984-02-02,9.2,1.3370099358939709
1984-02-03,8.9,1.293411785810472
1984-02-04,8.8,1.2788790691159724
1984-02-05,8.6,1.2498136357269727
1984-02-06,8.3,1.206215485643474
1984-02-07,8.1,1.1771500522544744
1984-02-08,8.1,1.1771500522544744
1984-02-09,11.0,1.5985988363949653
1984-02-10,10.0,1.4532716694499683
1984-02-11,10.0,1.4532716694499683
1984-02-12,22.0,3.1971976727899305
1984-02-13,114.0,16.56729703172964
1984-02-14,94.0,13.660753692829703
1984-02-15,79.0,11.48084618865475
1984-02-16,87.0,12.643463524214726
1984-02-17,77.0,11.190191854764757
1984-02-18,64.0,9.300938684479798
1984-02-19,55.0,7.992994181974826
1984-02-20,49.0,7.121031180304845
1984-02-21,51.0,7.411685514194839
1984-02-22,48.0,6.975704013359849
1984-02-23,45.0,6.5397225125248575
1984-02-24,50.0,7.266358347249842
1984-02-25,51.0,7.411685514194839
1984-02-26,49.0,7.121031180304845
1984-02-27,46.0,6.685049679469855
1984-02-28,42.0,6.103741011689867
1984-02-29,38.0,5.5224323439098795
1984-03-01,36.0,5.2317780100198865
1984-03-02,33.0,4.795796509184895
1984-03-03,29.0,4.2144878414049085
1984-03-04,26.0,3.7785063405699177
1984-03-05,24.0,3.4878520066799243
1984-03-06,22.0,3.1971976727899305
1984-03-07,21.0,3.0518705058449336
1984-03-08,19.0,2.7612161719549397
1984-03-09,18.0,2.6158890050099433
1984-03-10,18.0,2.6158890050099433
1984-03-11,17.0,2.4705618380649463
1984-03-12,16.0,2.3252346711199494
1984-03-13,44.0,6.394395345579861
1984-03-14,95.0,13.8060808597747
1984-03-15,122.0,17.729914367289613
1984-03-16,111.0,16.13131553089465
1984-03-17,102.0,14.823371028389678
1984-03-18,84.0,12.207482023379734
1984-03-19,69.0,10.027574519204782
1984-03-20,58.0,8.428975682809817
1984-03-21,50.0,7.266358347249842
1984-03-22,44.0,6.394395345579861
1984-03-23,39.0,5.667759510854877
1984-03-24,35.0,5.086450843074889
1984-03-25,31.0,4.505142175294902
1984-03-26,29.0,4.2144878414049085
1984-03-27,25.0,3.633179173624921
1984-03-28,23.0,3.3425248397349274
1984-03-29,21.0,3.0518705058449336
1984-03-30,20.0,2.9065433388999367
1984-03-31,21.0,3.0518705058449336
1984-04-01,19.0,2.7612161719549397
1984-04-02,18.0,2.6158890050099433
1984-04-03,17.0,2.4705618380649463
1984-04-04,16.0,2.3252346711199494
1984-04-05,16.0,2.3252346711199494
1984-04-06,15.0,2.1799075041749525
1984-04-07,15.0,2.1799075041749525
1984-04-08,25.0,3.633179173624921
1984-04-09,25.0,3.633179173624921
1984-04-10,59.0,8.574302849754813
1984-04-11,55.0,7.992994181974826
1984-04-12,48.0,6.975704013359849
1984-04-13,42.0,6.103741011689867
1984-04-14,37.0,5.377105176964883
1984-04-15,33.0,4.795796509184895
1984-04-16,30.0,4.359815008349905
1984-04-17,27.0,3.9238335075149147
1984-04-18,29.0,4.2144878414049085
1984-04-19,32.0,4.650469342239899
1984-04-20,32.0,4.650469342239899
1984-04-21,31.0,4.505142175294902
1984-04-22,28.0,4.069160674459911
1984-04-23,26.0,3.7785063405699177
1984-04-24,24.0,3.4878520066799243
1984-04-25,22.0,3.1971976727899305
1984-04-26,21.0,3.0518705058449336
1984-04-27,20.0,2.9065433388999367
1984-04-28,18.0,2.6158890050099433
1984-04-29,18.0,2.6158890050099433
1984-04-30,17.0,2.4705618380649463
1984-05-01,24.0,3.4878520066799243
1984-05-02,26.0,3.7785063405699177
1984-05-03,27.0,3.9238335075149147
1984-05-04,26.0,3.7785063405699177
1984-05-05,25.0,3.633179173624921
1984-05-06,23.0,3.3425248397349274
1984-05-07,22.0,3.1971976727899305
1984-05-08,21.0,3.0518705058449336
1984-05-09,19.0,2.7612161719549397
1984-05-10,18.0,2.6158890050099433
1984-05-11,19.0,2.7612161719549397
1984-05-12,17.0,2.4705618380649463
1984-05-13,16.0,2.3252346711199494
1984-05-14,15.0,2.1799075041749525
1984-05-15,14.0,2.0345803372299556
1984-05-16,14.0,2.0345803372299556
1984-05-17,13.0,1.8892531702849589
1984-05-18,13.0,1.8892531702849589
1984-05-19,12.0,1.7439260033399622
1984-05-20,12.0,1.7439260033399622
1984-05-21,11.0,1.5985988363949653
1984-05-22,11.0,1.5985988363949653
1984-05-23,11.0,1.5985988363949653
1984-05-24,10.0,1.4532716694499683
1984-05-25,9.9,1.4387389527554688
1984-05-26,9.6,1.3951408026719696
1984-05-27,9.2,1.3370099358939709
1984-05-28,8.9,1.293411785810472
1984-05-29,8.5,1.2352809190324732
1984-05-30,8.3,1.206215485643474
1984-05-31,7.9,1.148084618865475
1984-06-01,7.7,1.1190191854764757
1984-06-02,7.6,1.104486468781976
1984-06-03,7.4,1.0754210353929767
1984-06-04,7.9,1.148084618865475
1984-06-05,7.4,1.0754210353929767
1984-06-06,9.2,1.3370099358939709
1984-06-07,8.5,1.2352809190324732
1984-06-08,7.4,1.0754210353929767
1984-06-09,6.8,0.9882247352259784
1984-06-10,6.4,0.9300938684479798
1984-06-11,6.2,0.9010284350589804
1984-06-12,6.0,0.8719630016699811
1984-06-13,5.8,0.8428975682809816
1984-06-14,5.6,0.8138321348919823
1984-06-15,5.4,0.784766701502983
1984-06-16,5.3,0.7702339848084833
1984-06-17,5.0,0.7266358347249842
1984-06-18,4.8,0.6975704013359848
1984-06-19,4.7,0.6830376846414852
1984-06-20,4.6,0.6685049679469854
1984-06-21,4.6,0.6685049679469854
1984-06-22,4.6,0.6685049679469854
1984-06-23,4.4,0.6394395345579862
1984-06-24,4.3,0.6249068178634863
1984-06-25,4.2,0.6103741011689867
1984-06-26,4.1,0.595841384474487
1984-06-27,4.0,0.5813086677799874
1984-06-28,3.9,0.5667759510854876
1984-06-29,3.8,0.552243234390988
1984-06-30,3.7,0.5377105176964884
1984-07-01,3.6,0.5231778010019886
1984-07-02,3.4,0.4941123676129892
1984-07-03,3.2,0.4650469342239899
1984-07-04,3.0,0.43598150083499054
1984-07-05,3.0,0.43598150083499054
1984-07-06,2.8,0.4069160674459911
1984-07-07,2.8,0.4069160674459911
1984-07-08,2.8,0.4069160674459911
1984-07-09,2.7,0.3923833507514915
1984-07-10,2.7,0.3923833507514915
1984-07-11,2.7,0.3923833507514915
1984-07-12,2.6,0.3778506340569918
1984-07-13,2.5,0.3633179173624921
1984-07-14,2.5,0.3633179173624921
1984-07-15,2.4,0.3487852006679924
1984-07-16,2.4,0.3487852006679924
1984-07-17,2.4,0.3487852006679924
1984-07-18,2.3,0.3342524839734927
1984-07-19,2.2,0.3197197672789931
1984-07-20,2.2,0.3197197672789931
1984-07-21,2.2,0.3197197672789931
1984-07-22,2.2,0.3197197672789931
1984-07-23,2.2,0.3197197672789931
1984-07-24,2.2,0.3197197672789931
1984-07-25,2.2,0.3197197672789931
1984-07-26,2.2,0.3197197672789931
1984-07-27,2.2,0.3197197672789931
1984-07-28,2.2,0.3197197672789931
1984-07-29,2.0,0.2906543338899937
1984-07-30,1.8,0.2615889005009943
1984-07-31,1.7,0.2470561838064946
1984-08-01,1.6,0.23252346711199495
1984-08-02,1.6,0.23252346711199495
1984-08-03,1.6,0.23252346711199495
1984-08-04,1.6,0.23252346711199495
1984-08-05,1.6,0.23252346711199495
1984-08-06,1.6,0.23252346711199495
1984-08-07,1.6,0.23252346711199495
1984-08-08,1.5,0.21799075041749527
1984-08-09,1.4,0.20345803372299556
1984-08-10,1.3,0.1889253170284959
1984-08-11,1.3,0.1889253170284959
1984-08-12,1.3,0.1889253170284959
1984-08-13,1.3,0.1889253170284959
1984-08-14,1.3,0.1889253170284959
1984-08-15,1.2,0.1743926003339962
1984-08-16,1.2,0.1743926003339962
1984-08-17,1.2,0.1743926003339962
1984-08-18,1.2,0.1743926003339962
1984-08-19,1.0,0.14532716694499684
1984-08-20,1.0,0.14532716694499684
1984-08-21,0.95,0.138060808597747
1984-08-22,0.95,0.138060808597747
1984-08-23,0.95,0.138060808597747
1984-08-24,0.95,0.138060808597747
1984-08-25,0.95,0.138060808597747
1984-08-26,0.95,0.138060808597747
1984-08-27,0.95,0.138060808597747
1984-08-28,0.95,0.138060808597747
1984-08-29,0.94,0.13660753692829702
1984-08-30,0.87,0.12643463524214724
1984-08-31,0.87,0.12643463524214724
1984-09-01,0.87,0.12643463524214724
1984-09-02,0.87,0.12643463524214724
1984-09-03,0.86,0.12498136357269728
1984-09-04,0.79,0.1148084618865475
1984-09-05,0.79,0.1148084618865475
1984-09-06,0.79,0.1148084618865475
1984-09-07,0.79,0.1148084618865475
1984-09-08,0.78,0.11335519021709754
1984-09-09,0.72,0.10463556020039771
1984-09-10,0.6,0.0871963001669981
1984-09-11,0.6,0.0871963001669981
1984-09-12,0.6,0.0871963001669981
1984-09-13,0.6,0.0871963001669981
1984-09-14,0.6,0.0871963001669981
1984-09-15,0.6,0.0871963001669981
1984-09-16,0.6,0.0871963001669981
1984-09-17,0.59,0.08574302849754813
1984-09-18,0.54,0.0784766701502983
1984-09-19,0.54,0.0784766701502983
1984-09-20,0.54,0.0784766701502983
1984-09-21,0.54,0.0784766701502983
1984-09-22,0.54,0.0784766701502983
1984-09-23,0.54,0.0784766701502983
1984-09-24,0.54,0.0784766701502983
1984-09-25,0.49,0.07121031180304845
1984-09-26,0.49,0.07121031180304845
1984-09-27,0.49,0.07121031180304845
1984-09-28,0.49,0.07121031180304845
1984-09-29,0.49,0.07121031180304845
1984-09-30,0.48,0.06975704013359849
1984-10-01,0.49,0.07121031180304845
1984-10-02,0.49,0.07121031180304845
1984-10-03,0.49,0.07121031180304845
1984-10-04,0.49,0.07121031180304845
1984-10-05,0.49,0.07121031180304845
1984-10-06,0.49,0.07121031180304845
1984-10-07,0.49,0.07121031180304845
1984-10-08,0.78,0.11335519021709754
1984-10-09,1.0,0.14532716694499684
1984-10-10,2.4,0.3487852006679924
1984-10-11,2.9,0.4214487841404908
1984-10-12,2.2,0.3197197672789931
1984-10-13,2.6,0.3778506340569918
1984-10-14,2.1,0.30518705058449336
1984-10-15,1.6,0.23252346711199495
1984-10-16,2.5,0.3633179173624921
1984-10-17,2.6,0.3778506340569918
1984-10-18,2.3,0.3342524839734927
1984-10-19,2.6,0.3778506340569918
1984-10-20,2.6,0.3778506340569918
1984-10-21,2.4,0.3487852006679924
1984-10-22,1.9,0.276121617195494
1984-10-23,1.7,0.2470561838064946
1984-10-24,1.6,0.23252346711199495
1984-10-25,1.5,0.21799075041749527
1984-10-26,1.4,0.20345803372299556
1984-10-27,1.4,0.20345803372299556
1984-10-28,3.1,0.4505142175294902
1984-10-29,4.7,0.6830376846414852
1984-10-30,3.4,0.4941123676129892
1984-10-31,2.7,0.3923833507514915
1984-11-01,2.3,0.3342524839734927
1984-11-02,58.0,8.428975682809817
1984-11-03,27.0,3.9238335075149147
1984-11-04,14.0,2.0345803372299556
1984-11-05,9.7,1.4096735193664691
1984-11-06,20.0,2.9065433388999367
1984-11-07,21.0,3.0518705058449336
1984-11-08,45.0,6.5397225125248575
1984-11-09,38.0,5.5224323439098795
1984-11-10,77.0,11.190191854764757
1984-11-11,165.0,23.978982545924477
1984-11-12,171.0,24.85094554759446
1984-11-13,156.0,22.671038043419507
1984-11-14,113.0,16.421969864784643
1984-11-15,74.0,10.754210353929766
1984-11-16,60.0,8.71963001669981
1984-11-17,51.0,7.411685514194839
1984-11-18,61.0,8.864957183644806
1984-11-19,55.0,7.992994181974826
1984-11-20,51.0,7.411685514194839
1984-11-21,44.0,6.394395345579861
1984-11-22,38.0,5.5224323439098795
1984-11-23,46.0,6.685049679469855
1984-11-24,92.0,13.37009935893971
1984-11-25,73.0,10.60888318698477
1984-11-26,58.0,8.428975682809817
1984-11-27,112.0,16.276642697839645
1984-11-28,161.0,23.39767387814449
1984-11-29,130.0,18.89253170284959
1984-11-30,98.0,14.24206236060969
1984-12-01,76.0,11.044864687819759
1984-12-02,70.0,10.172901686149778
1984-12-03,82.0,11.916827689489741
1984-12-04,72.0,10.463556020039773
1984-12-05,63.0,9.155611517534801
1984-12-06,53.0,7.702339848084833
1984-12-07,46.0,6.685049679469855
1984-12-08,41.0,5.958413844744871
1984-12-09,36.0,5.2317780100198865
1984-12-10,35.0,5.086450843074889
1984-12-11,33.0,4.795796509184895
1984-12-12,30.0,4.359815008349905
1984-12-13,28.0,4.069160674459911
1984-12-14,26.0,3.7785063405699177
1984-12-15,26.0,3.7785063405699177
1984-12-16,24.0,3.4878520066799243
1984-12-17,23.0,3.3425248397349274
1984-12-18,21.0,3.0518705058449336
1984-12-19,20.0,2.9065433388999367
1984-12-20,20.0,2.9065433388999367
1984-12-21,18.0,2.6158890050099433
1984-12-22,18.0,2.6158890050099433
1984-12-23,17.0,2.4705618380649463
1984-12-24,16.0,2.3252346711199494
1984-12-25,16.0,2.3252346711199494
1984-12-26,16.0,2.3252346711199494
1984-12-27,15.0,2.1799075041749525
1984-12-28,14.0,2.0345803372299556
1984-12-29,14.0,2.0345803372299556
1984-12-30,13.0,1.8892531702849589
1984-12-31,13.0,1.8892531702849589
1985-01-01,12.0,1.7439260033399622
1985-01-02,12.0,1.7439260033399622
1985-01-03,11.0,1.5985988363949653
1985-01-04,11.0,1.5985988363949653
1985-01-05,10.0,1.4532716694499683
1985-01-06,10.0,1.4532716694499683
1985-01-07,11.0,1.5985988363949653
1985-01-08,9.9,1.4387389527554688
1985-01-09,10.0,1.4532716694499683
1985-01-10,10.0,1.4532716694499683
1985-01-11,9.9,1.4387389527554688
1985-01-12,9.7,1.4096735193664691
1985-01-13,9.4,1.3660753692829704
1985-01-14,9.0,1.3079445025049716
1985-01-15,8.8,1.2788790691159724
1985-01-16,8.4,1.2207482023379734
1985-01-17,8.2,1.191682768948974
1985-01-18,8.1,1.1771500522544744
1985-01-19,7.9,1.148084618865475
1985-01-20,7.7,1.1190191854764757
1985-01-21,7.5,1.0899537520874762
1985-01-22,7.3,1.060888318698477
1985-01-23,7.3,1.060888318698477
1985-01-24,7.1,1.0318228853094775
1985-01-25,6.9,1.0027574519204783
1985-01-26,6.7,0.9736920185314788
1985-01-27,6.5,0.9446265851424794
1985-01-28,6.7,0.9736920185314788
1985-01-29,6.3,0.9155611517534801
1985-01-30,6.2,0.9010284350589804
1985-01-31,6.1,0.8864957183644807
1985-02-01,5.9,0.8574302849754813
1985-02-02,5.9,0.8574302849754813
1985-02-03,5.8,0.8428975682809816
1985-02-04,5.7,0.828364851586482
1985-02-05,5.6,0.8138321348919823
1985-02-06,5.5,0.7992994181974826
1985-02-07,73.0,10.60888318698477
1985-02-08,203.0,29.501414889834358
1985-02-09,114.0,16.56729703172964
1985-02-10,71.0,10.318228853094775
1985-02-11,54.0,7.847667015029829
1985-02-12,50.0,7.266358347249842
1985-02-13,43.0,6.249068178634864
1985-02-14,39.0,5.667759510854877
1985-02-15,35.0,5.086450843074889
1985-02-16,32.0,4.650469342239899
1985-02-17,29.0,4.2144878414049085
1985-02-18,26.0,3.7785063405699177
1985-02-19,24.0,3.4878520066799243
1985-02-20,22.0,3.1971976727899305
1985-02-21,21.0,3.0518705058449336
1985-02-22,20.0,2.9065433388999367
1985-02-23,18.0,2.6158890050099433
1985-02-24,17.0,2.4705618380649463
1985-02-25,16.0,2.3252346711199494
1985-02-26,16.0,2.3252346711199494
1985-02-27,15.0,2.1799075041749525
1985-02-28,14.0,2.0345803372299556
1985-03-01,14.0,2.0345803372299556
1985-03-02,13.0,1.8892531702849589
1985-03-03,13.0,1.8892531702849589
1985-03-04,13.0,1.8892531702849589
1985-03-05,13.0,1.8892531702849589
1985-03-06,14.0,2.0345803372299556
1985-03-07,14.0,2.0345803372299556
1985-03-08,14.0,2.0345803372299556
1985-03-09,14.0,2.0345803372299556
1985-03-10,19.0,2.7612161719549397
1985-03-11,19.0,2.7612161719549397
1985-03-12,19.0,2.7612161719549397
1985-03-13,19.0,2.7612161719549397
1985-03-14,18.0,2.6158890050099433
1985-03-15,18.0,2.6158890050099433
1985-03-16,18.0,2.6158890050099433
1985-03-17,17.0,2.4705618380649463
1985-03-18,16.0,2.3252346711199494
1985-03-19,15.0,2.1799075041749525
1985-03-20,14.0,2.0345803372299556
1985-03-21,14.0,2.0345803372299556
1985-03-22,13.0,1.8892531702849589
1985-03-23,13.0,1.8892531702849589
1985-03-24,17.0,2.4705618380649463
1985-03-25,14.0,2.0345803372299556
1985-03-26,41.0,5.958413844744871
1985-03-27,56.0,8.138321348919822
1985-03-28,54.0,7.847667015029829
1985-03-29,50.0,7.266358347249842
1985-03-30,45.0,6.5397225125248575
1985-03-31,45.0,6.5397225125248575
1985-04-01,47.0,6.830376846414851
1985-04-02,46.0,6.685049679469855
1985-04-03,40.0,5.813086677799873
1985-04-04,34.0,4.941123676129893
1985-04-05,29.0,4.2144878414049085
1985-04-06,25.0,3.633179173624921
1985-04-07,21.0,3.0518705058449336
1985-04-08,19.0,2.7612161719549397
1985-04-09,18.0,2.6158890050099433
1985-04-10,17.0,2.4705618380649463
1985-04-11,16.0,2.3252346711199494
1985-04-12,14.0,2.0345803372299556
1985-04-13,13.0,1.8892531702849589
1985-04-14,13.0,1.8892531702849589
1985-04-15,12.0,1.7439260033399622
1985-04-16,12.0,1.7439260033399622
1985-04-17,11.0,1.5985988363949653
1985-04-18,11.0,1.5985988363949653
1985-04-19,10.0,1.4532716694499683
1985-04-20,9.8,1.424206236060969
1985-04-21,10.0,1.4532716694499683
1985-04-22,9.6,1.3951408026719696
1985-04-23,9.0,1.3079445025049716
1985-04-24,8.7,1.2643463524214724
1985-04-25,8.3,1.206215485643474
1985-04-26,8.3,1.206215485643474
1985-04-27,7.9,1.148084618865475
1985-04-28,7.6,1.104486468781976
1985-04-29,7.4,1.0754210353929767
1985-04-30,7.2,1.0463556020039773
1985-05-01,7.0,1.0172901686149778
1985-05-02,6.9,1.0027574519204783
1985-05-03,6.8,0.9882247352259784
1985-05-04,6.6,0.9591593018369791
1985-05-05,6.3,0.9155611517534801
1985-05-06,6.3,0.9155611517534801
1985-05-07,6.1,0.8864957183644807
1985-05-08,5.9,0.8574302849754813
1985-05-09,5.9,0.8574302849754813
1985-05-10,5.9,0.8574302849754813
1985-05-11,5.8,0.8428975682809816
1985-05-12,5.6,0.8138321348919823
1985-05-13,5.3,0.7702339848084833
1985-05-14,5.1,0.7411685514194838
1985-05-15,5.1,0.7411685514194838
1985-05-16,4.7,0.6830376846414852
1985-05-17,4.6,0.6685049679469854
1985-05-18,4.6,0.6685049679469854
1985-05-19,4.6,0.6685049679469854
1985-05-20,4.3,0.6249068178634863
1985-05-21,4.1,0.595841384474487
1985-05-22,4.0,0.5813086677799874
1985-05-23,4.0,0.5813086677799874
1985-05-24,3.9,0.5667759510854876
1985-05-25,3.7,0.5377105176964884
1985-05-26,3.7,0.5377105176964884
1985-05-27,3.6,0.5231778010019886
1985-05-28,3.9,0.5667759510854876
1985-05-29,4.1,0.595841384474487
1985-05-30,3.7,0.5377105176964884
1985-05-31,3.5,0.5086450843074889
1985-06-01,3.4,0.4941123676129892
1985-06-02,3.3,0.47957965091848953
1985-06-03,3.2,0.4650469342239899
1985-06-04,3.0,0.43598150083499054
1985-06-05,2.9,0.4214487841404908
1985-06-06,2.8,0.4069160674459911
1985-06-07,2.7,0.3923833507514915
1985-06-08,2.7,0.3923833507514915
1985-06-09,2.5,0.3633179173624921
1985-06-10,2.5,0.3633179173624921
1985-06-11,2.4,0.3487852006679924
1985-06-12,2.3,0.3342524839734927
1985-06-13,2.2,0.3197197672789931
1985-06-14,2.1,0.30518705058449336
1985-06-15,2.1,0.30518705058449336
1985-06-16,2.0,0.2906543338899937
1985-06-17,2.0,0.2906543338899937
1985-06-18,2.0,0.2906543338899937
1985-06-19,2.0,0.2906543338899937
1985-06-20,1.9,0.276121617195494
1985-06-21,1.9,0.276121617195494
1985-06-22,1.9,0.276121617195494
1985-06-23,1.8,0.2615889005009943
1985-06-24,1.8,0.2615889005009943
1985-06-25,1.7,0.2470561838064946
1985-06-26,1.6,0.23252346711199495
1985-06-27,1.6,0.23252346711199495
1985-06-28,1.5,0.21799075041749527
1985-06-29,1.5,0.21799075041749527
1985-06-30,1.4,0.20345803372299556
1985-07-01,1.4,0.20345803372299556
1985-07-02,1.4,0.20345803372299556
1985-07-03,1.4,0.20345803372299556
1985-07-04,1.4,0.20345803372299556
1985-07-05,1.3,0.1889253170284959
1985-07-06,1.3,0.1889253170284959
1985-07-07,1.2,0.1743926003339962
1985-07-08,1.1,0.15985988363949655
1985-07-09,1.1,0.15985988363949655
1985-07-10,1.0,0.14532716694499684
1985-07-11,0.95,0.138060808597747
1985-07-12,0.95,0.138060808597747
1985-07-13,0.95,0.138060808597747
1985-07-14,0.87,0.12643463524214724
1985-07-15,0.9,0.13079445025049716
1985-07-16,0.87,0.12643463524214724
1985-07-17,0.87,0.12643463524214724
1985-07-18,1.0,0.14532716694499684
1985-07-19,1.1,0.15985988363949655
1985-07-20,1.2,0.1743926003339962
1985-07-21,1.2,0.1743926003339962
1985-07-22,1.2,0.1743926003339962
1985-07-23,1.1,0.15985988363949655
1985-07-24,0.79,0.1148084618865475
1985-07-25,0.72,0.10463556020039771
1985-07-26,0.74,0.10754210353929766
1985-07-27,0.72,0.10463556020039771
1985-07-28,0.72,0.10463556020039771
1985-07-29,0.75,0.10899537520874764
1985-07-30,0.79,0.1148084618865475
1985-07-31,0.83,0.12062154856434737
1985-08-01,0.87,0.12643463524214724
1985-08-02,0.91,0.13224772191994713
1985-08-03,0.89,0.12934117858104718
1985-08-04,0.86,0.12498136357269728
1985-08-05,0.72,0.10463556020039771
1985-08-06,0.72,0.10463556020039771
1985-08-07,0.72,0.10463556020039771
1985-08-08,0.72,0.10463556020039771
1985-08-09,0.71,0.10318228853094775
1985-08-10,0.66,0.09591593018369791
1985-08-11,0.68,0.09882247352259786
1985-08-12,0.66,0.09591593018369791
1985-08-13,0.69,0.10027574519204781
1985-08-14,0.72,0.10463556020039771
1985-08-15,0.72,0.10463556020039771
1985-08-16,0.72,0.10463556020039771
1985-08-17,0.72,0.10463556020039771
1985-08-18,0.72,0.10463556020039771
1985-08-19,0.8,0.11626173355599748
1985-08-20,0.87,0.12643463524214724
1985-08-21,0.87,0.12643463524214724
1985-08-22,0.78,0.11335519021709754
1985-08-23,0.66,0.09591593018369791
1985-08-24,0.54,0.0784766701502983
1985-08-25,0.49,0.07121031180304845
1985-08-26,0.54,0.0784766701502983
1985-08-27,0.49,0.07121031180304845
1985-08-28,0.5,0.07266358347249842
1985-08-29,0.54,0.0784766701502983
1985-08-30,0.54,0.0784766701502983
1985-08-31,0.54,0.0784766701502983
1985-09-01,0.57,0.0828364851586482
1985-09-02,0.62,0.09010284350589803
1985-09-03,0.66,0.09591593018369791
1985-09-04,0.66,0.09591593018369791
1985-09-05,0.72,0.10463556020039771
1985-09-06,0.72,0.10463556020039771
1985-09-07,1.2,0.1743926003339962
1985-09-08,1.5,0.21799075041749527
1985-09-09,2.1,0.30518705058449336
1985-09-10,1.8,0.2615889005009943
1985-09-11,1.7,0.2470561838064946
1985-09-12,1.5,0.21799075041749527
1985-09-13,1.4,0.20345803372299556
1985-09-14,1.3,0.1889253170284959
1985-09-15,1.2,0.1743926003339962
1985-09-16,1.2,0.1743926003339962
1985-09-17,1.1,0.15985988363949655
1985-09-18,1.0,0.14532716694499684
1985-09-19,1.0,0.14532716694499684
1985-09-20,0.95,0.138060808597747
1985-09-21,0.95,0.138060808597747
1985-09-22,0.95,0.138060808597747
1985-09-23,0.94,0.13660753692829702
1985-09-24,0.87,0.12643463524214724
1985-09-25,0.79,0.1148084618865475
1985-09-26,0.79,0.1148084618865475
1985-09-27,0.79,0.1148084618865475
1985-09-28,0.79,0.1148084618865475
1985-09-29,0.79,0.1148084618865475
1985-09-30,0.78,0.11335519021709754
1985-10-01,0.79,0.1148084618865475
1985-10-02,0.79,0.1148084618865475
1985-10-03,0.72,0.10463556020039771
1985-10-04,0.72,0.10463556020039771
1985-10-05,0.6,0.0871963001669981
1985-10-06,0.6,0.0871963001669981
1985-10-07,0.6,0.0871963001669981
1985-10-08,0.6,0.0871963001669981
1985-10-09,0.6,0.0871963001669981
1985-10-10,0.6,0.0871963001669981
1985-10-11,0.6,0.0871963001669981
1985-10-12,0.72,0.10463556020039771
1985-10-13,0.72,0.10463556020039771
1985-10-14,0.67,0.09736920185314789
1985-10-15,0.66,0.09591593018369791
1985-10-16,0.66,0.09591593018369791
1985-10-17,0.66,0.09591593018369791
1985-10-18,0.66,0.09591593018369791
1985-10-19,0.66,0.09591593018369791
1985-10-20,2.9,0.4214487841404908
1985-10-21,4.8,0.6975704013359848
1985-10-22,9.6,1.3951408026719696
1985-10-23,8.1,1.1771500522544744
1985-10-24,4.3,0.6249068178634863
1985-10-25,3.2,0.4650469342239899
1985-10-26,2.6,0.3778506340569918
1985-10-27,2.3,0.3342524839734927
1985-10-28,2.1,0.30518705058449336
1985-10-29,2.0,0.2906543338899937
1985-10-30,2.0,0.2906543338899937
1985-10-31,1.9,0.276121617195494
1985-11-01,1.7,0.2470561838064946
1985-11-02,1.7,0.2470561838064946
1985-11-03,1.7,0.2470561838064946
1985-11-04,1.7,0.2470561838064946
1985-11-05,1.6,0.23252346711199495
1985-11-06,1.5,0.21799075041749527
1985-11-07,1.5,0.21799075041749527
1985-11-08,1.5,0.21799075041749527
1985-11-09,2.1,0.30518705058449336
1985-11-10,4.1,0.595841384474487
1985-11-11,3.2,0.4650469342239899
1985-11-12,2.5,0.3633179173624921
1985-11-13,2.2,0.3197197672789931
1985-11-14,2.1,0.30518705058449336
1985-11-15,2.7,0.3923833507514915
1985-11-16,3.9,0.5667759510854876
1985-11-17,3.6,0.5231778010019886
1985-11-18,3.2,0.4650469342239899
1985-11-19,2.8,0.4069160674459911
1985-11-20,2.6,0.3778506340569918
1985-11-21,2.4,0.3487852006679924
1985-11-22,2.4,0.3487852006679924
1985-11-23,2.5,0.3633179173624921
1985-11-24,5.6,0.8138321348919823
1985-11-25,6.5,0.9446265851424794
1985-11-26,4.8,0.6975704013359848
1985-11-27,4.3,0.6249068178634863
1985-11-28,23.0,3.3425248397349274
1985-11-29,50.0,7.266358347249842
1985-11-30,25.0,3.633179173624921
1985-12-01,16.0,2.3252346711199494
1985-12-02,90.0,13.079445025049715
1985-12-03,81.0,11.771500522544743
1985-12-04,44.0,6.394395345579861
1985-12-05,45.0,6.5397225125248575
1985-12-06,40.0,5.813086677799873
1985-12-07,52.0,7.5570126811398355
1985-12-08,52.0,7.5570126811398355
1985-12-09,42.0,6.103741011689867
1985-12-10,35.0,5.086450843074889
1985-12-11,28.0,4.069160674459911
1985-12-12,23.0,3.3425248397349274
1985-12-13,20.0,2.9065433388999367
1985-12-14,17.0,2.4705618380649463
1985-12-15,15.0,2.1799075041749525
1985-12-16,14.0,2.0345803372299556
1985-12-17,12.0,1.7439260033399622
1985-12-18,12.0,1.7439260033399622
1985-12-19,11.0,1.5985988363949653
1985-12-20,10.0,1.4532716694499683
1985-12-21,9.4,1.3660753692829704
1985-12-22,8.9,1.293411785810472
1985-12-23,8.5,1.2352809190324732
1985-12-24,8.1,1.1771500522544744
1985-12-25,7.7,1.1190191854764757
1985-12-26,7.4,1.0754210353929767
1985-12-27,7.1,1.0318228853094775
1985-12-28,6.8,0.9882247352259784
1985-12-29,6.8,0.9882247352259784
1985-12-30,6.8,0.9882247352259784
1985-12-31,6.3,0.9155611517534801
1986-01-01,6.4,0.9300938684479798
1986-01-02,6.3,0.9155611517534801
1986-01-03,6.4,0.9300938684479798
1986-01-04,7.2,1.0463556020039773
1986-01-05,15.0,2.1799075041749525
1986-01-06,15.0,2.1799075041749525
1986-01-07,13.0,1.8892531702849589
1986-01-08,11.0,1.5985988363949653
1986-01-09,10.0,1.4532716694499683
1986-01-10,9.7,1.4096735193664691
1986-01-11,9.0,1.3079445025049716
1986-01-12,8.7,1.2643463524214724
1986-01-13,8.7,1.2643463524214724
1986-01-14,14.0,2.0345803372299556
1986-01-15,66.0,9.59159301836979
1986-01-16,170.0,24.70561838064946
1986-01-17,179.0,26.013562883154435
1986-01-18,119.0,17.293932866454625
1986-01-19,86.0,12.498136357269727
1986-01-20,67.0,9.736920185314789
1986-01-21,54.0,7.847667015029829
1986-01-22,52.0,7.5570126811398355
1986-01-23,75.0,10.899537520874762
1986-01-24,70.0,10.172901686149778
1986-01-25,59.0,8.574302849754813
1986-01-26,50.0,7.266358347249842
1986-01-27,42.0,6.103741011689867
1986-01-28,37.0,5.377105176964883
1986-01-29,45.0,6.5397225125248575
1986-01-30,62.0,9.010284350589805
1986-01-31,83.0,12.062154856434738
1986-02-01,129.0,18.747204535904594
1986-02-02,170.0,24.70561838064946
1986-02-03,203.0,29.501414889834358
1986-02-04,170.0,24.70561838064946
1986-02-05,130.0,18.89253170284959
1986-02-06,90.0,13.079445025049715
1986-02-07,69.0,10.027574519204782
1986-02-08,55.0,7.992994181974826
1986-02-09,47.0,6.830376846414851
1986-02-10,41.0,5.958413844744871
1986-02-11,36.0,5.2317780100198865
1986-02-12,45.0,6.5397225125248575
1986-02-13,68.0,9.882247352259785
1986-02-14,116.0,16.857951365619634
1986-02-15,248.0,36.04113740235922
1986-02-16,412.0,59.8747927813387
1986-02-17,970.0,140.96735193664693
1986-02-18,364.0,52.899088767978846
1986-02-19,352.0,51.15516276463889
1986-02-20,308.0,44.76076741905903
1986-02-21,193.0,28.04814322038439
1986-02-22,154.0,22.380383709529514
1986-02-23,130.0,18.89253170284959
1986-02-24,98.0,14.24206236060969
1986-02-25,80.0,11.626173355599747
1986-02-26,64.0,9.300938684479798
1986-02-27,54.0,7.847667015029829
1986-02-28,46.0,6.685049679469855
1986-03-01,40.0,5.813086677799873
1986-03-02,35.0,5.086450843074889
1986-03-03,31.0,4.505142175294902
1986-03-04,28.0,4.069160674459911
1986-03-05,26.0,3.7785063405699177
1986-03-06,23.0,3.3425248397349274
1986-03-07,96.0,13.951408026719697
1986-03-08,223.0,32.407958228734294
1986-03-09,163.0,23.688328212034484
1986-03-10,159.0,23.1070195442545
1986-03-11,183.0,26.59487155093442
1986-03-12,155.0,22.52571087647451
1986-03-13,130.0,18.89253170284959
1986-03-14,105.0,15.259352529224667
1986-03-15,111.0,16.13131553089465
1986-03-16,118.0,17.148605699509627
1986-03-17,93.0,13.515426525884706
1986-03-18,76.0,11.044864687819759
1986-03-19,65.0,9.446265851424794
1986-03-20,56.0,8.138321348919822
1986-03-21,49.0,7.121031180304845
1986-03-22,44.0,6.394395345579861
1986-03-23,39.0,5.667759510854877
1986-03-24,34.0,4.941123676129893
1986-03-25,30.0,4.359815008349905
1986-03-26,28.0,4.069160674459911
1986-03-27,26.0,3.7785063405699177
1986-03-28,24.0,3.4878520066799243
1986-03-29,22.0,3.1971976727899305
1986-03-30,21.0,3.0518705058449336
1986-03-31,20.0,2.9065433388999367
1986-04-01,19.0,2.7612161719549397
1986-04-02,18.0,2.6158890050099433
1986-04-03,17.0,2.4705618380649463
1986-04-04,16.0,2.3252346711199494
1986-04-05,15.0,2.1799075041749525
1986-04-06,14.0,2.0345803372299556
1986-04-07,14.0,2.0345803372299556
1986-04-08,13.0,1.8892531702849589
1986-04-09,12.0,1.7439260033399622
1986-04-10,12.0,1.7439260033399622
1986-04-11,11.0,1.5985988363949653
1986-04-12,10.0,1.4532716694499683
1986-04-13,10.0,1.4532716694499683
1986-04-14,9.7,1.4096735193664691
1986-04-15,9.7,1.4096735193664691
1986-04-16,12.0,1.7439260033399622
1986-04-17,10.0,1.4532716694499683
1986-04-18,9.1,1.3224772191994711
1986-04-19,8.5,1.2352809190324732
1986-04-20,8.1,1.1771500522544744
1986-04-21,7.9,1.148084618865475
1986-04-22,7.6,1.104486468781976
1986-04-23,7.3,1.060888318698477
1986-04-24,7.0,1.0172901686149778
1986-04-25,6.9,1.0027574519204783
1986-04-26,6.8,0.9882247352259784
1986-04-27,6.6,0.9591593018369791
1986-04-28,6.3,0.9155611517534801
1986-04-29,6.1,0.8864957183644807
1986-04-30,5.9,0.8574302849754813
1986-05-01,5.9,0.8574302849754813
1986-05-02,12.0,1.7439260033399622
1986-05-03,15.0,2.1799075041749525
1986-05-04,12.0,1.7439260033399622
1986-05-05,12.0,1.7439260033399622
1986-05-06,15.0,2.1799075041749525
1986-05-07,17.0,2.4705618380649463
1986-05-08,16.0,2.3252346711199494
1986-05-09,14.0,2.0345803372299556
1986-05-10,12.0,1.7439260033399622
1986-05-11,11.0,1.5985988363949653
1986-05-12,10.0,1.4532716694499683
1986-05-13,9.6,1.3951408026719696
1986-05-14,9.0,1.3079445025049716
1986-05-15,8.4,1.2207482023379734
1986-05-16,8.1,1.1771500522544744
1986-05-17,7.6,1.104486468781976
1986-05-18,6.9,1.0027574519204783
1986-05-19,6.8,0.9882247352259784
1986-05-20,6.6,0.9591593018369791
1986-05-21,6.6,0.9591593018369791
1986-05-22,6.5,0.9446265851424794
1986-05-23,6.1,0.8864957183644807
1986-05-24,5.9,0.8574302849754813
1986-05-25,5.7,0.828364851586482
1986-05-26,5.5,0.7992994181974826
1986-05-27,5.5,0.7992994181974826
1986-05-28,5.3,0.7702339848084833
1986-05-29,5.1,0.7411685514194838
1986-05-30,4.9,0.7121031180304845
1986-05-31,4.6,0.6685049679469854
1986-06-01,4.6,0.6685049679469854
1986-06-02,4.5,0.6539722512524858
1986-06-03,4.4,0.6394395345579862
1986-06-04,4.4,0.6394395345579862
1986-06-05,4.4,0.6394395345579862
1986-06-06,4.4,0.6394395345579862
1986-06-07,4.3,0.6249068178634863
1986-06-08,4.0,0.5813086677799874
1986-06-09,3.8,0.552243234390988
1986-06-10,3.7,0.5377105176964884
1986-06-11,3.6,0.5231778010019886
1986-06-12,3.5,0.5086450843074889
1986-06-13,3.4,0.4941123676129892
1986-06-14,3.3,0.47957965091848953
1986-06-15,3.3,0.47957965091848953
1986-06-16,3.3,0.47957965091848953
1986-06-17,3.4,0.4941123676129892
1986-06-18,3.4,0.4941123676129892
1986-06-19,3.3,0.47957965091848953
1986-06-20,3.1,0.4505142175294902
1986-06-21,3.0,0.43598150083499054
1986-06-22,2.8,0.4069160674459911
1986-06-23,2.7,0.3923833507514915
1986-06-24,2.6,0.3778506340569918
1986-06-25,2.4,0.3487852006679924
1986-06-26,2.4,0.3487852006679924
1986-06-27,2.4,0.3487852006679924
1986-06-28,2.4,0.3487852006679924
1986-06-29,2.4,0.3487852006679924
1986-06-30,2.3,0.3342524839734927
1986-07-01,2.2,0.3197197672789931
1986-07-02,2.1,0.30518705058449336
1986-07-03,2.1,0.30518705058449336
1986-07-04,2.0,0.2906543338899937
1986-07-05,2.0,0.2906543338899937
1986-07-06,1.9,0.276121617195494
1986-07-07,1.9,0.276121617195494
1986-07-08,1.9,0.276121617195494
1986-07-09,1.8,0.2615889005009943
1986-07-10,1.8,0.2615889005009943
1986-07-11,1.8,0.2615889005009943
1986-07-12,1.8,0.2615889005009943
1986-07-13,1.7,0.2470561838064946
1986-07-14,1.6,0.23252346711199495
1986-07-15,1.6,0.23252346711199495
1986-07-16,1.5,0.21799075041749527
1986-07-17,1.5,0.21799075041749527
1986-07-18,1.6,0.23252346711199495
1986-07-19,1.5,0.21799075041749527
1986-07-20,1.5,0.21799075041749527
1986-07-21,1.4,0.20345803372299556
1986-07-22,1.4,0.20345803372299556
1986-07-23,1.4,0.20345803372299556
1986-07-24,1.3,0.1889253170284959
1986-07-25,1.3,0.1889253170284959
1986-07-26,1.3,0.1889253170284959
1986-07-27,1.3,0.1889253170284959
1986-07-28,1.3,0.1889253170284959
1986-07-29,1.3,0.1889253170284959
1986-07-30,1.2,0.1743926003339962
1986-07-31,1.1,0.15985988363949655
1986-08-01,1.2,0.1743926003339962
1986-08-02,1.1,0.15985988363949655
1986-08-03,1.1,0.15985988363949655
1986-08-04,1.1,0.15985988363949655
1986-08-05,1.1,0.15985988363949655
1986-08-06,1.0,0.14532716694499684
1986-08-07,1.0,0.14532716694499684
1986-08-08,0.97,0.14096735193664692
1986-08-09,0.97,0.14096735193664692
1986-08-10,0.97,0.14096735193664692
1986-08-11,0.97,0.14096735193664692
1986-08-12,0.97,0.14096735193664692
1986-08-13,0.97,0.14096735193664692
1986-08-14,0.91,0.13224772191994713
1986-08-15,0.91,0.13224772191994713
1986-08-16,0.91,0.13224772191994713
1986-08-17,0.91,0.13224772191994713
1986-08-18,0.91,0.13224772191994713
1986-08-19,0.91,0.13224772191994713
1986-08-20,0.85,0.1235280919032473
1986-08-21,0.85,0.1235280919032473
1986-08-22,0.85,0.1235280919032473
1986-08-23,0.85,0.1235280919032473
1986-08-24,0.8,0.11626173355599748
1986-08-25,0.8,0.11626173355599748
1986-08-26,0.8,0.11626173355599748
1986-08-27,0.75,0.10899537520874764
1986-08-28,0.75,0.10899537520874764
1986-08-29,0.78,0.11335519021709754
1986-08-30,0.8,0.11626173355599748
1986-08-31,0.8,0.11626173355599748
1986-09-01,0.8,0.11626173355599748
1986-09-02,0.75,0.10899537520874764
1986-09-03,0.75,0.10899537520874764
1986-09-04,0.7,0.10172901686149778
1986-09-05,0.7,0.10172901686149778
1986-09-06,0.7,0.10172901686149778
1986-09-07,0.7,0.10172901686149778
1986-09-08,0.7,0.10172901686149778
1986-09-09,0.7,0.10172901686149778
1986-09-10,0.7,0.10172901686149778
1986-09-11,0.7,0.10172901686149778
1986-09-12,0.7,0.10172901686149778
1986-09-13,0.7,0.10172901686149778
1986-09-14,0.7,0.10172901686149778
1986-09-15,1.7,0.2470561838064946
1986-09-16,1.7,0.2470561838064946
1986-09-17,6.1,0.8864957183644807
1986-09-18,3.7,0.5377105176964884
1986-09-19,3.3,0.47957965091848953
1986-09-20,2.3,0.3342524839734927
1986-09-21,1.8,0.2615889005009943
1986-09-22,1.5,0.21799075041749527
1986-09-23,1.4,0.20345803372299556
1986-09-24,2.1,0.30518705058449336
1986-09-25,2.5,0.3633179173624921
1986-09-26,13.0,1.8892531702849589
1986-09-27,9.0,1.3079445025049716
1986-09-28,4.6,0.6685049679469854
1986-09-29,3.4,0.4941123676129892
1986-09-30,2.8,0.4069160674459911
1986-10-01,2.5,0.3633179173624921
1986-10-02,2.2,0.3197197672789931
1986-10-03,2.0,0.2906543338899937
1986-10-04,1.9,0.276121617195494
1986-10-05,1.8,0.2615889005009943
1986-10-06,1.8,0.2615889005009943
1986-10-07,1.7,0.2470561838064946
1986-10-08,1.6,0.23252346711199495
1986-10-09,1.6,0.23252346711199495
1986-10-10,1.6,0.23252346711199495
1986-10-11,1.5,0.21799075041749527
1986-10-12,1.5,0.21799075041749527
1986-10-13,1.5,0.21799075041749527
1986-10-14,1.5,0.21799075041749527
1986-10-15,1.5,0.21799075041749527
1986-10-16,1.4,0.20345803372299556
1986-10-17,1.9,0.276121617195494
1986-10-18,1.8,0.2615889005009943
1986-10-19,1.8,0.2615889005009943
1986-10-20,1.6,0.23252346711199495
1986-10-21,1.5,0.21799075041749527
1986-10-22,1.5,0.21799075041749527
1986-10-23,1.8,0.2615889005009943
1986-10-24,2.3,0.3342524839734927
1986-10-25,2.4,0.3487852006679924
1986-10-26,2.5,0.3633179173624921
1986-10-27,3.0,0.43598150083499054
1986-10-28,2.8,0.4069160674459911
1986-10-29,9.9,1.4387389527554688
1986-10-30,15.0,2.1799075041749525
1986-10-31,9.5,1.3806080859774699
1986-11-01,6.9,1.0027574519204783
1986-11-02,5.7,0.828364851586482
1986-11-03,5.0,0.7266358347249842
1986-11-04,4.6,0.6685049679469854
1986-11-05,4.2,0.6103741011689867
1986-11-06,4.0,0.5813086677799874
1986-11-07,3.7,0.5377105176964884
1986-11-08,3.5,0.5086450843074889
1986-11-09,3.5,0.5086450843074889
1986-11-10,3.3,0.47957965091848953
1986-11-11,3.2,0.4650469342239899
1986-11-12,3.0,0.43598150083499054
1986-11-13,2.8,0.4069160674459911
1986-11-14,2.7,0.3923833507514915
1986-11-15,2.6,0.3778506340569918
1986-11-16,2.6,0.3778506340569918
1986-11-17,2.6,0.3778506340569918
1986-11-18,2.6,0.3778506340569918
1986-11-19,2.7,0.3923833507514915
1986-11-20,3.1,0.4505142175294902
1986-11-21,4.6,0.6685049679469854
1986-11-22,3.9,0.5667759510854876
1986-11-23,3.5,0.5086450843074889
1986-11-24,3.5,0.5086450843074889
1986-11-25,3.6,0.5231778010019886
1986-11-26,3.5,0.5086450843074889
1986-11-27,3.3,0.47957965091848953
1986-11-28,3.8,0.552243234390988
1986-11-29,4.5,0.6539722512524858
1986-11-30,4.3,0.6249068178634863
1986-12-01,4.1,0.595841384474487
1986-12-02,3.9,0.5667759510854876
1986-12-03,3.7,0.5377105176964884
1986-12-04,4.2,0.6103741011689867
1986-12-05,17.0,2.4705618380649463
1986-12-06,18.0,2.6158890050099433
1986-12-07,11.0,1.5985988363949653
1986-12-08,8.4,1.2207482023379734
1986-12-09,6.9,1.0027574519204783
1986-12-10,5.8,0.8428975682809816
1986-12-11,5.1,0.7411685514194838
1986-12-12,4.7,0.6830376846414852
1986-12-13,5.7,0.828364851586482
1986-12-14,6.1,0.8864957183644807
1986-12-15,5.4,0.784766701502983
1986-12-16,5.0,0.7266358347249842
1986-12-17,4.8,0.6975704013359848
1986-12-18,7.3,1.060888318698477
1986-12-19,12.0,1.7439260033399622
1986-12-20,15.0,2.1799075041749525
1986-12-21,12.0,1.7439260033399622
1986-12-22,14.0,2.0345803372299556
1986-12-23,15.0,2.1799075041749525
1986-12-24,14.0,2.0345803372299556
1986-12-25,12.0,1.7439260033399622
1986-12-26,11.0,1.5985988363949653
1986-12-27,9.2,1.3370099358939709
1986-12-28,8.3,1.206215485643474
1986-12-29,12.0,1.7439260033399622
1986-12-30,11.0,1.5985988363949653
1986-12-31,14.0,2.0345803372299556
1987-01-01,61.0,8.864957183644806
1987-01-02,61.0,8.864957183644806
1987-01-03,89.0,12.934117858104718
1987-01-04,87.0,12.643463524214726
1987-01-05,65.0,9.446265851424794
1987-01-06,48.0,6.975704013359849
1987-01-07,36.0,5.2317780100198865
1987-01-08,29.0,4.2144878414049085
1987-01-09,25.0,3.633179173624921
1987-01-10,22.0,3.1971976727899305
1987-01-11,19.0,2.7612161719549397
1987-01-12,18.0,2.6158890050099433
1987-01-13,17.0,2.4705618380649463
1987-01-14,16.0,2.3252346711199494
1987-01-15,14.0,2.0345803372299556
1987-01-16,13.0,1.8892531702849589
1987-01-17,12.0,1.7439260033399622
1987-01-18,11.0,1.5985988363949653
1987-01-19,10.0,1.4532716694499683
1987-01-20,9.8,1.424206236060969
1987-01-21,9.3,1.3515426525884706
1987-01-22,8.8,1.2788790691159724
1987-01-23,12.0,1.7439260033399622
1987-01-24,44.0,6.394395345579861
1987-01-25,53.0,7.702339848084833
1987-01-26,57.0,8.28364851586482
1987-01-27,55.0,7.992994181974826
1987-01-28,64.0,9.300938684479798
1987-01-29,61.0,8.864957183644806
1987-01-30,55.0,7.992994181974826
1987-01-31,47.0,6.830376846414851
1987-02-01,42.0,6.103741011689867
1987-02-02,97.0,14.096735193664694
1987-02-03,91.0,13.224772191994711
1987-02-04,72.0,10.463556020039773
1987-02-05,57.0,8.28364851586482
1987-02-06,47.0,6.830376846414851
1987-02-07,39.0,5.667759510854877
1987-02-08,33.0,4.795796509184895
1987-02-09,29.0,4.2144878414049085
1987-02-10,27.0,3.9238335075149147
1987-02-11,26.0,3.7785063405699177
1987-02-12,42.0,6.103741011689867
1987-02-13,137.0,19.909821871464565
1987-02-14,101.0,14.678043861444682
1987-02-15,102.0,14.823371028389678
1987-02-16,90.0,13.079445025049715
1987-02-17,75.0,10.899537520874762
1987-02-18,62.0,9.010284350589805
1987-02-19,52.0,7.5570126811398355
1987-02-20,45.0,6.5397225125248575
1987-02-21,39.0,5.667759510854877
1987-02-22,34.0,4.941123676129893
1987-02-23,30.0,4.359815008349905
1987-02-24,27.0,3.9238335075149147
1987-02-25,25.0,3.633179173624921
1987-02-26,23.0,3.3425248397349274
1987-02-27,21.0,3.0518705058449336
1987-02-28,20.0,2.9065433388999367
1987-03-01,18.0,2.6158890050099433
1987-03-02,19.0,2.7612161719549397
1987-03-03,26.0,3.7785063405699177
1987-03-04,22.0,3.1971976727899305
1987-03-05,59.0,8.574302849754813
1987-03-06,59.0,8.574302849754813
1987-03-07,51.0,7.411685514194839
1987-03-08,45.0,6.5397225125248575
1987-03-09,39.0,5.667759510854877
1987-03-10,35.0,5.086450843074889
1987-03-11,34.0,4.941123676129893
1987-03-12,118.0,17.148605699509627
1987-03-13,149.0,21.65374787480453
1987-03-14,124.0,18.02056870117961
1987-03-15,98.0,14.24206236060969
1987-03-16,81.0,11.771500522544743
1987-03-17,67.0,9.736920185314789
1987-03-18,59.0,8.574302849754813
1987-03-19,52.0,7.5570126811398355
1987-03-20,46.0,6.685049679469855
1987-03-21,42.0,6.103741011689867
1987-03-22,38.0,5.5224323439098795
1987-03-23,41.0,5.958413844744871
1987-03-24,40.0,5.813086677799873
1987-03-25,38.0,5.5224323439098795
1987-03-26,34.0,4.941123676129893
1987-03-27,31.0,4.505142175294902
1987-03-28,29.0,4.2144878414049085
1987-03-29,27.0,3.9238335075149147
1987-03-30,25.0,3.633179173624921
1987-03-31,23.0,3.3425248397349274
1987-04-01,21.0,3.0518705058449336
1987-04-02,20.0,2.9065433388999367
1987-04-03,19.0,2.7612161719549397
1987-04-04,18.0,2.6158890050099433
1987-04-05,17.0,2.4705618380649463
1987-04-06,16.0,2.3252346711199494
1987-04-07,15.0,2.1799075041749525
1987-04-08,14.0,2.0345803372299556
1987-04-09,14.0,2.0345803372299556
1987-04-10,13.0,1.8892531702849589
1987-04-11,13.0,1.8892531702849589
1987-04-12,12.0,1.7439260033399622
1987-04-13,11.0,1.5985988363949653
1987-04-14,11.0,1.5985988363949653
1987-04-15,11.0,1.5985988363949653
1987-04-16,10.0,1.4532716694499683
1987-04-17,9.6,1.3951408026719696
1987-04-18,9.3,1.3515426525884706
1987-04-19,9.1,1.3224772191994711
1987-04-20,9.0,1.3079445025049716
1987-04-21,8.7,1.2643463524214724
1987-04-22,8.2,1.191682768948974
1987-04-23,7.9,1.148084618865475
1987-04-24,7.6,1.104486468781976
1987-04-25,7.6,1.104486468781976
1987-04-26,7.3,1.060888318698477
1987-04-27,7.0,1.0172901686149778
1987-04-28,6.8,0.9882247352259784
1987-04-29,6.6,0.9591593018369791
1987-04-30,9.7,1.4096735193664691
1987-05-01,10.0,1.4532716694499683
1987-05-02,8.3,1.206215485643474
1987-05-03,7.5,1.0899537520874762
1987-05-04,7.0,1.0172901686149778
1987-05-05,6.5,0.9446265851424794
1987-05-06,6.1,0.8864957183644807
1987-05-07,5.7,0.828364851586482
1987-05-08,5.7,0.828364851586482
1987-05-09,5.5,0.7992994181974826
1987-05-10,5.3,0.7702339848084833
1987-05-11,5.1,0.7411685514194838
1987-05-12,5.0,0.7266358347249842
1987-05-13,4.9,0.7121031180304845
1987-05-14,4.7,0.6830376846414852
1987-05-15,4.6,0.6685049679469854
1987-05-16,4.6,0.6685049679469854
1987-05-17,4.6,0.6685049679469854
1987-05-18,4.5,0.6539722512524858
1987-05-19,4.4,0.6394395345579862
1987-05-20,4.2,0.6103741011689867
1987-05-21,4.1,0.595841384474487
1987-05-22,4.0,0.5813086677799874
1987-05-23,3.9,0.5667759510854876
1987-05-24,3.9,0.5667759510854876
1987-05-25,3.9,0.5667759510854876
1987-05-26,3.9,0.5667759510854876
1987-05-27,3.8,0.552243234390988
1987-05-28,3.7,0.5377105176964884
1987-05-29,3.6,0.5231778010019886
1987-05-30,3.6,0.5231778010019886
1987-05-31,3.9,0.5667759510854876
1987-06-01,3.7,0.5377105176964884
1987-06-02,3.4,0.4941123676129892
1987-06-03,3.2,0.4650469342239899
1987-06-04,3.0,0.43598150083499054
1987-06-05,3.0,0.43598150083499054
1987-06-06,3.0,0.43598150083499054
1987-06-07,2.8,0.4069160674459911
1987-06-08,2.7,0.3923833507514915
1987-06-09,2.7,0.3923833507514915
1987-06-10,2.7,0.3923833507514915
1987-06-11,2.6,0.3778506340569918
1987-06-12,2.6,0.3778506340569918
1987-06-13,2.5,0.3633179173624921
1987-06-14,2.4,0.3487852006679924
1987-06-15,2.4,0.3487852006679924
1987-06-16,2.5,0.3633179173624921
1987-06-17,2.5,0.3633179173624921
1987-06-18,2.5,0.3633179173624921
1987-06-19,2.3,0.3342524839734927
1987-06-20,2.2,0.3197197672789931
1987-06-21,2.2,0.3197197672789931
1987-06-22,2.2,0.3197197672789931
1987-06-23,2.2,0.3197197672789931
1987-06-24,2.1,0.30518705058449336
1987-06-25,2.0,0.2906543338899937
1987-06-26,1.8,0.2615889005009943
1987-06-27,1.8,0.2615889005009943
1987-06-28,1.8,0.2615889005009943
1987-06-29,1.8,0.2615889005009943
1987-06-30,1.7,0.2470561838064946
1987-07-01,1.7,0.2470561838064946
1987-07-02,1.7,0.2470561838064946
1987-07-03,1.7,0.2470561838064946
1987-07-04,1.7,0.2470561838064946
1987-07-05,1.7,0.2470561838064946
1987-07-06,1.7,0.2470561838064946
1987-07-07,1.6,0.23252346711199495
1987-07-08,1.6,0.23252346711199495
1987-07-09,1.6,0.23252346711199495
1987-07-10,1.5,0.21799075041749527
1987-07-11,1.4,0.20345803372299556
1987-07-12,1.4,0.20345803372299556
1987-07-13,1.3,0.1889253170284959
1987-07-14,1.3,0.1889253170284959
1987-07-15,1.2,0.1743926003339962
1987-07-16,1.2,0.1743926003339962
1987-07-17,1.2,0.1743926003339962
1987-07-18,1.3,0.1889253170284959
1987-07-19,1.3,0.1889253170284959
1987-07-20,1.3,0.1889253170284959
1987-07-21,1.3,0.1889253170284959
1987-07-22,1.3,0.1889253170284959
1987-07-23,1.3,0.1889253170284959
1987-07-24,1.3,0.1889253170284959
1987-07-25,1.3,0.1889253170284959
1987-07-26,1.2,0.1743926003339962
1987-07-27,1.2,0.1743926003339962
1987-07-28,1.2,0.1743926003339962
1987-07-29,1.2,0.1743926003339962
1987-07-30,1.2,0.1743926003339962
1987-07-31,1.2,0.1743926003339962
1987-08-01,1.1,0.15985988363949655
1987-08-02,1.0,0.14532716694499684
1987-08-03,1.0,0.14532716694499684
1987-08-04,0.97,0.14096735193664692
1987-08-05,0.94,0.13660753692829702
1987-08-06,0.91,0.13224772191994713
1987-08-07,0.85,0.1235280919032473
1987-08-08,0.85,0.1235280919032473
1987-08-09,0.85,0.1235280919032473
1987-08-10,0.81,0.11771500522544745
1987-08-11,0.8,0.11626173355599748
1987-08-12,0.8,0.11626173355599748
1987-08-13,0.8,0.11626173355599748
1987-08-14,0.8,0.11626173355599748
1987-08-15,0.78,0.11335519021709754
1987-08-16,0.75,0.10899537520874764
1987-08-17,0.75,0.10899537520874764
1987-08-18,0.75,0.10899537520874764
1987-08-19,0.75,0.10899537520874764
1987-08-20,0.75,0.10899537520874764
1987-08-21,0.7,0.10172901686149778
1987-08-22,0.7,0.10172901686149778
1987-08-23,0.7,0.10172901686149778
1987-08-24,0.7,0.10172901686149778
1987-08-25,0.7,0.10172901686149778
1987-08-26,0.62,0.09010284350589803
1987-08-27,0.61,0.08864957183644807
1987-08-28,0.61,0.08864957183644807
1987-08-29,0.57,0.0828364851586482
1987-08-30,0.57,0.0828364851586482
1987-08-31,0.52,0.07557012681139835
1987-09-01,0.49,0.07121031180304845
1987-09-02,0.49,0.07121031180304845
1987-09-03,0.49,0.07121031180304845
1987-09-04,0.49,0.07121031180304845
1987-09-05,0.49,0.07121031180304845
1987-09-06,0.49,0.07121031180304845
1987-09-07,0.49,0.07121031180304845
1987-09-08,0.49,0.07121031180304845
1987-09-09,0.49,0.07121031180304845
1987-09-10,0.49,0.07121031180304845
1987-09-11,0.5,0.07266358347249842
1987-09-12,0.55,0.07992994181974827
1987-09-13,0.61,0.08864957183644807
1987-09-14,0.61,0.08864957183644807
1987-09-15,0.61,0.08864957183644807
1987-09-16,0.61,0.08864957183644807
1987-09-17,0.61,0.08864957183644807
1987-09-18,0.6,0.0871963001669981
1987-09-19,0.53,0.07702339848084833
1987-09-20,0.53,0.07702339848084833
1987-09-21,0.49,0.07121031180304845
1987-09-22,0.46,0.06685049679469855
1987-09-23,0.46,0.06685049679469855
1987-09-24,0.46,0.06685049679469855
1987-09-25,0.46,0.06685049679469855
1987-09-26,0.46,0.06685049679469855
1987-09-27,0.46,0.06685049679469855
1987-09-28,0.46,0.06685049679469855
1987-09-29,0.46,0.06685049679469855
1987-09-30,0.45,0.06539722512524858
1987-10-01,0.46,0.06685049679469855
1987-10-02,0.46,0.06685049679469855
1987-10-03,0.46,0.06685049679469855
1987-10-04,0.46,0.06685049679469855
1987-10-05,0.46,0.06685049679469855
1987-10-06,0.46,0.06685049679469855
1987-10-07,0.45,0.06539722512524858
1987-10-08,0.41,0.0595841384474487
1987-10-09,0.42,0.06103741011689867
1987-10-10,0.43,0.06249068178634864
1987-10-11,0.46,0.06685049679469855
1987-10-12,0.46,0.06685049679469855
1987-10-13,0.46,0.06685049679469855
1987-10-14,0.46,0.06685049679469855
1987-10-15,0.46,0.06685049679469855
1987-10-16,0.46,0.06685049679469855
1987-10-17,0.46,0.06685049679469855
1987-10-18,0.46,0.06685049679469855
1987-10-19,0.46,0.06685049679469855
1987-10-20,0.49,0.07121031180304845
1987-10-21,0.48,0.06975704013359849
1987-10-22,0.47,0.06830376846414851
1987-10-23,0.86,0.12498136357269728
1987-10-24,0.92,0.1337009935893971
1987-10-25,0.76,0.1104486468781976
1987-10-26,0.7,0.10172901686149778
1987-10-27,0.7,0.10172901686149778
1987-10-28,0.9,0.13079445025049716
1987-10-29,0.97,0.14096735193664692
1987-10-30,0.97,0.14096735193664692
1987-10-31,0.97,0.14096735193664692
1987-11-01,0.97,0.14096735193664692
1987-11-02,0.97,0.14096735193664692
1987-11-03,0.97,0.14096735193664692
1987-11-04,0.97,0.14096735193664692
1987-11-05,0.97,0.14096735193664692
1987-11-06,0.97,0.14096735193664692
1987-11-07,0.97,0.14096735193664692
1987-11-08,1.2,0.1743926003339962
1987-11-09,1.6,0.23252346711199495
1987-11-10,1.2,0.1743926003339962
1987-11-11,1.2,0.1743926003339962
1987-11-12,1.2,0.1743926003339962
1987-11-13,4.8,0.6975704013359848
1987-11-14,2.6,0.3778506340569918
1987-11-15,1.6,0.23252346711199495
1987-11-16,1.4,0.20345803372299556
1987-11-17,4.3,0.6249068178634863
1987-11-18,3.6,0.5231778010019886
1987-11-19,2.2,0.3197197672789931
1987-11-20,3.7,0.5377105176964884
1987-11-21,4.6,0.6685049679469854
1987-11-22,3.0,0.43598150083499054
1987-11-23,2.2,0.3197197672789931
1987-11-24,1.9,0.276121617195494
1987-11-25,1.6,0.23252346711199495
1987-11-26,1.5,0.21799075041749527
1987-11-27,1.4,0.20345803372299556
1987-11-28,1.4,0.20345803372299556
1987-11-29,1.4,0.20345803372299556
1987-11-30,5.5,0.7992994181974826
1987-12-01,75.0,10.899537520874762
1987-12-02,205.0,29.79206922372435
1987-12-03,119.0,17.293932866454625
1987-12-04,125.0,18.165895868124604
1987-12-05,97.0,14.096735193664694
1987-12-06,130.0,18.89253170284959
1987-12-07,122.0,17.729914367289613
1987-12-08,127.0,18.456550202014597
1987-12-09,125.0,18.165895868124604
1987-12-10,420.0,61.03741011689867
1987-12-11,310.0,45.05142175294902
1987-12-12,220.0,31.971976727899303
1987-12-13,160.0,23.252346711199493
1987-12-14,115.0,16.712624198674636
1987-12-15,83.0,12.062154856434738
1987-12-16,59.0,8.574302849754813
1987-12-17,42.0,6.103741011689867
1987-12-18,34.0,4.941123676129893
1987-12-19,27.0,3.9238335075149147
1987-12-20,21.0,3.0518705058449336
1987-12-21,22.0,3.1971976727899305
1987-12-22,24.0,3.4878520066799243
1987-12-23,21.0,3.0518705058449336
1987-12-24,21.0,3.0518705058449336
1987-12-25,20.0,2.9065433388999367
1987-12-26,19.0,2.7612161719549397
1987-12-27,18.0,2.6158890050099433
1987-12-28,22.0,3.1971976727899305
1987-12-29,23.0,3.3425248397349274
1987-12-30,22.0,3.1971976727899305
1987-12-31,21.0,3.0518705058449336
1988-01-01,21.0,3.0518705058449336
1988-01-02,22.0,3.1971976727899305
1988-01-03,52.0,7.5570126811398355
1988-01-04,105.0,15.259352529224667
1988-01-05,83.0,12.062154856434738
1988-01-06,66.0,9.59159301836979
1988-01-07,58.0,8.428975682809817
1988-01-08,59.0,8.574302849754813
1988-01-09,82.0,11.916827689489741
1988-01-10,102.0,14.823371028389678
1988-01-11,125.0,18.165895868124604
1988-01-12,98.0,14.24206236060969
1988-01-13,80.0,11.626173355599747
1988-01-14,74.0,10.754210353929766
1988-01-15,101.0,14.678043861444682
1988-01-16,120.0,17.43926003339962
1988-01-17,108.0,15.695334030059659
1988-01-18,84.0,12.207482023379734
1988-01-19,68.0,9.882247352259785
1988-01-20,57.0,8.28364851586482
1988-01-21,49.0,7.121031180304845
1988-01-22,42.0,6.103741011689867
1988-01-23,36.0,5.2317780100198865
1988-01-24,32.0,4.650469342239899
1988-01-25,29.0,4.2144878414049085
1988-01-26,26.0,3.7785063405699177
1988-01-27,24.0,3.4878520066799243
1988-01-28,23.0,3.3425248397349274
1988-01-29,31.0,4.505142175294902
1988-01-30,31.0,4.505142175294902
1988-01-31,28.0,4.069160674459911
1988-02-01,27.0,3.9238335075149147
1988-02-02,25.0,3.633179173624921
1988-02-03,24.0,3.4878520066799243
1988-02-04,22.0,3.1971976727899305
1988-02-05,21.0,3.0518705058449336
1988-02-06,20.0,2.9065433388999367
1988-02-07,18.0,2.6158890050099433
1988-02-08,17.0,2.4705618380649463
1988-02-09,17.0,2.4705618380649463
1988-02-10,16.0,2.3252346711199494
1988-02-11,15.0,2.1799075041749525
1988-02-12,14.0,2.0345803372299556
1988-02-13,14.0,2.0345803372299556
1988-02-14,13.0,1.8892531702849589
1988-02-15,12.0,1.7439260033399622
1988-02-16,11.0,1.5985988363949653
1988-02-17,11.0,1.5985988363949653
1988-02-18,10.0,1.4532716694499683
1988-02-19,10.0,1.4532716694499683
1988-02-20,9.9,1.4387389527554688
1988-02-21,9.4,1.3660753692829704
1988-02-22,8.9,1.293411785810472
1988-02-23,8.7,1.2643463524214724
1988-02-24,8.4,1.2207482023379734
1988-02-25,7.9,1.148084618865475
1988-02-26,7.7,1.1190191854764757
1988-02-27,7.6,1.104486468781976
1988-02-28,8.1,1.1771500522544744
1988-02-29,7.6,1.104486468781976
1988-03-01,8.0,1.1626173355599747
1988-03-02,7.3,1.060888318698477
1988-03-03,7.1,1.0318228853094775
1988-03-04,6.7,0.9736920185314788
1988-03-05,6.6,0.9591593018369791
1988-03-06,6.4,0.9300938684479798
1988-03-07,6.3,0.9155611517534801
1988-03-08,6.1,0.8864957183644807
1988-03-09,6.0,0.8719630016699811
1988-03-10,5.9,0.8574302849754813
1988-03-11,5.7,0.828364851586482
1988-03-12,5.7,0.828364851586482
1988-03-13,5.5,0.7992994181974826
1988-03-14,5.3,0.7702339848084833
1988-03-15,5.3,0.7702339848084833
1988-03-16,5.1,0.7411685514194838
1988-03-17,5.1,0.7411685514194838
1988-03-18,5.1,0.7411685514194838
1988-03-19,5.0,0.7266358347249842
1988-03-20,4.8,0.6975704013359848
1988-03-21,4.8,0.6975704013359848
1988-03-22,4.8,0.6975704013359848
1988-03-23,5.2,0.7557012681139836
1988-03-24,4.8,0.6975704013359848
1988-03-25,4.6,0.6685049679469854
1988-03-26,4.5,0.6539722512524858
1988-03-27,4.4,0.6394395345579862
1988-03-28,4.3,0.6249068178634863
1988-03-29,4.3,0.6249068178634863
1988-03-30,4.3,0.6249068178634863
1988-03-31,4.1,0.595841384474487
1988-04-01,3.9,0.5667759510854876
1988-04-02,3.8,0.552243234390988
1988-04-03,3.8,0.552243234390988
1988-04-04,3.8,0.552243234390988
1988-04-05,3.8,0.552243234390988
1988-04-06,3.6,0.5231778010019886
1988-04-07,3.5,0.5086450843074889
1988-04-08,3.4,0.4941123676129892
1988-04-09,3.3,0.47957965091848953
1988-04-10,3.3,0.47957965091848953
1988-04-11,3.3,0.47957965091848953
1988-04-12,3.2,0.4650469342239899
1988-04-13,3.1,0.4505142175294902
1988-04-14,3.1,0.4505142175294902
1988-04-15,3.1,0.4505142175294902
1988-04-16,3.1,0.4505142175294902
1988-04-17,3.1,0.4505142175294902
1988-04-18,3.2,0.4650469342239899
1988-04-19,6.0,0.8719630016699811
1988-04-20,4.8,0.6975704013359848
1988-04-21,4.2,0.6103741011689867
1988-04-22,4.3,0.6249068178634863
1988-04-23,5.0,0.7266358347249842
1988-04-24,4.2,0.6103741011689867
1988-04-25,3.9,0.5667759510854876
1988-04-26,3.6,0.5231778010019886
1988-04-27,3.4,0.4941123676129892
1988-04-28,3.3,0.47957965091848953
1988-04-29,3.9,0.5667759510854876
1988-04-30,3.9,0.5667759510854876
1988-05-01,3.8,0.552243234390988
1988-05-02,3.6,0.5231778010019886
1988-05-03,3.4,0.4941123676129892
1988-05-04,3.3,0.47957965091848953
1988-05-05,3.3,0.47957965091848953
1988-05-06,3.5,0.5086450843074889
1988-05-07,5.0,0.7266358347249842
1988-05-08,4.8,0.6975704013359848
1988-05-09,4.4,0.6394395345579862
1988-05-10,4.1,0.595841384474487
1988-05-11,3.8,0.552243234390988
1988-05-12,4.1,0.595841384474487
1988-05-13,4.6,0.6685049679469854
1988-05-14,4.1,0.595841384474487
1988-05-15,3.9,0.5667759510854876
1988-05-16,4.5,0.6539722512524858
1988-05-17,4.5,0.6539722512524858
1988-05-18,4.1,0.595841384474487
1988-05-19,3.9,0.5667759510854876
1988-05-20,3.7,0.5377105176964884
1988-05-21,3.6,0.5231778010019886
1988-05-22,3.4,0.4941123676129892
1988-05-23,3.5,0.5086450843074889
1988-05-24,3.2,0.4650469342239899
1988-05-25,3.1,0.4505142175294902
1988-05-26,3.1,0.4505142175294902
1988-05-27,3.0,0.43598150083499054
1988-05-28,3.3,0.47957965091848953
1988-05-29,3.5,0.5086450843074889
1988-05-30,3.1,0.4505142175294902
1988-05-31,3.0,0.43598150083499054
1988-06-01,5.1,0.7411685514194838
1988-06-02,4.8,0.6975704013359848
1988-06-03,4.6,0.6685049679469854
1988-06-04,4.8,0.6975704013359848
1988-06-05,4.8,0.6975704013359848
1988-06-06,4.7,0.6830376846414852
1988-06-07,4.9,0.7121031180304845
1988-06-08,5.5,0.7992994181974826
1988-06-09,5.5,0.7992994181974826
1988-06-10,6.0,0.8719630016699811
1988-06-11,5.8,0.8428975682809816
1988-06-12,5.5,0.7992994181974826
1988-06-13,5.3,0.7702339848084833
1988-06-14,5.1,0.7411685514194838
1988-06-15,4.7,0.6830376846414852
1988-06-16,4.4,0.6394395345579862
1988-06-17,4.4,0.6394395345579862
1988-06-18,4.3,0.6249068178634863
1988-06-19,4.0,0.5813086677799874
1988-06-20,3.7,0.5377105176964884
1988-06-21,3.6,0.5231778010019886
1988-06-22,3.4,0.4941123676129892
1988-06-23,3.3,0.47957965091848953
1988-06-24,3.1,0.4505142175294902
1988-06-25,3.0,0.43598150083499054
1988-06-26,2.8,0.4069160674459911
1988-06-27,2.6,0.3778506340569918
1988-06-28,2.6,0.3778506340569918
1988-06-29,2.4,0.3487852006679924
1988-06-30,2.4,0.3487852006679924
1988-07-01,2.3,0.3342524839734927
1988-07-02,2.1,0.30518705058449336
1988-07-03,2.0,0.2906543338899937
1988-07-04,2.0,0.2906543338899937
1988-07-05,2.0,0.2906543338899937
1988-07-06,1.9,0.276121617195494
1988-07-07,1.8,0.2615889005009943
1988-07-08,1.7,0.2470561838064946
1988-07-09,1.7,0.2470561838064946
1988-07-10,1.6,0.23252346711199495
1988-07-11,1.6,0.23252346711199495
1988-07-12,1.6,0.23252346711199495
1988-07-13,1.6,0.23252346711199495
1988-07-14,1.6,0.23252346711199495
1988-07-15,1.6,0.23252346711199495
1988-07-16,1.6,0.23252346711199495
1988-07-17,1.5,0.21799075041749527
1988-07-18,1.4,0.20345803372299556
1988-07-19,1.3,0.1889253170284959
1988-07-20,1.3,0.1889253170284959
1988-07-21,1.2,0.1743926003339962
1988-07-22,1.2,0.1743926003339962
1988-07-23,1.2,0.1743926003339962
1988-07-24,1.2,0.1743926003339962
1988-07-25,1.2,0.1743926003339962
1988-07-26,1.2,0.1743926003339962
1988-07-27,1.1,0.15985988363949655
1988-07-28,1.1,0.15985988363949655
1988-07-29,1.0,0.14532716694499684
1988-07-30,1.0,0.14532716694499684
1988-07-31,0.97,0.14096735193664692
1988-08-01,0.97,0.14096735193664692
1988-08-02,0.97,0.14096735193664692
1988-08-03,0.97,0.14096735193664692
1988-08-04,0.97,0.14096735193664692
1988-08-05,0.97,0.14096735193664692
1988-08-06,0.97,0.14096735193664692
1988-08-07,0.97,0.14096735193664692
1988-08-08,0.97,0.14096735193664692
1988-08-09,0.96,0.13951408026719697
1988-08-10,0.91,0.13224772191994713
1988-08-11,0.91,0.13224772191994713
1988-08-12,0.91,0.13224772191994713
1988-08-13,0.97,0.14096735193664692
1988-08-14,0.97,0.14096735193664692
1988-08-15,0.97,0.14096735193664692
1988-08-16,0.97,0.14096735193664692
1988-08-17,0.97,0.14096735193664692
1988-08-18,0.91,0.13224772191994713
1988-08-19,0.85,0.1235280919032473
1988-08-20,0.85,0.1235280919032473
1988-08-21,0.85,0.1235280919032473
1988-08-22,0.8,0.11626173355599748
1988-08-23,0.8,0.11626173355599748
1988-08-24,0.8,0.11626173355599748
1988-08-25,0.75,0.10899537520874764
1988-08-26,0.7,0.10172901686149778
1988-08-27,0.68,0.09882247352259786
1988-08-28,0.69,0.10027574519204781
1988-08-29,0.65,0.09446265851424795
1988-08-30,0.65,0.09446265851424795
1988-08-31,0.65,0.09446265851424795
1988-09-01,0.61,0.08864957183644807
1988-09-02,0.55,0.07992994181974827
1988-09-03,0.57,0.0828364851586482
1988-09-04,0.55,0.07992994181974827
1988-09-05,0.53,0.07702339848084833
1988-09-06,0.53,0.07702339848084833
1988-09-07,0.53,0.07702339848084833
1988-09-08,0.53,0.07702339848084833
1988-09-09,0.54,0.0784766701502983
1988-09-10,0.56,0.08138321348919823
1988-09-11,0.5,0.07266358347249842
1988-09-12,0.49,0.07121031180304845
1988-09-13,0.49,0.07121031180304845
1988-09-14,0.49,0.07121031180304845
1988-09-15,0.49,0.07121031180304845
1988-09-16,0.47,0.06830376846414851
1988-09-17,0.46,0.06685049679469855
1988-09-18,0.46,0.06685049679469855
1988-09-19,0.46,0.06685049679469855
1988-09-20,0.46,0.06685049679469855
1988-09-21,0.46,0.06685049679469855
1988-09-22,0.48,0.06975704013359849
1988-09-23,0.49,0.07121031180304845
1988-09-24,0.49,0.07121031180304845
1988-09-25,0.49,0.07121031180304845
1988-09-26,0.49,0.07121031180304845
1988-09-27,0.51,0.07411685514194839
1988-09-28,0.53,0.07702339848084833
1988-09-29,0.53,0.07702339848084833
1988-09-30,0.52,0.07557012681139835
1988-10-01,0.53,0.07702339848084833
1988-10-02,0.53,0.07702339848084833
1988-10-03,0.53,0.07702339848084833
1988-10-04,0.6,0.0871963001669981
1988-10-05,0.73,0.10608883186984769
1988-10-06,0.75,0.10899537520874764
1988-10-07,0.75,0.10899537520874764
1988-10-08,0.75,0.10899537520874764
1988-10-09,0.75,0.10899537520874764
1988-10-10,0.67,0.09736920185314789
1988-10-11,0.65,0.09446265851424795
1988-10-12,0.65,0.09446265851424795
1988-10-13,0.89,0.12934117858104718
1988-10-14,1.2,0.1743926003339962
1988-10-15,1.0,0.14532716694499684
1988-10-16,0.97,0.14096735193664692
1988-10-17,0.91,0.13224772191994713
1988-10-18,0.85,0.1235280919032473
1988-10-19,0.83,0.12062154856434737
1988-10-20,0.8,0.11626173355599748
1988-10-21,0.8,0.11626173355599748
1988-10-22,0.8,0.11626173355599748
1988-10-23,0.8,0.11626173355599748
1988-10-24,0.8,0.11626173355599748
1988-10-25,0.81,0.11771500522544745
1988-10-26,0.85,0.1235280919032473
1988-10-27,0.87,0.12643463524214724
1988-10-28,0.95,0.138060808597747
1988-10-29,1.0,0.14532716694499684
1988-10-30,1.0,0.14532716694499684
1988-10-31,1.0,0.14532716694499684
1988-11-01,1.2,0.1743926003339962
1988-11-02,2.0,0.2906543338899937
1988-11-03,8.3,1.206215485643474
1988-11-04,3.0,0.43598150083499054
1988-11-05,2.1,0.30518705058449336
1988-11-06,3.0,0.43598150083499054
1988-11-07,2.4,0.3487852006679924
1988-11-08,2.0,0.2906543338899937
1988-11-09,2.6,0.3778506340569918
1988-11-10,13.0,1.8892531702849589
1988-11-11,5.8,0.8428975682809816
1988-11-12,5.5,0.7992994181974826
1988-11-13,19.0,2.7612161719549397
1988-11-14,19.0,2.7612161719549397
1988-11-15,14.0,2.0345803372299556
1988-11-16,20.0,2.9065433388999367
1988-11-17,23.0,3.3425248397349274
1988-11-18,15.0,2.1799075041749525
1988-11-19,11.0,1.5985988363949653
1988-11-20,8.7,1.2643463524214724
1988-11-21,30.0,4.359815008349905
1988-11-22,205.0,29.79206922372435
1988-11-23,175.0,25.432254215374446
1988-11-24,83.0,12.062154856434738
1988-11-25,66.0,9.59159301836979
1988-11-26,54.0,7.847667015029829
1988-11-27,45.0,6.5397225125248575
1988-11-28,37.0,5.377105176964883
1988-11-29,31.0,4.505142175294902
1988-11-30,26.0,3.7785063405699177
1988-12-01,23.0,3.3425248397349274
1988-12-02,21.0,3.0518705058449336
1988-12-03,20.0,2.9065433388999367
1988-12-04,18.0,2.6158890050099433
1988-12-05,17.0,2.4705618380649463
1988-12-06,16.0,2.3252346711199494
1988-12-07,14.0,2.0345803372299556
1988-12-08,13.0,1.8892531702849589
1988-12-09,12.0,1.7439260033399622
1988-12-10,11.0,1.5985988363949653
1988-12-11,11.0,1.5985988363949653
1988-12-12,10.0,1.4532716694499683
1988-12-13,9.3,1.3515426525884706
1988-12-14,9.1,1.3224772191994711
1988-12-15,8.8,1.2788790691159724
1988-12-16,8.3,1.206215485643474
1988-12-17,7.8,1.1335519021709752
1988-12-18,7.5,1.0899537520874762
1988-12-19,7.8,1.1335519021709752
1988-12-20,13.0,1.8892531702849589
1988-12-21,15.0,2.1799075041749525
1988-12-22,41.0,5.958413844744871
1988-12-23,32.0,4.650469342239899
1988-12-24,33.0,4.795796509184895
1988-12-25,31.0,4.505142175294902
1988-12-26,25.0,3.633179173624921
1988-12-27,23.0,3.3425248397349274
1988-12-28,20.0,2.9065433388999367
1988-12-29,30.0,4.359815008349905
1988-12-30,45.0,6.5397225125248575
1988-12-31,42.0,6.103741011689867
1989-01-01,36.0,5.2317780100198865
1989-01-02,33.0,4.795796509184895
1989-01-03,33.0,4.795796509184895
1989-01-04,46.0,6.685049679469855
1989-01-05,40.0,5.813086677799873
1989-01-06,36.0,5.2317780100198865
1989-01-07,43.0,6.249068178634864
1989-01-08,68.0,9.882247352259785
1989-01-09,86.0,12.498136357269727
1989-01-10,68.0,9.882247352259785
1989-01-11,55.0,7.992994181974826
1989-01-12,47.0,6.830376846414851
1989-01-13,40.0,5.813086677799873
1989-01-14,35.0,5.086450843074889
1989-01-15,31.0,4.505142175294902
1989-01-16,29.0,4.2144878414049085
1989-01-17,28.0,4.069160674459911
1989-01-18,28.0,4.069160674459911
1989-01-19,28.0,4.069160674459911
1989-01-20,28.0,4.069160674459911
1989-01-21,32.0,4.650469342239899
1989-01-22,28.0,4.069160674459911
1989-01-23,25.0,3.633179173624921
1989-01-24,23.0,3.3425248397349274
1989-01-25,21.0,3.0518705058449336
1989-01-26,20.0,2.9065433388999367
1989-01-27,19.0,2.7612161719549397
1989-01-28,17.0,2.4705618380649463
1989-01-29,17.0,2.4705618380649463
1989-01-30,16.0,2.3252346711199494
1989-01-31,16.0,2.3252346711199494
1989-02-01,16.0,2.3252346711199494
1989-02-02,15.0,2.1799075041749525
1989-02-03,14.0,2.0345803372299556
1989-02-04,13.0,1.8892531702849589
1989-02-05,12.0,1.7439260033399622
1989-02-06,11.0,1.5985988363949653
1989-02-07,11.0,1.5985988363949653
1989-02-08,10.0,1.4532716694499683
1989-02-09,10.0,1.4532716694499683
1989-02-10,10.0,1.4532716694499683
1989-02-11,10.0,1.4532716694499683
1989-02-12,9.5,1.3806080859774699
1989-02-13,9.3,1.3515426525884706
1989-02-14,9.0,1.3079445025049716
1989-02-15,8.5,1.2352809190324732
1989-02-16,8.1,1.1771500522544744
1989-02-17,7.9,1.148084618865475
1989-02-18,9.8,1.424206236060969
1989-02-19,11.0,1.5985988363949653
1989-02-20,10.0,1.4532716694499683
1989-02-21,9.6,1.3951408026719696
1989-02-22,14.0,2.0345803372299556
1989-02-23,16.0,2.3252346711199494
1989-02-24,15.0,2.1799075041749525
1989-02-25,14.0,2.0345803372299556
1989-02-26,14.0,2.0345803372299556
1989-02-27,13.0,1.8892531702849589
1989-02-28,12.0,1.7439260033399622
1989-03-01,13.0,1.8892531702849589
1989-03-02,33.0,4.795796509184895
1989-03-03,34.0,4.941123676129893
1989-03-04,33.0,4.795796509184895
1989-03-05,68.0,9.882247352259785
1989-03-06,87.0,12.643463524214726
1989-03-07,73.0,10.60888318698477
1989-03-08,107.0,15.550006863114662
1989-03-09,184.0,26.74019871787942
1989-03-10,172.0,24.996272714539455
1989-03-11,129.0,18.747204535904594
1989-03-12,105.0,15.259352529224667
1989-03-13,96.0,13.951408026719697
1989-03-14,85.0,12.35280919032473
1989-03-15,75.0,10.899537520874762
1989-03-16,75.0,10.899537520874762
1989-03-17,87.0,12.643463524214726
1989-03-18,168.0,24.41496404675947
1989-03-19,135.0,19.619167537574572
1989-03-20,105.0,15.259352529224667
1989-03-21,85.0,12.35280919032473
1989-03-22,72.0,10.463556020039773
1989-03-23,70.0,10.172901686149778
1989-03-24,96.0,13.951408026719697
1989-03-25,171.0,24.85094554759446
1989-03-26,130.0,18.89253170284959
1989-03-27,96.0,13.951408026719697
1989-03-28,79.0,11.48084618865475
1989-03-29,67.0,9.736920185314789
1989-03-30,60.0,8.71963001669981
1989-03-31,55.0,7.992994181974826
1989-04-01,52.0,7.5570126811398355
1989-04-02,57.0,8.28364851586482
1989-04-03,60.0,8.71963001669981
1989-04-04,58.0,8.428975682809817
1989-04-05,53.0,7.702339848084833
1989-04-06,47.0,6.830376846414851
1989-04-07,41.0,5.958413844744871
1989-04-08,36.0,5.2317780100198865
1989-04-09,32.0,4.650469342239899
1989-04-10,29.0,4.2144878414049085
1989-04-11,27.0,3.9238335075149147
1989-04-12,24.0,3.4878520066799243
1989-04-13,23.0,3.3425248397349274
1989-04-14,21.0,3.0518705058449336
1989-04-15,20.0,2.9065433388999367
1989-04-16,19.0,2.7612161719549397
1989-04-17,18.0,2.6158890050099433
1989-04-18,17.0,2.4705618380649463
1989-04-19,16.0,2.3252346711199494
1989-04-20,15.0,2.1799075041749525
1989-04-21,15.0,2.1799075041749525
1989-04-22,15.0,2.1799075041749525
1989-04-23,16.0,2.3252346711199494
1989-04-24,15.0,2.1799075041749525
1989-04-25,13.0,1.8892531702849589
1989-04-26,13.0,1.8892531702849589
1989-04-27,12.0,1.7439260033399622
1989-04-28,11.0,1.5985988363949653
1989-04-29,10.0,1.4532716694499683
1989-04-30,11.0,1.5985988363949653
1989-05-01,10.0,1.4532716694499683
1989-05-02,9.5,1.3806080859774699
1989-05-03,9.0,1.3079445025049716
1989-05-04,8.8,1.2788790691159724
1989-05-05,8.7,1.2643463524214724
1989-05-06,8.4,1.2207482023379734
1989-05-07,8.1,1.1771500522544744
1989-05-08,7.8,1.1335519021709752
1989-05-09,7.6,1.104486468781976
1989-05-10,7.3,1.060888318698477
1989-05-11,7.1,1.0318228853094775
1989-05-12,6.8,0.9882247352259784
1989-05-13,6.6,0.9591593018369791
1989-05-14,6.6,0.9591593018369791
1989-05-15,6.3,0.9155611517534801
1989-05-16,6.1,0.8864957183644807
1989-05-17,5.9,0.8574302849754813
1989-05-18,5.7,0.828364851586482
1989-05-19,5.5,0.7992994181974826
1989-05-20,5.3,0.7702339848084833
1989-05-21,5.3,0.7702339848084833
1989-05-22,5.5,0.7992994181974826
1989-05-23,6.7,0.9736920185314788
1989-05-24,5.6,0.8138321348919823
1989-05-25,5.3,0.7702339848084833
1989-05-26,5.1,0.7411685514194838
1989-05-27,4.9,0.7121031180304845
1989-05-28,4.8,0.6975704013359848
1989-05-29,4.8,0.6975704013359848
1989-05-30,4.8,0.6975704013359848
1989-05-31,4.7,0.6830376846414852
1989-06-01,4.4,0.6394395345579862
1989-06-02,4.4,0.6394395345579862
1989-06-03,4.3,0.6249068178634863
1989-06-04,4.3,0.6249068178634863
1989-06-05,4.3,0.6249068178634863
1989-06-06,4.2,0.6103741011689867
1989-06-07,4.1,0.595841384474487
1989-06-08,3.9,0.5667759510854876
1989-06-09,3.8,0.552243234390988
1989-06-10,3.7,0.5377105176964884
1989-06-11,3.6,0.5231778010019886
1989-06-12,3.6,0.5231778010019886
1989-06-13,3.5,0.5086450843074889
1989-06-14,3.5,0.5086450843074889
1989-06-15,3.3,0.47957965091848953
1989-06-16,3.1,0.4505142175294902
1989-06-17,3.1,0.4505142175294902
1989-06-18,2.9,0.4214487841404908
1989-06-19,2.9,0.4214487841404908
1989-06-20,2.9,0.4214487841404908
1989-06-21,2.9,0.4214487841404908
1989-06-22,2.9,0.4214487841404908
1989-06-23,2.6,0.3778506340569918
1989-06-24,2.6,0.3778506340569918
1989-06-25,2.6,0.3778506340569918
1989-06-26,2.7,0.3923833507514915
1989-06-27,2.7,0.3923833507514915
1989-06-28,2.7,0.3923833507514915
1989-06-29,3.1,0.4505142175294902
1989-06-30,4.0,0.5813086677799874
1989-07-01,3.7,0.5377105176964884
1989-07-02,3.3,0.47957965091848953
1989-07-03,3.1,0.4505142175294902
1989-07-04,3.1,0.4505142175294902
1989-07-05,2.9,0.4214487841404908
1989-07-06,2.7,0.3923833507514915
1989-07-07,2.6,0.3778506340569918
1989-07-08,2.6,0.3778506340569918
1989-07-09,2.6,0.3778506340569918
1989-07-10,2.7,0.3923833507514915
1989-07-11,2.7,0.3923833507514915
1989-07-12,2.8,0.4069160674459911
1989-07-13,2.6,0.3778506340569918
1989-07-14,2.5,0.3633179173624921
1989-07-15,2.5,0.3633179173624921
1989-07-16,2.5,0.3633179173624921
1989-07-17,2.6,0.3778506340569918
1989-07-18,2.6,0.3778506340569918
1989-07-19,2.6,0.3778506340569918
1989-07-20,2.4,0.3487852006679924
1989-07-21,2.5,0.3633179173624921
1989-07-22,2.5,0.3633179173624921
1989-07-23,2.4,0.3487852006679924
1989-07-24,2.3,0.3342524839734927
1989-07-25,2.2,0.3197197672789931
1989-07-26,2.2,0.3197197672789931
1989-07-27,2.2,0.3197197672789931
1989-07-28,2.2,0.3197197672789931
1989-07-29,2.3,0.3342524839734927
1989-07-30,2.4,0.3487852006679924
1989-07-31,2.4,0.3487852006679924
1989-08-01,2.4,0.3487852006679924
1989-08-02,2.4,0.3487852006679924
1989-08-03,2.5,0.3633179173624921
1989-08-04,2.3,0.3342524839734927
1989-08-05,2.2,0.3197197672789931
1989-08-06,2.1,0.30518705058449336
1989-08-07,2.0,0.2906543338899937
1989-08-08,1.9,0.276121617195494
1989-08-09,1.9,0.276121617195494
1989-08-10,1.9,0.276121617195494
1989-08-11,1.9,0.276121617195494
1989-08-12,1.8,0.2615889005009943
1989-08-13,1.8,0.2615889005009943
1989-08-14,1.8,0.2615889005009943
1989-08-15,1.8,0.2615889005009943
1989-08-16,1.8,0.2615889005009943
1989-08-17,1.7,0.2470561838064946
1989-08-18,1.7,0.2470561838064946
1989-08-19,1.7,0.2470561838064946
1989-08-20,1.6,0.23252346711199495
1989-08-21,1.6,0.23252346711199495
1989-08-22,1.5,0.21799075041749527
1989-08-23,1.5,0.21799075041749527
1989-08-24,1.5,0.21799075041749527
1989-08-25,1.5,0.21799075041749527
1989-08-26,1.5,0.21799075041749527
1989-08-27,1.4,0.20345803372299556
1989-08-28,1.3,0.1889253170284959
1989-08-29,1.3,0.1889253170284959
1989-08-30,1.3,0.1889253170284959
1989-08-31,1.3,0.1889253170284959
1989-09-01,1.2,0.1743926003339962
1989-09-02,1.2,0.1743926003339962
1989-09-03,1.2,0.1743926003339962
1989-09-04,1.2,0.1743926003339962
1989-09-05,1.2,0.1743926003339962
1989-09-06,1.2,0.1743926003339962
1989-09-07,1.2,0.1743926003339962
1989-09-08,1.2,0.1743926003339962
1989-09-09,1.2,0.1743926003339962
1989-09-10,1.2,0.1743926003339962
1989-09-11,1.1,0.15985988363949655
1989-09-12,1.1,0.15985988363949655
1989-09-13,1.1,0.15985988363949655
1989-09-14,1.0,0.14532716694499684
1989-09-15,1.0,0.14532716694499684
1989-09-16,1.5,0.21799075041749527
1989-09-17,1.6,0.23252346711199495
1989-09-18,1.5,0.21799075041749527
1989-09-19,1.4,0.20345803372299556
1989-09-20,1.4,0.20345803372299556
1989-09-21,1.4,0.20345803372299556
1989-09-22,1.3,0.1889253170284959
1989-09-23,1.3,0.1889253170284959
1989-09-24,1.2,0.1743926003339962
1989-09-25,1.2,0.1743926003339962
1989-09-26,1.2,0.1743926003339962
1989-09-27,1.2,0.1743926003339962
1989-09-28,1.2,0.1743926003339962
1989-09-29,1.7,0.2470561838064946
1989-09-30,1.8,0.2615889005009943
1989-10-01,1.7,0.2470561838064946
1989-10-02,1.5,0.21799075041749527
1989-10-03,1.5,0.21799075041749527
1989-10-04,1.5,0.21799075041749527
1989-10-05,1.5,0.21799075041749527
1989-10-06,1.5,0.21799075041749527
1989-10-07,1.5,0.21799075041749527
1989-10-08,1.4,0.20345803372299556
1989-10-09,1.4,0.20345803372299556
1989-10-10,1.4,0.20345803372299556
1989-10-11,1.4,0.20345803372299556
1989-10-12,1.4,0.20345803372299556
1989-10-13,1.3,0.1889253170284959
1989-10-14,1.3,0.1889253170284959
1989-10-15,1.3,0.1889253170284959
1989-10-16,1.3,0.1889253170284959
1989-10-17,1.3,0.1889253170284959
1989-10-18,1.3,0.1889253170284959
1989-10-19,1.3,0.1889253170284959
1989-10-20,1.3,0.1889253170284959
1989-10-21,3.5,0.5086450843074889
1989-10-22,4.2,0.6103741011689867
1989-10-23,28.0,4.069160674459911
1989-10-24,19.0,2.7612161719549397
1989-10-25,12.0,1.7439260033399622
1989-10-26,8.1,1.1771500522544744
1989-10-27,11.0,1.5985988363949653
1989-10-28,7.9,1.148084618865475
1989-10-29,6.4,0.9300938684479798
1989-10-30,5.4,0.784766701502983
1989-10-31,4.8,0.6975704013359848
1989-11-01,4.5,0.6539722512524858
1989-11-02,4.0,0.5813086677799874
1989-11-03,3.8,0.552243234390988
1989-11-04,3.5,0.5086450843074889
1989-11-05,3.3,0.47957965091848953
1989-11-06,3.0,0.43598150083499054
1989-11-07,2.9,0.4214487841404908
1989-11-08,2.8,0.4069160674459911
1989-11-09,2.8,0.4069160674459911
1989-11-10,2.7,0.3923833507514915
1989-11-11,2.6,0.3778506340569918
1989-11-12,2.5,0.3633179173624921
1989-11-13,2.5,0.3633179173624921
1989-11-14,2.5,0.3633179173624921
1989-11-15,2.4,0.3487852006679924
1989-11-16,2.4,0.3487852006679924
1989-11-17,2.4,0.3487852006679924
1989-11-18,2.3,0.3342524839734927
1989-11-19,2.3,0.3342524839734927
1989-11-20,2.3,0.3342524839734927
1989-11-21,2.2,0.3197197672789931
1989-11-22,2.2,0.3197197672789931
1989-11-23,2.3,0.3342524839734927
1989-11-24,2.6,0.3778506340569918
1989-11-25,4.1,0.595841384474487
1989-11-26,8.1,1.1771500522544744
1989-11-27,5.6,0.8138321348919823
1989-11-28,4.6,0.6685049679469854
1989-11-29,4.2,0.6103741011689867
1989-11-30,3.9,0.5667759510854876
1989-12-01,3.5,0.5086450843074889
1989-12-02,3.4,0.4941123676129892
1989-12-03,3.2,0.4650469342239899
1989-12-04,3.1,0.4505142175294902
1989-12-05,3.0,0.43598150083499054
1989-12-06,3.0,0.43598150083499054
1989-12-07,3.0,0.43598150083499054
1989-12-08,3.0,0.43598150083499054
1989-12-09,2.9,0.4214487841404908
1989-12-10,2.9,0.4214487841404908
1989-12-11,2.8,0.4069160674459911
1989-12-12,2.7,0.3923833507514915
1989-12-13,2.7,0.3923833507514915
1989-12-14,2.5,0.3633179173624921
1989-12-15,2.5,0.3633179173624921
1989-12-16,2.5,0.3633179173624921
1989-12-17,2.5,0.3633179173624921
1989-12-18,2.4,0.3487852006679924
1989-12-19,2.4,0.3487852006679924
1989-12-20,2.3,0.3342524839734927
1989-12-21,2.3,0.3342524839734927
1989-12-22,2.3,0.3342524839734927
1989-12-23,2.3,0.3342524839734927
1989-12-24,2.3,0.3342524839734927
1989-12-25,2.2,0.3197197672789931
1989-12-26,2.2,0.3197197672789931
1989-12-27,2.2,0.3197197672789931
1989-12-28,2.2,0.3197197672789931
1989-12-29,2.2,0.3197197672789931
1989-12-30,2.1,0.30518705058449336
1989-12-31,2.1,0.30518705058449336
1990-01-01,2.3,0.3342524839734927
1990-01-02,2.3,0.3342524839734927
1990-01-03,2.2,0.3197197672789931
1990-01-04,2.1,0.30518705058449336
1990-01-05,2.1,0.30518705058449336
1990-01-06,2.5,0.3633179173624921
1990-01-07,96.0,13.951408026719697
1990-01-08,187.0,27.176180218714407
1990-01-09,115.0,16.712624198674636
1990-01-10,67.0,9.736920185314789
1990-01-11,45.0,6.5397225125248575
1990-01-12,41.0,5.958413844744871
1990-01-13,55.0,7.992994181974826
1990-01-14,51.0,7.411685514194839
1990-01-15,43.0,6.249068178634864
1990-01-16,37.0,5.377105176964883
1990-01-17,31.0,4.505142175294902
1990-01-18,26.0,3.7785063405699177
1990-01-19,23.0,3.3425248397349274
1990-01-20,20.0,2.9065433388999367
1990-01-21,18.0,2.6158890050099433
1990-01-22,16.0,2.3252346711199494
1990-01-23,15.0,2.1799075041749525
1990-01-24,14.0,2.0345803372299556
1990-01-25,13.0,1.8892531702849589
1990-01-26,12.0,1.7439260033399622
1990-01-27,11.0,1.5985988363949653
1990-01-28,11.0,1.5985988363949653
1990-01-29,11.0,1.5985988363949653
1990-01-30,18.0,2.6158890050099433
1990-01-31,17.0,2.4705618380649463
1990-02-01,19.0,2.7612161719549397
1990-02-02,23.0,3.3425248397349274
1990-02-03,32.0,4.650469342239899
1990-02-04,38.0,5.5224323439098795
1990-02-05,39.0,5.667759510854877
1990-02-06,42.0,6.103741011689867
1990-02-07,39.0,5.667759510854877
1990-02-08,36.0,5.2317780100198865
1990-02-09,35.0,5.086450843074889
1990-02-10,33.0,4.795796509184895
1990-02-11,32.0,4.650469342239899
1990-02-12,31.0,4.505142175294902
1990-02-13,28.0,4.069160674459911
1990-02-14,25.0,3.633179173624921
1990-02-15,25.0,3.633179173624921
1990-02-16,36.0,5.2317780100198865
1990-02-17,34.0,4.941123676129893
1990-02-18,32.0,4.650469342239899
1990-02-19,29.0,4.2144878414049085
1990-02-20,27.0,3.9238335075149147
1990-02-21,26.0,3.7785063405699177
1990-02-22,26.0,3.7785063405699177
1990-02-23,29.0,4.2144878414049085
1990-02-24,31.0,4.505142175294902
1990-02-25,30.0,4.359815008349905
1990-02-26,28.0,4.069160674459911
1990-02-27,26.0,3.7785063405699177
1990-02-28,23.0,3.3425248397349274
1990-03-01,22.0,3.1971976727899305
1990-03-02,25.0,3.633179173624921
1990-03-03,29.0,4.2144878414049085
1990-03-04,32.0,4.650469342239899
1990-03-05,35.0,5.086450843074889
1990-03-06,35.0,5.086450843074889
1990-03-07,34.0,4.941123676129893
1990-03-08,31.0,4.505142175294902
1990-03-09,28.0,4.069160674459911
1990-03-10,31.0,4.505142175294902
1990-03-11,30.0,4.359815008349905
1990-03-12,29.0,4.2144878414049085
1990-03-13,27.0,3.9238335075149147
1990-03-14,29.0,4.2144878414049085
1990-03-15,31.0,4.505142175294902
1990-03-16,30.0,4.359815008349905
1990-03-17,29.0,4.2144878414049085
1990-03-18,27.0,3.9238335075149147
1990-03-19,25.0,3.633179173624921
1990-03-20,23.0,3.3425248397349274
1990-03-21,20.0,2.9065433388999367
1990-03-22,19.0,2.7612161719549397
1990-03-23,18.0,2.6158890050099433
1990-03-24,16.0,2.3252346711199494
1990-03-25,15.0,2.1799075041749525
1990-03-26,14.0,2.0345803372299556
1990-03-27,13.0,1.8892531702849589
1990-03-28,12.0,1.7439260033399622
1990-03-29,11.0,1.5985988363949653
1990-03-30,11.0,1.5985988363949653
1990-03-31,10.0,1.4532716694499683
1990-04-01,9.9,1.4387389527554688
1990-04-02,9.4,1.3660753692829704
1990-04-03,9.0,1.3079445025049716
1990-04-04,8.5,1.2352809190324732
1990-04-05,8.3,1.206215485643474
1990-04-06,8.1,1.1771500522544744
1990-04-07,7.8,1.1335519021709752
1990-04-08,7.7,1.1190191854764757
1990-04-09,7.5,1.0899537520874762
1990-04-10,7.0,1.0172901686149778
1990-04-11,7.0,1.0172901686149778
1990-04-12,7.0,1.0172901686149778
1990-04-13,6.6,0.9591593018369791
1990-04-14,6.4,0.9300938684479798
1990-04-15,6.2,0.9010284350589804
1990-04-16,6.0,0.8719630016699811
1990-04-17,6.0,0.8719630016699811
1990-04-18,6.0,0.8719630016699811
1990-04-19,5.8,0.8428975682809816
1990-04-20,5.8,0.8428975682809816
1990-04-21,5.6,0.8138321348919823
1990-04-22,5.4,0.784766701502983
1990-04-23,5.6,0.8138321348919823
1990-04-24,5.8,0.8428975682809816
1990-04-25,5.3,0.7702339848084833
1990-04-26,5.1,0.7411685514194838
1990-04-27,4.9,0.7121031180304845
1990-04-28,4.9,0.7121031180304845
1990-04-29,4.8,0.6975704013359848
1990-04-30,4.8,0.6975704013359848
1990-05-01,4.6,0.6685049679469854
1990-05-02,4.3,0.6249068178634863
1990-05-03,4.2,0.6103741011689867
1990-05-04,4.0,0.5813086677799874
1990-05-05,3.9,0.5667759510854876
1990-05-06,3.9,0.5667759510854876
1990-05-07,3.9,0.5667759510854876
1990-05-08,3.5,0.5086450843074889
1990-05-09,3.4,0.4941123676129892
1990-05-10,3.4,0.4941123676129892
1990-05-11,3.4,0.4941123676129892
1990-05-12,3.3,0.47957965091848953
1990-05-13,3.2,0.4650469342239899
1990-05-14,3.2,0.4650469342239899
1990-05-15,3.1,0.4505142175294902
1990-05-16,3.0,0.43598150083499054
1990-05-17,3.0,0.43598150083499054
1990-05-18,3.0,0.43598150083499054
1990-05-19,3.5,0.5086450843074889
1990-05-20,6.3,0.9155611517534801
1990-05-21,4.7,0.6830376846414852
1990-05-22,51.0,7.411685514194839
1990-05-23,43.0,6.249068178634864
1990-05-24,27.0,3.9238335075149147
1990-05-25,20.0,2.9065433388999367
1990-05-26,26.0,3.7785063405699177
1990-05-27,137.0,19.909821871464565
1990-05-28,118.0,17.148605699509627
1990-05-29,79.0,11.48084618865475
1990-05-30,84.0,12.207482023379734
1990-05-31,113.0,16.421969864784643
1990-06-01,90.0,13.079445025049715
1990-06-02,71.0,10.318228853094775
1990-06-03,57.0,8.28364851586482
1990-06-04,48.0,6.975704013359849
1990-06-05,39.0,5.667759510854877
1990-06-06,35.0,5.086450843074889
1990-06-07,31.0,4.505142175294902
1990-06-08,27.0,3.9238335075149147
1990-06-09,24.0,3.4878520066799243
1990-06-10,21.0,3.0518705058449336
1990-06-11,19.0,2.7612161719549397
1990-06-12,18.0,2.6158890050099433
1990-06-13,16.0,2.3252346711199494
1990-06-14,15.0,2.1799075041749525
1990-06-15,14.0,2.0345803372299556
1990-06-16,14.0,2.0345803372299556
1990-06-17,13.0,1.8892531702849589
1990-06-18,12.0,1.7439260033399622
1990-06-19,11.0,1.5985988363949653
1990-06-20,11.0,1.5985988363949653
1990-06-21,10.0,1.4532716694499683
1990-06-22,9.9,1.4387389527554688
1990-06-23,9.5,1.3806080859774699
1990-06-24,9.0,1.3079445025049716
1990-06-25,8.8,1.2788790691159724
1990-06-26,8.5,1.2352809190324732
1990-06-27,8.3,1.206215485643474
1990-06-28,8.0,1.1626173355599747
1990-06-29,7.7,1.1190191854764757
1990-06-30,7.3,1.060888318698477
1990-07-01,6.9,1.0027574519204783
1990-07-02,6.7,0.9736920185314788
1990-07-03,6.5,0.9446265851424794
1990-07-04,6.3,0.9155611517534801
1990-07-05,6.2,0.9010284350589804
1990-07-06,6.2,0.9010284350589804
1990-07-07,6.1,0.8864957183644807
1990-07-08,5.7,0.828364851586482
1990-07-09,5.5,0.7992994181974826
1990-07-10,5.4,0.784766701502983
1990-07-11,5.2,0.7557012681139836
1990-07-12,5.0,0.7266358347249842
1990-07-13,4.9,0.7121031180304845
1990-07-14,4.7,0.6830376846414852
1990-07-15,4.6,0.6685049679469854
1990-07-16,4.5,0.6539722512524858
1990-07-17,4.5,0.6539722512524858
1990-07-18,4.4,0.6394395345579862
1990-07-19,4.3,0.6249068178634863
1990-07-20,4.1,0.595841384474487
1990-07-21,4.0,0.5813086677799874
1990-07-22,3.9,0.5667759510854876
1990-07-23,3.7,0.5377105176964884
1990-07-24,3.6,0.5231778010019886
1990-07-25,3.6,0.5231778010019886
1990-07-26,3.6,0.5231778010019886
1990-07-27,3.5,0.5086450843074889
1990-07-28,3.4,0.4941123676129892
1990-07-29,3.1,0.4505142175294902
1990-07-30,3.1,0.4505142175294902
1990-07-31,3.1,0.4505142175294902
1990-08-01,3.1,0.4505142175294902
1990-08-02,3.0,0.43598150083499054
1990-08-03,2.9,0.4214487841404908
1990-08-04,2.9,0.4214487841404908
1990-08-05,2.9,0.4214487841404908
1990-08-06,2.9,0.4214487841404908
1990-08-07,2.7,0.3923833507514915
1990-08-08,2.6,0.3778506340569918
1990-08-09,2.5,0.3633179173624921
1990-08-10,2.5,0.3633179173624921
1990-08-11,2.4,0.3487852006679924
1990-08-12,2.4,0.3487852006679924
1990-08-13,2.4,0.3487852006679924
1990-08-14,2.4,0.3487852006679924
1990-08-15,2.4,0.3487852006679924
1990-08-16,2.4,0.3487852006679924
1990-08-17,2.4,0.3487852006679924
1990-08-18,2.4,0.3487852006679924
1990-08-19,2.4,0.3487852006679924
1990-08-20,2.4,0.3487852006679924
1990-08-21,2.4,0.3487852006679924
1990-08-22,2.3,0.3342524839734927
1990-08-23,2.3,0.3342524839734927
1990-08-24,2.3,0.3342524839734927
1990-08-25,2.3,0.3342524839734927
1990-08-26,2.3,0.3342524839734927
1990-08-27,2.3,0.3342524839734927
1990-08-28,2.3,0.3342524839734927
1990-08-29,2.3,0.3342524839734927
1990-08-30,2.3,0.3342524839734927
1990-08-31,2.1,0.30518705058449336
1990-09-01,2.1,0.30518705058449336
1990-09-02,2.1,0.30518705058449336
1990-09-03,2.1,0.30518705058449336
1990-09-04,2.1,0.30518705058449336
1990-09-05,2.1,0.30518705058449336
1990-09-06,2.0,0.2906543338899937
1990-09-07,2.0,0.2906543338899937
1990-09-08,1.9,0.276121617195494
1990-09-09,1.9,0.276121617195494
1990-09-10,1.8,0.2615889005009943
1990-09-11,1.8,0.2615889005009943
1990-09-12,1.8,0.2615889005009943
1990-09-13,1.8,0.2615889005009943
1990-09-14,1.8,0.2615889005009943
1990-09-15,1.8,0.2615889005009943
1990-09-16,1.8,0.2615889005009943
1990-09-17,1.8,0.2615889005009943
1990-09-18,1.8,0.2615889005009943
1990-09-19,1.8,0.2615889005009943
1990-09-20,1.8,0.2615889005009943
1990-09-21,1.7,0.2470561838064946
1990-09-22,1.7,0.2470561838064946
1990-09-23,1.7,0.2470561838064946
1990-09-24,1.7,0.2470561838064946
1990-09-25,1.7,0.2470561838064946
1990-09-26,1.7,0.2470561838064946
1990-09-27,1.7,0.2470561838064946
1990-09-28,1.7,0.2470561838064946
1990-09-29,1.7,0.2470561838064946
1990-09-30,1.7,0.2470561838064946
1990-10-01,1.7,0.2470561838064946
1990-10-02,1.6,0.23252346711199495
1990-10-03,1.6,0.23252346711199495
1990-10-04,1.6,0.23252346711199495
1990-10-05,1.6,0.23252346711199495
1990-10-06,1.6,0.23252346711199495
1990-10-07,1.6,0.23252346711199495
1990-10-08,1.6,0.23252346711199495
1990-10-09,1.6,0.23252346711199495
1990-10-10,1.6,0.23252346711199495
1990-10-11,1.6,0.23252346711199495
1990-10-12,1.6,0.23252346711199495
1990-10-13,1.6,0.23252346711199495
1990-10-14,1.6,0.23252346711199495
1990-10-15,1.6,0.23252346711199495
1990-10-16,1.6,0.23252346711199495
1990-10-17,1.6,0.23252346711199495
1990-10-18,2.2,0.3197197672789931
1990-10-19,2.1,0.30518705058449336
1990-10-20,2.0,0.2906543338899937
1990-10-21,1.9,0.276121617195494
1990-10-22,1.8,0.2615889005009943
1990-10-23,1.8,0.2615889005009943
1990-10-24,1.8,0.2615889005009943
1990-10-25,1.8,0.2615889005009943
1990-10-26,1.8,0.2615889005009943
1990-10-27,1.8,0.2615889005009943
1990-10-28,1.8,0.2615889005009943
1990-10-29,1.8,0.2615889005009943
1990-10-30,3.2,0.4650469342239899
1990-10-31,7.6,1.104486468781976
1990-11-01,3.1,0.4505142175294902
1990-11-02,2.2,0.3197197672789931
1990-11-03,1.9,0.276121617195494
1990-11-04,1.8,0.2615889005009943
1990-11-05,1.7,0.2470561838064946
1990-11-06,1.6,0.23252346711199495
1990-11-07,1.5,0.21799075041749527
1990-11-08,1.5,0.21799075041749527
1990-11-09,1.5,0.21799075041749527
1990-11-10,1.5,0.21799075041749527
1990-11-11,1.5,0.21799075041749527
1990-11-12,1.5,0.21799075041749527
1990-11-13,1.5,0.21799075041749527
1990-11-14,1.5,0.21799075041749527
1990-11-15,1.5,0.21799075041749527
1990-11-16,1.5,0.21799075041749527
1990-11-17,1.5,0.21799075041749527
1990-11-18,1.5,0.21799075041749527
1990-11-19,1.5,0.21799075041749527
1990-11-20,1.5,0.21799075041749527
1990-11-21,1.5,0.21799075041749527
1990-11-22,1.5,0.21799075041749527
1990-11-23,1.5,0.21799075041749527
1990-11-24,1.5,0.21799075041749527
1990-11-25,2.5,0.3633179173624921
1990-11-26,2.5,0.3633179173624921
1990-11-27,2.1,0.30518705058449336
1990-11-28,1.8,0.2615889005009943
1990-11-29,1.7,0.2470561838064946
1990-11-30,1.6,0.23252346711199495
1990-12-01,1.5,0.21799075041749527
1990-12-02,1.5,0.21799075041749527
1990-12-03,1.5,0.21799075041749527
1990-12-04,1.5,0.21799075041749527
1990-12-05,1.5,0.21799075041749527
1990-12-06,1.5,0.21799075041749527
1990-12-07,1.4,0.20345803372299556
1990-12-08,1.4,0.20345803372299556
1990-12-09,1.4,0.20345803372299556
1990-12-10,2.6,0.3778506340569918
1990-12-11,2.7,0.3923833507514915
1990-12-12,2.2,0.3197197672789931
1990-12-13,1.9,0.276121617195494
1990-12-14,1.8,0.2615889005009943
1990-12-15,3.2,0.4650469342239899
1990-12-16,2.7,0.3923833507514915
1990-12-17,2.3,0.3342524839734927
1990-12-18,2.0,0.2906543338899937
1990-12-19,2.1,0.30518705058449336
1990-12-20,2.2,0.3197197672789931
1990-12-21,2.1,0.30518705058449336
1990-12-22,2.3,0.3342524839734927
1990-12-23,1.9,0.276121617195494
1990-12-24,1.8,0.2615889005009943
1990-12-25,1.8,0.2615889005009943
1990-12-26,1.8,0.2615889005009943
1990-12-27,1.8,0.2615889005009943
1990-12-28,1.7,0.2470561838064946
1990-12-29,1.7,0.2470561838064946
1990-12-30,1.6,0.23252346711199495
1990-12-31,1.6,0.23252346711199495
1991-01-01,1.5,0.21799075041749527
1991-01-02,1.5,0.21799075041749527
1991-01-03,1.5,0.21799075041749527
1991-01-04,1.5,0.21799075041749527
1991-01-05,1.5,0.21799075041749527
1991-01-06,1.6,0.23252346711199495
1991-01-07,2.7,0.3923833507514915
1991-01-08,3.0,0.43598150083499054
1991-01-09,2.9,0.4214487841404908
1991-01-10,2.5,0.3633179173624921
1991-01-11,2.5,0.3633179173624921
1991-01-12,7.4,1.0754210353929767
1991-01-13,8.6,1.2498136357269727
1991-01-14,5.6,0.8138321348919823
1991-01-15,4.2,0.6103741011689867
1991-01-16,3.4,0.4941123676129892
1991-01-17,2.9,0.4214487841404908
1991-01-18,2.7,0.3923833507514915
1991-01-19,2.5,0.3633179173624921
1991-01-20,2.3,0.3342524839734927
1991-01-21,2.1,0.30518705058449336
1991-01-22,2.0,0.2906543338899937
1991-01-23,1.9,0.276121617195494
1991-01-24,1.8,0.2615889005009943
1991-01-25,1.8,0.2615889005009943
1991-01-26,1.7,0.2470561838064946
1991-01-27,1.7,0.2470561838064946
1991-01-28,1.7,0.2470561838064946
1991-01-29,1.6,0.23252346711199495
1991-01-30,1.6,0.23252346711199495
1991-01-31,1.5,0.21799075041749527
1991-02-01,1.7,0.2470561838064946
1991-02-02,33.0,4.795796509184895
1991-02-03,20.0,2.9065433388999367
1991-02-04,22.0,3.1971976727899305
1991-02-05,32.0,4.650469342239899
1991-02-06,19.0,2.7612161719549397
1991-02-07,13.0,1.8892531702849589
1991-02-08,10.0,1.4532716694499683
1991-02-09,8.7,1.2643463524214724
1991-02-10,7.4,1.0754210353929767
1991-02-11,6.3,0.9155611517534801
1991-02-12,5.6,0.8138321348919823
1991-02-13,5.1,0.7411685514194838
1991-02-14,4.8,0.6975704013359848
1991-02-15,4.4,0.6394395345579862
1991-02-16,4.1,0.595841384474487
1991-02-17,4.0,0.5813086677799874
1991-02-18,3.8,0.552243234390988
1991-02-19,3.5,0.5086450843074889
1991-02-20,3.3,0.47957965091848953
1991-02-21,3.2,0.4650469342239899
1991-02-22,3.1,0.4505142175294902
1991-02-23,3.1,0.4505142175294902
1991-02-24,2.9,0.4214487841404908
1991-02-25,2.8,0.4069160674459911
1991-02-26,2.7,0.3923833507514915
1991-02-27,2.7,0.3923833507514915
1991-02-28,3.2,0.4650469342239899
1991-03-01,8.9,1.293411785810472
1991-03-02,38.0,5.5224323439098795
1991-03-03,106.0,15.404679696169666
1991-03-04,154.0,22.380383709529514
1991-03-05,116.0,16.857951365619634
1991-03-06,65.0,9.446265851424794
1991-03-07,46.0,6.685049679469855
1991-03-08,38.0,5.5224323439098795
1991-03-09,32.0,4.650469342239899
1991-03-10,30.0,4.359815008349905
1991-03-11,27.0,3.9238335075149147
1991-03-12,66.0,9.59159301836979
1991-03-13,65.0,9.446265851424794
1991-03-14,52.0,7.5570126811398355
1991-03-15,44.0,6.394395345579861
1991-03-16,38.0,5.5224323439098795
1991-03-17,35.0,5.086450843074889
1991-03-18,34.0,4.941123676129893
1991-03-19,32.0,4.650469342239899
1991-03-20,34.0,4.941123676129893
1991-03-21,39.0,5.667759510854877
1991-03-22,39.0,5.667759510854877
1991-03-23,58.0,8.428975682809817
1991-03-24,71.0,10.318228853094775
1991-03-25,61.0,8.864957183644806
1991-03-26,55.0,7.992994181974826
1991-03-27,50.0,7.266358347249842
1991-03-28,47.0,6.830376846414851
1991-03-29,45.0,6.5397225125248575
1991-03-30,43.0,6.249068178634864
1991-03-31,41.0,5.958413844744871
1991-04-01,39.0,5.667759510854877
1991-04-02,36.0,5.2317780100198865
1991-04-03,33.0,4.795796509184895
1991-04-04,31.0,4.505142175294902
1991-04-05,30.0,4.359815008349905
1991-04-06,32.0,4.650469342239899
1991-04-07,30.0,4.359815008349905
1991-04-08,28.0,4.069160674459911
1991-04-09,26.0,3.7785063405699177
1991-04-10,24.0,3.4878520066799243
1991-04-11,22.0,3.1971976727899305
1991-04-12,21.0,3.0518705058449336
1991-04-13,20.0,2.9065433388999367
1991-04-14,19.0,2.7612161719549397
1991-04-15,18.0,2.6158890050099433
1991-04-16,17.0,2.4705618380649463
1991-04-17,17.0,2.4705618380649463
1991-04-18,16.0,2.3252346711199494
1991-04-19,15.0,2.1799075041749525
1991-04-20,15.0,2.1799075041749525
1991-04-21,15.0,2.1799075041749525
1991-04-22,14.0,2.0345803372299556
1991-04-23,13.0,1.8892531702849589
1991-04-24,13.0,1.8892531702849589
1991-04-25,14.0,2.0345803372299556
1991-04-26,14.0,2.0345803372299556
1991-04-27,13.0,1.8892531702849589
1991-04-28,13.0,1.8892531702849589
1991-04-29,12.0,1.7439260033399622
1991-04-30,12.0,1.7439260033399622
1991-05-01,12.0,1.7439260033399622
1991-05-02,12.0,1.7439260033399622
1991-05-03,12.0,1.7439260033399622
1991-05-04,11.0,1.5985988363949653
1991-05-05,11.0,1.5985988363949653
1991-05-06,11.0,1.5985988363949653
1991-05-07,10.0,1.4532716694499683
1991-05-08,10.0,1.4532716694499683
1991-05-09,10.0,1.4532716694499683
1991-05-10,10.0,1.4532716694499683
1991-05-11,9.9,1.4387389527554688
1991-05-12,9.8,1.424206236060969
1991-05-13,9.7,1.4096735193664691
1991-05-14,9.7,1.4096735193664691
1991-05-15,9.3,1.3515426525884706
1991-05-16,9.2,1.3370099358939709
1991-05-17,11.0,1.5985988363949653
1991-05-18,9.8,1.424206236060969
1991-05-19,9.3,1.3515426525884706
1991-05-20,8.9,1.293411785810472
1991-05-21,8.5,1.2352809190324732
1991-05-22,8.0,1.1626173355599747
1991-05-23,7.6,1.104486468781976
1991-05-24,7.2,1.0463556020039773
1991-05-25,6.9,1.0027574519204783
1991-05-26,6.8,0.9882247352259784
1991-05-27,6.5,0.9446265851424794
1991-05-28,6.2,0.9010284350589804
1991-05-29,5.9,0.8574302849754813
1991-05-30,5.8,0.8428975682809816
1991-05-31,5.6,0.8138321348919823
1991-06-01,5.5,0.7992994181974826
1991-06-02,5.2,0.7557012681139836
1991-06-03,5.1,0.7411685514194838
1991-06-04,4.9,0.7121031180304845
1991-06-05,4.7,0.6830376846414852
1991-06-06,4.5,0.6539722512524858
1991-06-07,4.3,0.6249068178634863
1991-06-08,4.2,0.6103741011689867
1991-06-09,4.1,0.595841384474487
1991-06-10,3.9,0.5667759510854876
1991-06-11,3.7,0.5377105176964884
1991-06-12,3.5,0.5086450843074889
1991-06-13,3.3,0.47957965091848953
1991-06-14,3.1,0.4505142175294902
1991-06-15,2.9,0.4214487841404908
1991-06-16,2.8,0.4069160674459911
1991-06-17,2.8,0.4069160674459911
1991-06-18,2.8,0.4069160674459911
1991-06-19,2.8,0.4069160674459911
1991-06-20,2.8,0.4069160674459911
1991-06-21,2.8,0.4069160674459911
1991-06-22,2.8,0.4069160674459911
1991-06-23,2.8,0.4069160674459911
1991-06-24,2.8,0.4069160674459911
1991-06-25,2.8,0.4069160674459911
1991-06-26,2.9,0.4214487841404908
1991-06-27,2.9,0.4214487841404908
1991-06-28,3.1,0.4505142175294902
1991-06-29,3.3,0.47957965091848953
1991-06-30,3.1,0.4505142175294902
1991-07-01,2.9,0.4214487841404908
1991-07-02,2.7,0.3923833507514915
1991-07-03,2.6,0.3778506340569918
1991-07-04,2.5,0.3633179173624921
1991-07-05,2.4,0.3487852006679924
1991-07-06,2.3,0.3342524839734927
1991-07-07,2.2,0.3197197672789931
1991-07-08,2.2,0.3197197672789931
1991-07-09,2.2,0.3197197672789931
1991-07-10,2.1,0.30518705058449336
1991-07-11,2.1,0.30518705058449336
1991-07-12,2.1,0.30518705058449336
1991-07-13,2.0,0.2906543338899937
1991-07-14,1.9,0.276121617195494
1991-07-15,1.8,0.2615889005009943
1991-07-16,1.8,0.2615889005009943
1991-07-17,1.9,0.276121617195494
1991-07-18,2.1,0.30518705058449336
1991-07-19,2.1,0.30518705058449336
1991-07-20,2.0,0.2906543338899937
1991-07-21,1.9,0.276121617195494
1991-07-22,1.9,0.276121617195494
1991-07-23,1.8,0.2615889005009943
1991-07-24,1.7,0.2470561838064946
1991-07-25,1.8,0.2615889005009943
1991-07-26,1.8,0.2615889005009943
1991-07-27,1.7,0.2470561838064946
1991-07-28,1.7,0.2470561838064946
1991-07-29,1.6,0.23252346711199495
1991-07-30,1.6,0.23252346711199495
1991-07-31,1.6,0.23252346711199495
1991-08-01,1.6,0.23252346711199495
1991-08-02,1.7,0.2470561838064946
1991-08-03,1.7,0.2470561838064946
1991-08-04,1.6,0.23252346711199495
1991-08-05,1.6,0.23252346711199495
1991-08-06,1.6,0.23252346711199495
1991-08-07,1.5,0.21799075041749527
1991-08-08,1.5,0.21799075041749527
1991-08-09,1.5,0.21799075041749527
1991-08-10,1.5,0.21799075041749527
1991-08-11,1.5,0.21799075041749527
1991-08-12,1.3,0.1889253170284959
1991-08-13,1.3,0.1889253170284959
1991-08-14,1.3,0.1889253170284959
1991-08-15,1.2,0.1743926003339962
1991-08-16,1.2,0.1743926003339962
1991-08-17,1.2,0.1743926003339962
1991-08-18,1.4,0.20345803372299556
1991-08-19,1.5,0.21799075041749527
1991-08-20,1.5,0.21799075041749527
1991-08-21,1.5,0.21799075041749527
1991-08-22,1.4,0.20345803372299556
1991-08-23,1.4,0.20345803372299556
1991-08-24,1.4,0.20345803372299556
1991-08-25,1.4,0.20345803372299556
1991-08-26,1.3,0.1889253170284959
1991-08-27,1.4,0.20345803372299556
1991-08-28,1.5,0.21799075041749527
1991-08-29,1.4,0.20345803372299556
1991-08-30,1.5,0.21799075041749527
1991-08-31,1.5,0.21799075041749527
1991-09-01,1.4,0.20345803372299556
1991-09-02,1.3,0.1889253170284959
1991-09-03,1.3,0.1889253170284959
1991-09-04,1.2,0.1743926003339962
1991-09-05,1.1,0.15985988363949655
1991-09-06,1.1,0.15985988363949655
1991-09-07,1.1,0.15985988363949655
1991-09-08,1.0,0.14532716694499684
1991-09-09,1.0,0.14532716694499684
1991-09-10,1.0,0.14532716694499684
1991-09-11,0.98,0.1424206236060969
1991-09-12,0.97,0.14096735193664692
1991-09-13,0.93,0.13515426525884708
1991-09-14,0.93,0.13515426525884708
1991-09-15,0.91,0.13224772191994713
1991-09-16,0.88,0.1278879069115972
1991-09-17,0.88,0.1278879069115972
1991-09-18,0.87,0.12643463524214724
1991-09-19,0.83,0.12062154856434737
1991-09-20,0.83,0.12062154856434737
1991-09-21,0.82,0.1191682768948974
1991-09-22,0.78,0.11335519021709754
1991-09-23,0.78,0.11335519021709754
1991-09-24,0.78,0.11335519021709754
1991-09-25,0.78,0.11335519021709754
1991-09-26,0.83,0.12062154856434737
1991-09-27,0.81,0.11771500522544745
1991-09-28,0.9,0.13079445025049716
1991-09-29,0.92,0.1337009935893971
1991-09-30,0.88,0.1278879069115972
1991-10-01,0.86,0.12498136357269728
1991-10-02,0.86,0.12498136357269728
1991-10-03,0.86,0.12498136357269728
1991-10-04,0.86,0.12498136357269728
1991-10-05,0.86,0.12498136357269728
1991-10-06,0.84,0.12207482023379734
1991-10-07,0.84,0.12207482023379734
1991-10-08,0.84,0.12207482023379734
1991-10-09,0.82,0.1191682768948974
1991-10-10,0.82,0.1191682768948974
1991-10-11,0.82,0.1191682768948974
1991-10-12,0.86,0.12498136357269728
1991-10-13,0.86,0.12498136357269728
1991-10-14,0.84,0.12207482023379734
1991-10-15,0.83,0.12062154856434737
1991-10-16,0.83,0.12062154856434737
1991-10-17,0.8,0.11626173355599748
1991-10-18,0.8,0.11626173355599748
1991-10-19,0.79,0.1148084618865475
1991-10-20,0.79,0.1148084618865475
1991-10-21,0.77,0.11190191854764757
1991-10-22,0.77,0.11190191854764757
1991-10-23,0.74,0.10754210353929766
1991-10-24,0.74,0.10754210353929766
1991-10-25,2.7,0.3923833507514915
1991-10-26,6.9,1.0027574519204783
1991-10-27,3.7,0.5377105176964884
1991-10-28,2.6,0.3778506340569918
1991-10-29,2.2,0.3197197672789931
1991-10-30,2.0,0.2906543338899937
1991-10-31,1.9,0.276121617195494
1991-11-01,1.8,0.2615889005009943
1991-11-02,1.8,0.2615889005009943
1991-11-03,1.7,0.2470561838064946
1991-11-04,1.7,0.2470561838064946
1991-11-05,1.7,0.2470561838064946
1991-11-06,1.7,0.2470561838064946
1991-11-07,1.7,0.2470561838064946
1991-11-08,1.8,0.2615889005009943
1991-11-09,1.8,0.2615889005009943
1991-11-10,1.9,0.276121617195494
1991-11-11,1.9,0.276121617195494
1991-11-12,1.9,0.276121617195494
1991-11-13,1.9,0.276121617195494
1991-11-14,2.0,0.2906543338899937
1991-11-15,2.1,0.30518705058449336
1991-11-16,2.4,0.3487852006679924
1991-11-17,10.0,1.4532716694499683
1991-11-18,6.9,1.0027574519204783
1991-11-19,4.3,0.6249068178634863
1991-11-20,4.6,0.6685049679469854
1991-11-21,4.6,0.6685049679469854
1991-11-22,3.9,0.5667759510854876
1991-11-23,3.3,0.47957965091848953
1991-11-24,2.8,0.4069160674459911
1991-11-25,2.6,0.3778506340569918
1991-11-26,2.6,0.3778506340569918
1991-11-27,3.1,0.4505142175294902
1991-11-28,3.0,0.43598150083499054
1991-11-29,2.7,0.3923833507514915
1991-11-30,2.6,0.3778506340569918
1991-12-01,2.4,0.3487852006679924
1991-12-02,2.4,0.3487852006679924
1991-12-03,2.3,0.3342524839734927
1991-12-04,2.3,0.3342524839734927
1991-12-05,2.2,0.3197197672789931
1991-12-06,2.7,0.3923833507514915
1991-12-07,3.8,0.552243234390988
1991-12-08,3.4,0.4941123676129892
1991-12-09,3.0,0.43598150083499054
1991-12-10,2.8,0.4069160674459911
1991-12-11,2.6,0.3778506340569918
1991-12-12,2.5,0.3633179173624921
1991-12-13,2.6,0.3778506340569918
1991-12-14,2.5,0.3633179173624921
1991-12-15,2.5,0.3633179173624921
1991-12-16,2.4,0.3487852006679924
1991-12-17,2.3,0.3342524839734927
1991-12-18,6.4,0.9300938684479798
1991-12-19,6.4,0.9300938684479798
1991-12-20,5.4,0.784766701502983
1991-12-21,4.3,0.6249068178634863
1991-12-22,3.9,0.5667759510854876
1991-12-23,3.5,0.5086450843074889
1991-12-24,3.2,0.4650469342239899
1991-12-25,3.1,0.4505142175294902
1991-12-26,3.0,0.43598150083499054
1991-12-27,3.6,0.5231778010019886
1991-12-28,11.0,1.5985988363949653
1991-12-29,12.0,1.7439260033399622
1991-12-30,8.6,1.2498136357269727
1991-12-31,6.6,0.9591593018369791
1992-01-01,5.6,0.8138321348919823
1992-01-02,5.1,0.7411685514194838
1992-01-03,4.7,0.6830376846414852
1992-01-04,8.3,1.206215485643474
1992-01-05,36.0,5.2317780100198865
1992-01-06,46.0,6.685049679469855
1992-01-07,28.0,4.069160674459911
1992-01-08,19.0,2.7612161719549397
1992-01-09,15.0,2.1799075041749525
1992-01-10,13.0,1.8892531702849589
1992-01-11,11.0,1.5985988363949653
1992-01-12,9.8,1.424206236060969
1992-01-13,8.8,1.2788790691159724
1992-01-14,8.0,1.1626173355599747
1992-01-15,7.3,1.060888318698477
1992-01-16,6.8,0.9882247352259784
1992-01-17,6.5,0.9446265851424794
1992-01-18,6.2,0.9010284350589804
1992-01-19,5.7,0.828364851586482
1992-01-20,5.4,0.784766701502983
1992-01-21,5.2,0.7557012681139836
1992-01-22,4.9,0.7121031180304845
1992-01-23,4.8,0.6975704013359848
1992-01-24,4.6,0.6685049679469854
1992-01-25,4.6,0.6685049679469854
1992-01-26,4.6,0.6685049679469854
1992-01-27,4.4,0.6394395345579862
1992-01-28,9.8,1.424206236060969
1992-01-29,8.0,1.1626173355599747
1992-01-30,6.9,1.0027574519204783
1992-01-31,6.7,0.9736920185314788
1992-02-01,8.7,1.2643463524214724
1992-02-02,7.9,1.148084618865475
1992-02-03,7.7,1.1190191854764757
1992-02-04,7.2,1.0463556020039773
1992-02-05,6.9,1.0027574519204783
1992-02-06,6.5,0.9446265851424794
1992-02-07,6.2,0.9010284350589804
1992-02-08,5.8,0.8428975682809816
1992-02-09,6.0,0.8719630016699811
1992-02-10,10.0,1.4532716694499683
1992-02-11,32.0,4.650469342239899
1992-02-12,58.0,8.428975682809817
1992-02-13,59.0,8.574302849754813
1992-02-14,60.0,8.71963001669981
1992-02-15,66.0,9.59159301836979
1992-02-16,74.0,10.754210353929766
1992-02-17,71.0,10.318228853094775
1992-02-18,72.0,10.463556020039773
1992-02-19,95.0,13.8060808597747
1992-02-20,125.0,18.165895868124604
1992-02-21,102.0,14.823371028389678
1992-02-22,85.0,12.35280919032473
1992-02-23,68.0,9.882247352259785
1992-02-24,56.0,8.138321348919822
1992-02-25,47.0,6.830376846414851
1992-02-26,40.0,5.813086677799873
1992-02-27,34.0,4.941123676129893
1992-02-28,31.0,4.505142175294902
1992-02-29,28.0,4.069160674459911
1992-03-01,25.0,3.633179173624921
1992-03-02,23.0,3.3425248397349274
1992-03-03,20.0,2.9065433388999367
1992-03-04,18.0,2.6158890050099433
1992-03-05,21.0,3.0518705058449336
1992-03-06,18.0,2.6158890050099433
1992-03-07,17.0,2.4705618380649463
1992-03-08,15.0,2.1799075041749525
1992-03-09,15.0,2.1799075041749525
1992-03-10,14.0,2.0345803372299556
1992-03-11,13.0,1.8892531702849589
1992-03-12,13.0,1.8892531702849589
1992-03-13,12.0,1.7439260033399622
1992-03-14,14.0,2.0345803372299556
1992-03-15,50.0,7.266358347249842
1992-03-16,88.0,12.788790691159722
1992-03-17,77.0,11.190191854764757
1992-03-18,60.0,8.71963001669981
1992-03-19,49.0,7.121031180304845
1992-03-20,41.0,5.958413844744871
1992-03-21,35.0,5.086450843074889
1992-03-22,31.0,4.505142175294902
1992-03-23,27.0,3.9238335075149147
1992-03-24,24.0,3.4878520066799243
1992-03-25,23.0,3.3425248397349274
1992-03-26,20.0,2.9065433388999367
1992-03-27,19.0,2.7612161719549397
1992-03-28,17.0,2.4705618380649463
1992-03-29,16.0,2.3252346711199494
1992-03-30,16.0,2.3252346711199494
1992-03-31,14.0,2.0345803372299556
1992-04-01,14.0,2.0345803372299556
1992-04-02,13.0,1.8892531702849589
1992-04-03,12.0,1.7439260033399622
1992-04-04,12.0,1.7439260033399622
1992-04-05,11.0,1.5985988363949653
1992-04-06,11.0,1.5985988363949653
1992-04-07,10.0,1.4532716694499683
1992-04-08,9.8,1.424206236060969
1992-04-09,9.4,1.3660753692829704
1992-04-10,9.4,1.3660753692829704
1992-04-11,9.5,1.3806080859774699
1992-04-12,14.0,2.0345803372299556
1992-04-13,13.0,1.8892531702849589
1992-04-14,11.0,1.5985988363949653
1992-04-15,11.0,1.5985988363949653
1992-04-16,14.0,2.0345803372299556
1992-04-17,41.0,5.958413844744871
1992-04-18,34.0,4.941123676129893
1992-04-19,29.0,4.2144878414049085
1992-04-20,25.0,3.633179173624921
1992-04-21,22.0,3.1971976727899305
1992-04-22,20.0,2.9065433388999367
1992-04-23,18.0,2.6158890050099433
1992-04-24,16.0,2.3252346711199494
1992-04-25,15.0,2.1799075041749525
1992-04-26,14.0,2.0345803372299556
1992-04-27,13.0,1.8892531702849589
1992-04-28,13.0,1.8892531702849589
1992-04-29,13.0,1.8892531702849589
1992-04-30,14.0,2.0345803372299556
1992-05-01,12.0,1.7439260033399622
1992-05-02,11.0,1.5985988363949653
1992-05-03,10.0,1.4532716694499683
1992-05-04,9.9,1.4387389527554688
1992-05-05,9.1,1.3224772191994711
1992-05-06,8.8,1.2788790691159724
1992-05-07,8.5,1.2352809190324732
1992-05-08,8.1,1.1771500522544744
1992-05-09,7.8,1.1335519021709752
1992-05-10,7.6,1.104486468781976
1992-05-11,7.3,1.060888318698477
1992-05-12,7.1,1.0318228853094775
1992-05-13,6.9,1.0027574519204783
1992-05-14,6.8,0.9882247352259784
1992-05-15,6.6,0.9591593018369791
1992-05-16,6.2,0.9010284350589804
1992-05-17,5.9,0.8574302849754813
1992-05-18,5.8,0.8428975682809816
1992-05-19,5.8,0.8428975682809816
1992-05-20,5.8,0.8428975682809816
1992-05-21,5.6,0.8138321348919823
1992-05-22,5.4,0.784766701502983
1992-05-23,5.1,0.7411685514194838
1992-05-24,5.0,0.7266358347249842
1992-05-25,4.9,0.7121031180304845
1992-05-26,4.9,0.7121031180304845
1992-05-27,4.9,0.7121031180304845
1992-05-28,4.7,0.6830376846414852
1992-05-29,4.6,0.6685049679469854
1992-05-30,4.6,0.6685049679469854
1992-05-31,4.4,0.6394395345579862
1992-06-01,4.1,0.595841384474487
1992-06-02,4.0,0.5813086677799874
1992-06-03,3.9,0.5667759510854876
1992-06-04,3.8,0.552243234390988
1992-06-05,3.8,0.552243234390988
1992-06-06,3.7,0.5377105176964884
1992-06-07,3.6,0.5231778010019886
1992-06-08,3.5,0.5086450843074889
1992-06-09,3.5,0.5086450843074889
1992-06-10,3.4,0.4941123676129892
1992-06-11,3.4,0.4941123676129892
1992-06-12,3.4,0.4941123676129892
1992-06-13,3.4,0.4941123676129892
1992-06-14,3.4,0.4941123676129892
1992-06-15,3.4,0.4941123676129892
1992-06-16,3.3,0.47957965091848953
1992-06-17,3.2,0.4650469342239899
1992-06-18,3.1,0.4505142175294902
1992-06-19,3.1,0.4505142175294902
1992-06-20,2.9,0.4214487841404908
1992-06-21,2.7,0.3923833507514915
1992-06-22,2.7,0.3923833507514915
1992-06-23,2.6,0.3778506340569918
1992-06-24,2.6,0.3778506340569918
1992-06-25,2.6,0.3778506340569918
1992-06-26,2.6,0.3778506340569918
1992-06-27,2.6,0.3778506340569918
1992-06-28,2.7,0.3923833507514915
1992-06-29,4.0,0.5813086677799874
1992-06-30,5.0,0.7266358347249842
1992-07-01,3.9,0.5667759510854876
1992-07-02,3.4,0.4941123676129892
1992-07-03,2.9,0.4214487841404908
1992-07-04,2.8,0.4069160674459911
1992-07-05,2.8,0.4069160674459911
1992-07-06,2.8,0.4069160674459911
1992-07-07,2.6,0.3778506340569918
1992-07-08,2.4,0.3487852006679924
1992-07-09,2.3,0.3342524839734927
1992-07-10,2.1,0.30518705058449336
1992-07-11,2.1,0.30518705058449336
1992-07-12,2.0,0.2906543338899937
1992-07-13,2.0,0.2906543338899937
1992-07-14,2.0,0.2906543338899937
1992-07-15,1.8,0.2615889005009943
1992-07-16,1.7,0.2470561838064946
1992-07-17,1.7,0.2470561838064946
1992-07-18,1.7,0.2470561838064946
1992-07-19,1.7,0.2470561838064946
1992-07-20,1.7,0.2470561838064946
1992-07-21,1.6,0.23252346711199495
1992-07-22,1.5,0.21799075041749527
1992-07-23,1.5,0.21799075041749527
1992-07-24,1.5,0.21799075041749527
1992-07-25,1.4,0.20345803372299556
1992-07-26,1.4,0.20345803372299556
1992-07-27,1.3,0.1889253170284959
1992-07-28,1.3,0.1889253170284959
1992-07-29,1.3,0.1889253170284959
1992-07-30,1.3,0.1889253170284959
1992-07-31,1.3,0.1889253170284959
1992-08-01,1.2,0.1743926003339962
1992-08-02,1.3,0.1889253170284959
1992-08-03,1.1,0.15985988363949655
1992-08-04,1.1,0.15985988363949655
1992-08-05,1.1,0.15985988363949655
1992-08-06,1.1,0.15985988363949655
1992-08-07,1.1,0.15985988363949655
1992-08-08,1.1,0.15985988363949655
1992-08-09,1.1,0.15985988363949655
1992-08-10,1.1,0.15985988363949655
1992-08-11,1.1,0.15985988363949655
1992-08-12,1.0,0.14532716694499684
1992-08-13,1.0,0.14532716694499684
1992-08-14,0.97,0.14096735193664692
1992-08-15,0.88,0.1278879069115972
1992-08-16,0.88,0.1278879069115972
1992-08-17,0.88,0.1278879069115972
1992-08-18,0.88,0.1278879069115972
1992-08-19,0.88,0.1278879069115972
1992-08-20,0.83,0.12062154856434737
1992-08-21,0.83,0.12062154856434737
1992-08-22,0.83,0.12062154856434737
1992-08-23,0.8,0.11626173355599748
1992-08-24,0.78,0.11335519021709754
1992-08-25,0.78,0.11335519021709754
1992-08-26,0.81,0.11771500522544745
1992-08-27,0.79,0.1148084618865475
1992-08-28,0.75,0.10899537520874764
1992-08-29,0.74,0.10754210353929766
1992-08-30,0.74,0.10754210353929766
1992-08-31,0.74,0.10754210353929766
1992-09-01,0.74,0.10754210353929766
1992-09-02,0.74,0.10754210353929766
1992-09-03,0.74,0.10754210353929766
1992-09-04,0.74,0.10754210353929766
1992-09-05,0.74,0.10754210353929766
1992-09-06,0.74,0.10754210353929766
1992-09-07,0.74,0.10754210353929766
1992-09-08,0.74,0.10754210353929766
1992-09-09,0.74,0.10754210353929766
1992-09-10,0.74,0.10754210353929766
1992-09-11,0.74,0.10754210353929766
1992-09-12,0.74,0.10754210353929766
1992-09-13,0.74,0.10754210353929766
1992-09-14,0.74,0.10754210353929766
1992-09-15,0.74,0.10754210353929766
1992-09-16,0.74,0.10754210353929766
1992-09-17,0.74,0.10754210353929766
1992-09-18,0.74,0.10754210353929766
1992-09-19,0.65,0.09446265851424795
1992-09-20,0.62,0.09010284350589803
1992-09-21,0.62,0.09010284350589803
1992-09-22,0.62,0.09010284350589803
1992-09-23,0.62,0.09010284350589803
1992-09-24,0.62,0.09010284350589803
1992-09-25,0.62,0.09010284350589803
1992-09-26,0.62,0.09010284350589803
1992-09-27,0.62,0.09010284350589803
1992-09-28,0.62,0.09010284350589803
1992-09-29,0.62,0.09010284350589803
1992-09-30,0.67,0.09736920185314789
1992-10-01,1.1,0.15985988363949655
1992-10-02,1.2,0.1743926003339962
1992-10-03,1.3,0.1889253170284959
1992-10-04,1.2,0.1743926003339962
1992-10-05,1.1,0.15985988363949655
1992-10-06,0.99,0.14387389527554686
1992-10-07,0.9,0.13079445025049716
1992-10-08,0.88,0.1278879069115972
1992-10-09,0.75,0.10899537520874764
1992-10-10,0.74,0.10754210353929766
1992-10-11,0.74,0.10754210353929766
1992-10-12,0.74,0.10754210353929766
1992-10-13,0.74,0.10754210353929766
1992-10-14,0.74,0.10754210353929766
1992-10-15,0.75,0.10899537520874764
1992-10-16,0.88,0.1278879069115972
1992-10-17,0.88,0.1278879069115972
1992-10-18,0.88,0.1278879069115972
1992-10-19,0.88,0.1278879069115972
1992-10-20,1.5,0.21799075041749527
1992-10-21,1.9,0.276121617195494
1992-10-22,1.5,0.21799075041749527
1992-10-23,1.4,0.20345803372299556
1992-10-24,1.3,0.1889253170284959
1992-10-25,1.2,0.1743926003339962
1992-10-26,1.2,0.1743926003339962
1992-10-27,1.2,0.1743926003339962
1992-10-28,1.2,0.1743926003339962
1992-10-29,4.1,0.595841384474487
1992-10-30,6.0,0.8719630016699811
1992-10-31,7.3,1.060888318698477
1992-11-01,9.3,1.3515426525884706
1992-11-02,6.8,0.9882247352259784
1992-11-03,4.6,0.6685049679469854
1992-11-04,3.6,0.5231778010019886
1992-11-05,3.0,0.43598150083499054
1992-11-06,2.7,0.3923833507514915
1992-11-07,2.3,0.3342524839734927
1992-11-08,2.0,0.2906543338899937
1992-11-09,2.0,0.2906543338899937
1992-11-10,1.8,0.2615889005009943
1992-11-11,1.7,0.2470561838064946
1992-11-12,1.6,0.23252346711199495
1992-11-13,1.6,0.23252346711199495
1992-11-14,1.5,0.21799075041749527
1992-11-15,1.5,0.21799075041749527
1992-11-16,1.5,0.21799075041749527
1992-11-17,1.5,0.21799075041749527
1992-11-18,1.5,0.21799075041749527
1992-11-19,2.2,0.3197197672789931
1992-11-20,2.1,0.30518705058449336
1992-11-21,3.1,0.4505142175294902
1992-11-22,9.5,1.3806080859774699
1992-11-23,5.4,0.784766701502983
1992-11-24,4.1,0.595841384474487
1992-11-25,3.6,0.5231778010019886
1992-11-26,3.2,0.4650469342239899
1992-11-27,3.0,0.43598150083499054
1992-11-28,2.8,0.4069160674459911
1992-11-29,2.7,0.3923833507514915
1992-11-30,2.4,0.3487852006679924
1992-12-01,2.3,0.3342524839734927
1992-12-02,3.4,0.4941123676129892
1992-12-03,3.6,0.5231778010019886
1992-12-04,3.1,0.4505142175294902
1992-12-05,3.0,0.43598150083499054
1992-12-06,8.6,1.2498136357269727
1992-12-07,16.0,2.3252346711199494
1992-12-08,45.0,6.5397225125248575
1992-12-09,105.0,15.259352529224667
1992-12-10,205.0,29.79206922372435
1992-12-11,130.0,18.89253170284959
1992-12-12,90.0,13.079445025049715
1992-12-13,62.0,9.010284350589805
1992-12-14,40.0,5.813086677799873
1992-12-15,27.0,3.9238335075149147
1992-12-16,29.0,4.2144878414049085
1992-12-17,28.0,4.069160674459911
1992-12-18,24.0,3.4878520066799243
1992-12-19,22.0,3.1971976727899305
1992-12-20,24.0,3.4878520066799243
1992-12-21,23.0,3.3425248397349274
1992-12-22,22.0,3.1971976727899305
1992-12-23,20.0,2.9065433388999367
1992-12-24,19.0,2.7612161719549397
1992-12-25,17.0,2.4705618380649463
1992-12-26,16.0,2.3252346711199494
1992-12-27,15.0,2.1799075041749525
1992-12-28,21.0,3.0518705058449336
1992-12-29,29.0,4.2144878414049085
1992-12-30,32.0,4.650469342239899
1992-12-31,261.0,37.93039057264418
1993-01-01,183.0,26.59487155093442
1993-01-02,107.0,15.550006863114662
1993-01-03,74.0,10.754210353929766
1993-01-04,60.0,8.71963001669981
1993-01-05,50.0,7.266358347249842
1993-01-06,51.0,7.411685514194839
1993-01-07,82.0,11.916827689489741
1993-01-08,83.0,12.062154856434738
1993-01-09,72.0,10.463556020039773
1993-01-10,63.0,9.155611517534801
1993-01-11,54.0,7.847667015029829
1993-01-12,51.0,7.411685514194839
1993-01-13,68.0,9.882247352259785
1993-01-14,103.0,14.968698195334674
1993-01-15,99.0,14.387389527554687
1993-01-16,113.0,16.421969864784643
1993-01-17,97.0,14.096735193664694
1993-01-18,77.0,11.190191854764757
1993-01-19,74.0,10.754210353929766
1993-01-20,700.0,101.72901686149778
1993-01-21,290.0,42.14487841404908
1993-01-22,240.0,34.87852006679924
1993-01-23,166.0,24.124309712869476
1993-01-24,118.0,17.148605699509627
1993-01-25,84.0,12.207482023379734
1993-01-26,62.0,9.010284350589805
1993-01-27,50.0,7.266358347249842
1993-01-28,43.0,6.249068178634864
1993-01-29,38.0,5.5224323439098795
1993-01-30,33.0,4.795796509184895
1993-01-31,30.0,4.359815008349905
1993-02-01,27.0,3.9238335075149147
1993-02-02,25.0,3.633179173624921
1993-02-03,23.0,3.3425248397349274
1993-02-04,21.0,3.0518705058449336
1993-02-05,21.0,3.0518705058449336
1993-02-06,19.0,2.7612161719549397
1993-02-07,18.0,2.6158890050099433
1993-02-08,17.0,2.4705618380649463
1993-02-09,17.0,2.4705618380649463
1993-02-10,16.0,2.3252346711199494
1993-02-11,27.0,3.9238335075149147
1993-02-12,27.0,3.9238335075149147
1993-02-13,25.0,3.633179173624921
1993-02-14,24.0,3.4878520066799243
1993-02-15,23.0,3.3425248397349274
1993-02-16,21.0,3.0518705058449336
1993-02-17,24.0,3.4878520066799243
1993-02-18,32.0,4.650469342239899
1993-02-19,62.0,9.010284350589805
1993-02-20,78.0,11.335519021709754
1993-02-21,69.0,10.027574519204782
1993-02-22,70.0,10.172901686149778
1993-02-23,114.0,16.56729703172964
1993-02-24,102.0,14.823371028389678
1993-02-25,78.0,11.335519021709754
1993-02-26,60.0,8.71963001669981
1993-02-27,50.0,7.266358347249842
1993-02-28,45.0,6.5397225125248575
1993-03-01,41.0,5.958413844744871
1993-03-02,41.0,5.958413844744871
1993-03-03,51.0,7.411685514194839
1993-03-04,48.0,6.975704013359849
1993-03-05,44.0,6.394395345579861
1993-03-06,41.0,5.958413844744871
1993-03-07,38.0,5.5224323439098795
1993-03-08,34.0,4.941123676129893
1993-03-09,32.0,4.650469342239899
1993-03-10,31.0,4.505142175294902
1993-03-11,28.0,4.069160674459911
1993-03-12,26.0,3.7785063405699177
1993-03-13,24.0,3.4878520066799243
1993-03-14,23.0,3.3425248397349274
1993-03-15,27.0,3.9238335075149147
1993-03-16,28.0,4.069160674459911
1993-03-17,139.0,20.200476205354562
1993-03-18,172.0,24.996272714539455
1993-03-19,131.0,19.037858869794587
1993-03-20,92.0,13.37009935893971
1993-03-21,68.0,9.882247352259785
1993-03-22,54.0,7.847667015029829
1993-03-23,64.0,9.300938684479798
1993-03-24,64.0,9.300938684479798
1993-03-25,58.0,8.428975682809817
1993-03-26,52.0,7.5570126811398355
1993-03-27,47.0,6.830376846414851
1993-03-28,42.0,6.103741011689867
1993-03-29,38.0,5.5224323439098795
1993-03-30,34.0,4.941123676129893
1993-03-31,34.0,4.941123676129893
1993-04-01,39.0,5.667759510854877
1993-04-02,41.0,5.958413844744871
1993-04-03,41.0,5.958413844744871
1993-04-04,61.0,8.864957183644806
1993-04-05,61.0,8.864957183644806
1993-04-06,55.0,7.992994181974826
1993-04-07,48.0,6.975704013359849
1993-04-08,45.0,6.5397225125248575
1993-04-09,42.0,6.103741011689867
1993-04-10,45.0,6.5397225125248575
1993-04-11,43.0,6.249068178634864
1993-04-12,41.0,5.958413844744871
1993-04-13,38.0,5.5224323439098795
1993-04-14,35.0,5.086450843074889
1993-04-15,33.0,4.795796509184895
1993-04-16,30.0,4.359815008349905
1993-04-17,76.0,11.044864687819759
1993-04-18,89.0,12.934117858104718
1993-04-19,74.0,10.754210353929766
1993-04-20,60.0,8.71963001669981
1993-04-21,50.0,7.266358347249842
1993-04-22,44.0,6.394395345579861
1993-04-23,46.0,6.685049679469855
1993-04-24,46.0,6.685049679469855
1993-04-25,43.0,6.249068178634864
1993-04-26,41.0,5.958413844744871
1993-04-27,38.0,5.5224323439098795
1993-04-28,34.0,4.941123676129893
1993-04-29,32.0,4.650469342239899
1993-04-30,29.0,4.2144878414049085
1993-05-01,27.0,3.9238335075149147
1993-05-02,25.0,3.633179173624921
1993-05-03,29.0,4.2144878414049085
1993-05-04,27.0,3.9238335075149147
1993-05-05,25.0,3.633179173624921
1993-05-06,23.0,3.3425248397349274
1993-05-07,22.0,3.1971976727899305
1993-05-08,21.0,3.0518705058449336
1993-05-09,20.0,2.9065433388999367
1993-05-10,19.0,2.7612161719549397
1993-05-11,19.0,2.7612161719549397
1993-05-12,18.0,2.6158890050099433
1993-05-13,17.0,2.4705618380649463
1993-05-14,16.0,2.3252346711199494
1993-05-15,15.0,2.1799075041749525
1993-05-16,15.0,2.1799075041749525
1993-05-17,14.0,2.0345803372299556
1993-05-18,14.0,2.0345803372299556
1993-05-19,15.0,2.1799075041749525
1993-05-20,16.0,2.3252346711199494
1993-05-21,15.0,2.1799075041749525
1993-05-22,14.0,2.0345803372299556
1993-05-23,14.0,2.0345803372299556
1993-05-24,14.0,2.0345803372299556
1993-05-25,13.0,1.8892531702849589
1993-05-26,30.0,4.359815008349905
1993-05-27,39.0,5.667759510854877
1993-05-28,39.0,5.667759510854877
1993-05-29,37.0,5.377105176964883
1993-05-30,49.0,7.121031180304845
1993-05-31,91.0,13.224772191994711
1993-06-01,111.0,16.13131553089465
1993-06-02,90.0,13.079445025049715
1993-06-03,67.0,9.736920185314789
1993-06-04,61.0,8.864957183644806
1993-06-05,55.0,7.992994181974826
1993-06-06,50.0,7.266358347249842
1993-06-07,46.0,6.685049679469855
1993-06-08,43.0,6.249068178634864
1993-06-09,38.0,5.5224323439098795
1993-06-10,35.0,5.086450843074889
1993-06-11,32.0,4.650469342239899
1993-06-12,29.0,4.2144878414049085
1993-06-13,27.0,3.9238335075149147
1993-06-14,25.0,3.633179173624921
1993-06-15,23.0,3.3425248397349274
1993-06-16,22.0,3.1971976727899305
1993-06-17,20.0,2.9065433388999367
1993-06-18,19.0,2.7612161719549397
1993-06-19,17.0,2.4705618380649463
1993-06-20,16.0,2.3252346711199494
1993-06-21,15.0,2.1799075041749525
1993-06-22,14.0,2.0345803372299556
1993-06-23,14.0,2.0345803372299556
1993-06-24,13.0,1.8892531702849589
1993-06-25,12.0,1.7439260033399622
1993-06-26,12.0,1.7439260033399622
1993-06-27,11.0,1.5985988363949653
1993-06-28,11.0,1.5985988363949653
1993-06-29,10.0,1.4532716694499683
1993-06-30,9.9,1.4387389527554688
1993-07-01,9.5,1.3806080859774699
1993-07-02,9.2,1.3370099358939709
1993-07-03,8.8,1.2788790691159724
1993-07-04,8.4,1.2207482023379734
1993-07-05,8.0,1.1626173355599747
1993-07-06,7.7,1.1190191854764757
1993-07-07,7.4,1.0754210353929767
1993-07-08,7.1,1.0318228853094775
1993-07-09,6.7,0.9736920185314788
1993-07-10,6.4,0.9300938684479798
1993-07-11,6.3,0.9155611517534801
1993-07-12,6.0,0.8719630016699811
1993-07-13,5.9,0.8574302849754813
1993-07-14,5.8,0.8428975682809816
1993-07-15,5.7,0.828364851586482
1993-07-16,5.5,0.7992994181974826
1993-07-17,5.5,0.7992994181974826
1993-07-18,5.2,0.7557012681139836
1993-07-19,5.1,0.7411685514194838
1993-07-20,4.9,0.7121031180304845
1993-07-21,4.7,0.6830376846414852
1993-07-22,4.6,0.6685049679469854
1993-07-23,4.6,0.6685049679469854
1993-07-24,4.5,0.6539722512524858
1993-07-25,4.3,0.6249068178634863
1993-07-26,4.2,0.6103741011689867
1993-07-27,4.1,0.595841384474487
1993-07-28,3.9,0.5667759510854876
1993-07-29,3.7,0.5377105176964884
1993-07-30,3.6,0.5231778010019886
1993-07-31,3.6,0.5231778010019886
1993-08-01,3.4,0.4941123676129892
1993-08-02,3.3,0.47957965091848953
1993-08-03,3.1,0.4505142175294902
1993-08-04,3.1,0.4505142175294902
1993-08-05,3.0,0.43598150083499054
1993-08-06,2.8,0.4069160674459911
1993-08-07,2.7,0.3923833507514915
1993-08-08,2.8,0.4069160674459911
1993-08-09,2.8,0.4069160674459911
1993-08-10,2.8,0.4069160674459911
1993-08-11,2.8,0.4069160674459911
1993-08-12,2.8,0.4069160674459911
1993-08-13,2.8,0.4069160674459911
1993-08-14,2.6,0.3778506340569918
1993-08-15,2.6,0.3778506340569918
1993-08-16,2.5,0.3633179173624921
1993-08-17,2.4,0.3487852006679924
1993-08-18,2.4,0.3487852006679924
1993-08-19,2.2,0.3197197672789931
1993-08-20,2.3,0.3342524839734927
1993-08-21,2.3,0.3342524839734927
1993-08-22,2.1,0.30518705058449336
1993-08-23,2.0,0.2906543338899937
1993-08-24,2.0,0.2906543338899937
1993-08-25,1.9,0.276121617195494
1993-08-26,1.9,0.276121617195494
1993-08-27,1.8,0.2615889005009943
1993-08-28,1.8,0.2615889005009943
1993-08-29,1.8,0.2615889005009943
1993-08-30,1.8,0.2615889005009943
1993-08-31,1.8,0.2615889005009943
1993-09-01,1.8,0.2615889005009943
1993-09-02,1.7,0.2470561838064946
1993-09-03,1.7,0.2470561838064946
1993-09-04,1.6,0.23252346711199495
1993-09-05,1.5,0.21799075041749527
1993-09-06,1.5,0.21799075041749527
1993-09-07,1.4,0.20345803372299556
1993-09-08,1.4,0.20345803372299556
1993-09-09,1.3,0.1889253170284959
1993-09-10,1.3,0.1889253170284959
1993-09-11,1.3,0.1889253170284959
1993-09-12,1.3,0.1889253170284959
1993-09-13,1.3,0.1889253170284959
1993-09-14,1.3,0.1889253170284959
1993-09-15,1.3,0.1889253170284959
1993-09-16,1.3,0.1889253170284959
1993-09-17,1.4,0.20345803372299556
1993-09-18,1.2,0.1743926003339962
1993-09-19,1.3,0.1889253170284959
1993-09-20,1.3,0.1889253170284959
1993-09-21,1.3,0.1889253170284959
1993-09-22,1.3,0.1889253170284959
1993-09-23,1.3,0.1889253170284959
1993-09-24,1.3,0.1889253170284959
1993-09-25,1.3,0.1889253170284959
1993-09-26,1.3,0.1889253170284959
1993-09-27,1.3,0.1889253170284959
1993-09-28,1.3,0.1889253170284959
1993-09-29,1.2,0.1743926003339962
1993-09-30,1.2,0.1743926003339962
1993-10-01,1.2,0.1743926003339962
1993-10-02,1.2,0.1743926003339962
1993-10-03,1.2,0.1743926003339962
1993-10-04,1.2,0.1743926003339962
1993-10-05,1.2,0.1743926003339962
1993-10-06,1.2,0.1743926003339962
1993-10-07,1.2,0.1743926003339962
1993-10-08,1.2,0.1743926003339962
1993-10-09,1.2,0.1743926003339962
1993-10-10,1.3,0.1889253170284959
1993-10-11,1.3,0.1889253170284959
1993-10-12,1.3,0.1889253170284959
1993-10-13,1.2,0.1743926003339962
1993-10-14,1.2,0.1743926003339962
1993-10-15,1.3,0.1889253170284959
1993-10-16,1.2,0.1743926003339962
1993-10-17,1.2,0.1743926003339962
1993-10-18,1.2,0.1743926003339962
1993-10-19,1.2,0.1743926003339962
1993-10-20,1.2,0.1743926003339962
1993-10-21,1.2,0.1743926003339962
1993-10-22,1.2,0.1743926003339962
1993-10-23,1.2,0.1743926003339962
1993-10-24,1.2,0.1743926003339962
1993-10-25,1.2,0.1743926003339962
1993-10-26,1.2,0.1743926003339962
1993-10-27,1.2,0.1743926003339962
1993-10-28,1.2,0.1743926003339962
1993-10-29,1.2,0.1743926003339962
1993-10-30,1.2,0.1743926003339962
1993-10-31,1.2,0.1743926003339962
1993-11-01,1.2,0.1743926003339962
1993-11-02,1.2,0.1743926003339962
1993-11-03,1.2,0.1743926003339962
1993-11-04,1.2,0.1743926003339962
1993-11-05,1.2,0.1743926003339962
1993-11-06,1.2,0.1743926003339962
1993-11-07,1.2,0.1743926003339962
1993-11-08,1.2,0.1743926003339962
1993-11-09,1.3,0.1889253170284959
1993-11-10,1.4,0.20345803372299556
1993-11-11,1.6,0.23252346711199495
1993-11-12,1.5,0.21799075041749527
1993-11-13,1.4,0.20345803372299556
1993-11-14,1.3,0.1889253170284959
1993-11-15,1.3,0.1889253170284959
1993-11-16,1.3,0.1889253170284959
1993-11-17,1.2,0.1743926003339962
1993-11-18,1.2,0.1743926003339962
1993-11-19,1.2,0.1743926003339962
1993-11-20,1.2,0.1743926003339962
1993-11-21,1.2,0.1743926003339962
1993-11-22,1.2,0.1743926003339962
1993-11-23,1.2,0.1743926003339962
1993-11-24,1.2,0.1743926003339962
1993-11-25,1.2,0.1743926003339962
1993-11-26,1.2,0.1743926003339962
1993-11-27,1.3,0.1889253170284959
1993-11-28,1.9,0.276121617195494
1993-11-29,4.0,0.5813086677799874
1993-11-30,4.3,0.6249068178634863
1993-12-01,3.2,0.4650469342239899
1993-12-02,2.1,0.30518705058449336
1993-12-03,2.0,0.2906543338899937
1993-12-04,2.7,0.3923833507514915
1993-12-05,2.3,0.3342524839734927
1993-12-06,2.4,0.3487852006679924
1993-12-07,14.0,2.0345803372299556
1993-12-08,103.0,14.968698195334674
1993-12-09,36.0,5.2317780100198865
1993-12-10,20.0,2.9065433388999367
1993-12-11,35.0,5.086450843074889
1993-12-12,30.0,4.359815008349905
1993-12-13,28.0,4.069160674459911
1993-12-14,40.0,5.813086677799873
1993-12-15,20.0,2.9065433388999367
1993-12-16,13.0,1.8892531702849589
1993-12-17,8.5,1.2352809190324732
1993-12-18,7.2,1.0463556020039773
1993-12-19,6.7,0.9736920185314788
1993-12-20,6.0,0.8719630016699811
1993-12-21,5.2,0.7557012681139836
1993-12-22,4.8,0.6975704013359848
1993-12-23,4.4,0.6394395345579862
1993-12-24,4.0,0.5813086677799874
1993-12-25,3.8,0.552243234390988
1993-12-26,3.6,0.5231778010019886
1993-12-27,3.5,0.5086450843074889
1993-12-28,3.3,0.47957965091848953
1993-12-29,3.1,0.4505142175294902
1993-12-30,3.0,0.43598150083499054
1993-12-31,5.0,0.7266358347249842
1994-01-01,9.5,1.3806080859774699
1994-01-02,7.6,1.104486468781976
1994-01-03,6.5,0.9446265851424794
1994-01-04,9.5,1.3806080859774699
1994-01-05,10.0,1.4532716694499683
1994-01-06,8.6,1.2498136357269727
1994-01-07,7.6,1.104486468781976
1994-01-08,11.0,1.5985988363949653
1994-01-09,9.8,1.424206236060969
1994-01-10,8.8,1.2788790691159724
1994-01-11,7.7,1.1190191854764757
1994-01-12,6.5,0.9446265851424794
1994-01-13,5.7,0.828364851586482
1994-01-14,5.3,0.7702339848084833
1994-01-15,4.9,0.7121031180304845
1994-01-16,4.6,0.6685049679469854
1994-01-17,4.4,0.6394395345579862
1994-01-18,4.2,0.6103741011689867
1994-01-19,4.0,0.5813086677799874
1994-01-20,8.0,1.1626173355599747
1994-01-21,11.0,1.5985988363949653
1994-01-22,23.0,3.3425248397349274
1994-01-23,47.0,6.830376846414851
1994-01-24,65.0,9.446265851424794
1994-01-25,62.0,9.010284350589805
1994-01-26,46.0,6.685049679469855
1994-01-27,28.0,4.069160674459911
1994-01-28,24.0,3.4878520066799243
1994-01-29,21.0,3.0518705058449336
1994-01-30,19.0,2.7612161719549397
1994-01-31,18.0,2.6158890050099433
1994-02-01,15.0,2.1799075041749525
1994-02-02,13.0,1.8892531702849589
1994-02-03,12.0,1.7439260033399622
1994-02-04,11.0,1.5985988363949653
1994-02-05,11.0,1.5985988363949653
1994-02-06,13.0,1.8892531702849589
1994-02-07,17.0,2.4705618380649463
1994-02-08,16.0,2.3252346711199494
1994-02-09,24.0,3.4878520066799243
1994-02-10,33.0,4.795796509184895
1994-02-11,28.0,4.069160674459911
1994-02-12,22.0,3.1971976727899305
1994-02-13,18.0,2.6158890050099433
1994-02-14,16.0,2.3252346711199494
1994-02-15,14.0,2.0345803372299556
1994-02-16,28.0,4.069160674459911
1994-02-17,98.0,14.24206236060969
1994-02-18,79.0,11.48084618865475
1994-02-19,74.0,10.754210353929766
1994-02-20,65.0,9.446265851424794
1994-02-21,82.0,11.916827689489741
1994-02-22,80.0,11.626173355599747
1994-02-23,65.0,9.446265851424794
1994-02-24,54.0,7.847667015029829
1994-02-25,47.0,6.830376846414851
1994-02-26,46.0,6.685049679469855
1994-02-27,50.0,7.266358347249842
1994-02-28,50.0,7.266358347249842
1994-03-01,47.0,6.830376846414851
1994-03-02,44.0,6.394395345579861
1994-03-03,39.0,5.667759510854877
1994-03-04,35.0,5.086450843074889
1994-03-05,32.0,4.650469342239899
1994-03-06,29.0,4.2144878414049085
1994-03-07,26.0,3.7785063405699177
1994-03-08,23.0,3.3425248397349274
1994-03-09,22.0,3.1971976727899305
1994-03-10,20.0,2.9065433388999367
1994-03-11,19.0,2.7612161719549397
1994-03-12,18.0,2.6158890050099433
1994-03-13,16.0,2.3252346711199494
1994-03-14,15.0,2.1799075041749525
1994-03-15,15.0,2.1799075041749525
1994-03-16,15.0,2.1799075041749525
1994-03-17,13.0,1.8892531702849589
1994-03-18,13.0,1.8892531702849589
1994-03-19,12.0,1.7439260033399622
1994-03-20,12.0,1.7439260033399622
1994-03-21,11.0,1.5985988363949653
1994-03-22,11.0,1.5985988363949653
1994-03-23,11.0,1.5985988363949653
1994-03-24,11.0,1.5985988363949653
1994-03-25,10.0,1.4532716694499683
1994-03-26,9.8,1.424206236060969
1994-03-27,9.3,1.3515426525884706
1994-03-28,8.9,1.293411785810472
1994-03-29,8.6,1.2498136357269727
1994-03-30,8.4,1.2207482023379734
1994-03-31,8.1,1.1771500522544744
1994-04-01,7.8,1.1335519021709752
1994-04-02,7.5,1.0899537520874762
1994-04-03,7.3,1.060888318698477
1994-04-04,7.0,1.0172901686149778
1994-04-05,6.8,0.9882247352259784
1994-04-06,6.8,0.9882247352259784
1994-04-07,6.7,0.9736920185314788
1994-04-08,8.2,1.191682768948974
1994-04-09,8.3,1.206215485643474
1994-04-10,7.3,1.060888318698477
1994-04-11,6.9,1.0027574519204783
1994-04-12,6.5,0.9446265851424794
1994-04-13,6.3,0.9155611517534801
1994-04-14,6.1,0.8864957183644807
1994-04-15,5.9,0.8574302849754813
1994-04-16,5.7,0.828364851586482
1994-04-17,5.6,0.8138321348919823
1994-04-18,5.4,0.784766701502983
1994-04-19,5.3,0.7702339848084833
1994-04-20,5.2,0.7557012681139836
1994-04-21,5.0,0.7266358347249842
1994-04-22,4.9,0.7121031180304845
1994-04-23,7.1,1.0318228853094775
1994-04-24,7.2,1.0463556020039773
1994-04-25,18.0,2.6158890050099433
1994-04-26,19.0,2.7612161719549397
1994-04-27,15.0,2.1799075041749525
1994-04-28,13.0,1.8892531702849589
1994-04-29,11.0,1.5985988363949653
1994-04-30,10.0,1.4532716694499683
1994-05-01,9.7,1.4096735193664691
1994-05-02,9.0,1.3079445025049716
1994-05-03,8.5,1.2352809190324732
1994-05-04,10.0,1.4532716694499683
1994-05-05,9.7,1.4096735193664691
1994-05-06,9.0,1.3079445025049716
1994-05-07,9.0,1.3079445025049716
1994-05-08,8.5,1.2352809190324732
1994-05-09,8.1,1.1771500522544744
1994-05-10,7.7,1.1190191854764757
1994-05-11,7.5,1.0899537520874762
1994-05-12,7.2,1.0463556020039773
1994-05-13,7.0,1.0172901686149778
1994-05-14,6.8,0.9882247352259784
1994-05-15,8.0,1.1626173355599747
1994-05-16,8.2,1.191682768948974
1994-05-17,7.6,1.104486468781976
1994-05-18,7.6,1.104486468781976
1994-05-19,7.3,1.060888318698477
1994-05-20,7.0,1.0172901686149778
1994-05-21,6.8,0.9882247352259784
1994-05-22,6.6,0.9591593018369791
1994-05-23,6.4,0.9300938684479798
1994-05-24,6.1,0.8864957183644807
1994-05-25,5.9,0.8574302849754813
1994-05-26,5.9,0.8574302849754813
1994-05-27,5.8,0.8428975682809816
1994-05-28,5.6,0.8138321348919823
1994-05-29,5.4,0.784766701502983
1994-05-30,5.3,0.7702339848084833
1994-05-31,5.1,0.7411685514194838
1994-06-01,5.0,0.7266358347249842
1994-06-02,4.8,0.6975704013359848
1994-06-03,4.7,0.6830376846414852
1994-06-04,4.6,0.6685049679469854
1994-06-05,4.7,0.6830376846414852
1994-06-06,5.2,0.7557012681139836
1994-06-07,4.5,0.6539722512524858
1994-06-08,4.3,0.6249068178634863
1994-06-09,4.1,0.595841384474487
1994-06-10,4.0,0.5813086677799874
1994-06-11,3.8,0.552243234390988
1994-06-12,3.8,0.552243234390988
1994-06-13,3.9,0.5667759510854876
1994-06-14,3.8,0.552243234390988
1994-06-15,3.7,0.5377105176964884
1994-06-16,3.7,0.5377105176964884
1994-06-17,3.7,0.5377105176964884
1994-06-18,3.5,0.5086450843074889
1994-06-19,3.4,0.4941123676129892
1994-06-20,3.4,0.4941123676129892
1994-06-21,3.2,0.4650469342239899
1994-06-22,3.1,0.4505142175294902
1994-06-23,3.0,0.43598150083499054
1994-06-24,3.0,0.43598150083499054
1994-06-25,2.9,0.4214487841404908
1994-06-26,2.8,0.4069160674459911
1994-06-27,2.7,0.3923833507514915
1994-06-28,2.6,0.3778506340569918
1994-06-29,2.7,0.3923833507514915
1994-06-30,2.6,0.3778506340569918
1994-07-01,2.6,0.3778506340569918
1994-07-02,2.5,0.3633179173624921
1994-07-03,2.5,0.3633179173624921
1994-07-04,2.4,0.3487852006679924
1994-07-05,2.3,0.3342524839734927
1994-07-06,2.3,0.3342524839734927
1994-07-07,2.2,0.3197197672789931
1994-07-08,2.1,0.30518705058449336
1994-07-09,2.1,0.30518705058449336
1994-07-10,2.0,0.2906543338899937
1994-07-11,1.9,0.276121617195494
1994-07-12,1.8,0.2615889005009943
1994-07-13,1.8,0.2615889005009943
1994-07-14,1.8,0.2615889005009943
1994-07-15,1.7,0.2470561838064946
1994-07-16,1.6,0.23252346711199495
1994-07-17,1.6,0.23252346711199495
1994-07-18,1.5,0.21799075041749527
1994-07-19,1.5,0.21799075041749527
1994-07-20,1.5,0.21799075041749527
1994-07-21,1.5,0.21799075041749527
1994-07-22,1.5,0.21799075041749527
1994-07-23,1.5,0.21799075041749527
1994-07-24,1.5,0.21799075041749527
1994-07-25,1.5,0.21799075041749527
1994-07-26,1.4,0.20345803372299556
1994-07-27,1.3,0.1889253170284959
1994-07-28,1.3,0.1889253170284959
1994-07-29,1.3,0.1889253170284959
1994-07-30,1.3,0.1889253170284959
1994-07-31,1.3,0.1889253170284959
1994-08-01,1.2,0.1743926003339962
1994-08-02,1.2,0.1743926003339962
1994-08-03,1.2,0.1743926003339962
1994-08-04,1.1,0.15985988363949655
1994-08-05,1.1,0.15985988363949655
1994-08-06,1.1,0.15985988363949655
1994-08-07,1.1,0.15985988363949655
1994-08-08,1.0,0.14532716694499684
1994-08-09,1.1,0.15985988363949655
1994-08-10,1.0,0.14532716694499684
1994-08-11,0.99,0.14387389527554686
1994-08-12,0.98,0.1424206236060969
1994-08-13,0.97,0.14096735193664692
1994-08-14,0.94,0.13660753692829702
1994-08-15,0.93,0.13515426525884708
1994-08-16,0.93,0.13515426525884708
1994-08-17,0.92,0.1337009935893971
1994-08-18,0.91,0.13224772191994713
1994-08-19,0.88,0.1278879069115972
1994-08-20,0.9,0.13079445025049716
1994-08-21,0.91,0.13224772191994713
1994-08-22,0.86,0.12498136357269728
1994-08-23,0.83,0.12062154856434737
1994-08-24,0.82,0.1191682768948974
1994-08-25,0.81,0.11771500522544745
1994-08-26,0.8,0.11626173355599748
1994-08-27,0.79,0.1148084618865475
1994-08-28,0.78,0.11335519021709754
1994-08-29,0.81,0.11771500522544745
1994-08-30,0.8,0.11626173355599748
1994-08-31,0.79,0.1148084618865475
1994-09-01,0.8,0.11626173355599748
1994-09-02,0.82,0.1191682768948974
1994-09-03,0.82,0.1191682768948974
1994-09-04,0.84,0.12207482023379734
1994-09-05,0.82,0.1191682768948974
1994-09-06,0.79,0.1148084618865475
1994-09-07,0.77,0.11190191854764757
1994-09-08,0.78,0.11335519021709754
1994-09-09,0.81,0.11771500522544745
1994-09-10,0.82,0.1191682768948974
1994-09-11,0.84,0.12207482023379734
1994-09-12,0.84,0.12207482023379734
1994-09-13,0.84,0.12207482023379734
1994-09-14,0.8,0.11626173355599748
1994-09-15,0.78,0.11335519021709754
1994-09-16,0.74,0.10754210353929766
1994-09-17,0.73,0.10608883186984769
1994-09-18,0.73,0.10608883186984769
1994-09-19,0.7,0.10172901686149778
1994-09-20,0.69,0.10027574519204781
1994-09-21,0.68,0.09882247352259786
1994-09-22,0.68,0.09882247352259786
1994-09-23,0.68,0.09882247352259786
1994-09-24,0.68,0.09882247352259786
1994-09-25,0.69,0.10027574519204781
1994-09-26,0.68,0.09882247352259786
1994-09-27,0.68,0.09882247352259786
1994-09-28,0.71,0.10318228853094775
1994-09-29,0.73,0.10608883186984769
1994-09-30,0.74,0.10754210353929766
1994-10-01,0.75,0.10899537520874764
1994-10-02,0.74,0.10754210353929766
1994-10-03,0.7,0.10172901686149778
1994-10-04,0.71,0.10318228853094775
1994-10-05,0.75,0.10899537520874764
1994-10-06,0.79,0.1148084618865475
1994-10-07,0.79,0.1148084618865475
1994-10-08,0.79,0.1148084618865475
1994-10-09,0.79,0.1148084618865475
1994-10-10,0.8,0.11626173355599748
1994-10-11,0.82,0.1191682768948974
1994-10-12,0.85,0.1235280919032473
1994-10-13,0.84,0.12207482023379734
1994-10-14,0.87,0.12643463524214724
1994-10-15,0.97,0.14096735193664692
1994-10-16,1.0,0.14532716694499684
1994-10-17,1.0,0.14532716694499684
1994-10-18,1.0,0.14532716694499684
1994-10-19,1.1,0.15985988363949655
1994-10-20,1.1,0.15985988363949655
1994-10-21,1.1,0.15985988363949655
1994-10-22,1.1,0.15985988363949655
1994-10-23,1.0,0.14532716694499684
1994-10-24,1.0,0.14532716694499684
1994-10-25,1.0,0.14532716694499684
1994-10-26,1.1,0.15985988363949655
1994-10-27,1.3,0.1889253170284959
1994-10-28,1.6,0.23252346711199495
1994-10-29,1.5,0.21799075041749527
1994-10-30,1.6,0.23252346711199495
1994-10-31,1.6,0.23252346711199495
1994-11-01,1.9,0.276121617195494
1994-11-02,2.2,0.3197197672789931
1994-11-03,2.3,0.3342524839734927
1994-11-04,2.9,0.4214487841404908
1994-11-05,5.5,0.7992994181974826
1994-11-06,3.5,0.5086450843074889
1994-11-07,2.5,0.3633179173624921
1994-11-08,2.0,0.2906543338899937
1994-11-09,10.0,1.4532716694499683
1994-11-10,4.6,0.6685049679469854
1994-11-11,2.7,0.3923833507514915
1994-11-12,2.1,0.30518705058449336
1994-11-13,1.7,0.2470561838064946
1994-11-14,1.6,0.23252346711199495
1994-11-15,3.4,0.4941123676129892
1994-11-16,3.8,0.552243234390988
1994-11-17,7.2,1.0463556020039773
1994-11-18,4.8,0.6975704013359848
1994-11-19,3.4,0.4941123676129892
1994-11-20,3.0,0.43598150083499054
1994-11-21,2.7,0.3923833507514915
1994-11-22,2.4,0.3487852006679924
1994-11-23,2.2,0.3197197672789931
1994-11-24,4.0,0.5813086677799874
1994-11-25,22.0,3.1971976727899305
1994-11-26,11.0,1.5985988363949653
1994-11-27,12.0,1.7439260033399622
1994-11-28,12.0,1.7439260033399622
1994-11-29,9.0,1.3079445025049716
1994-11-30,7.3,1.060888318698477
1994-12-01,6.7,0.9736920185314788
1994-12-02,6.1,0.8864957183644807
1994-12-03,8.0,1.1626173355599747
1994-12-04,9.2,1.3370099358939709
1994-12-05,8.0,1.1626173355599747
1994-12-06,7.8,1.1335519021709752
1994-12-07,7.0,1.0172901686149778
1994-12-08,6.3,0.9155611517534801
1994-12-09,5.8,0.8428975682809816
1994-12-10,5.4,0.784766701502983
1994-12-11,7.9,1.148084618865475
1994-12-12,15.0,2.1799075041749525
1994-12-13,15.0,2.1799075041749525
1994-12-14,21.0,3.0518705058449336
1994-12-15,21.0,3.0518705058449336
1994-12-16,41.0,5.958413844744871
1994-12-17,37.0,5.377105176964883
1994-12-18,33.0,4.795796509184895
1994-12-19,27.0,3.9238335075149147
1994-12-20,22.0,3.1971976727899305
1994-12-21,19.0,2.7612161719549397
1994-12-22,16.0,2.3252346711199494
1994-12-23,14.0,2.0345803372299556
1994-12-24,17.0,2.4705618380649463
1994-12-25,14.0,2.0345803372299556
1994-12-26,13.0,1.8892531702849589
1994-12-27,14.0,2.0345803372299556
1994-12-28,17.0,2.4705618380649463
1994-12-29,16.0,2.3252346711199494
1994-12-30,16.0,2.3252346711199494
1994-12-31,16.0,2.3252346711199494
1995-01-01,17.0,2.4705618380649463
1995-01-02,17.0,2.4705618380649463
1995-01-03,17.0,2.4705618380649463
1995-01-04,19.0,2.7612161719549397
1995-01-05,60.0,8.71963001669981
1995-01-06,71.0,10.318228853094775
1995-01-07,213.0,30.954686559284326
1995-01-08,361.0,52.46310726714386
1995-01-09,789.0,114.66313471960251
1995-01-10,402.0,58.42152111188873
1995-01-11,266.0,38.65702640736916
1995-01-12,309.0,44.90609458600402
1995-01-13,585.0,85.01639266282315
1995-01-14,591.0,85.88835566449313
1995-01-15,311.0,45.19674891989402
1995-01-16,214.0,31.100013726229324
1995-01-17,143.0,20.781784873134548
1995-01-18,101.0,14.678043861444682
1995-01-19,73.0,10.60888318698477
1995-01-20,61.0,8.864957183644806
1995-01-21,53.0,7.702339848084833
1995-01-22,54.0,7.847667015029829
1995-01-23,60.0,8.71963001669981
1995-01-24,76.0,11.044864687819759
1995-01-25,75.0,10.899537520874762
1995-01-26,105.0,15.259352529224667
1995-01-27,124.0,18.02056870117961
1995-01-28,147.0,21.363093540914534
1995-01-29,133.0,19.32851320368458
1995-01-30,228.0,33.13459406345928
1995-01-31,210.0,30.518705058449335
1995-02-01,199.0,28.920106222054372
1995-02-02,169.0,24.560291213704467
1995-02-03,123.0,17.87524153423461
1995-02-04,89.0,12.934117858104718
1995-02-05,67.0,9.736920185314789
1995-02-06,56.0,8.138321348919822
1995-02-07,48.0,6.975704013359849
1995-02-08,43.0,6.249068178634864
1995-02-09,37.0,5.377105176964883
1995-02-10,34.0,4.941123676129893
1995-02-11,31.0,4.505142175294902
1995-02-12,28.0,4.069160674459911
1995-02-13,31.0,4.505142175294902
1995-02-14,27.0,3.9238335075149147
1995-02-15,25.0,3.633179173624921
1995-02-16,23.0,3.3425248397349274
1995-02-17,23.0,3.3425248397349274
1995-02-18,23.0,3.3425248397349274
1995-02-19,21.0,3.0518705058449336
1995-02-20,20.0,2.9065433388999367
1995-02-21,19.0,2.7612161719549397
1995-02-22,18.0,2.6158890050099433
1995-02-23,17.0,2.4705618380649463
1995-02-24,16.0,2.3252346711199494
1995-02-25,15.0,2.1799075041749525
1995-02-26,15.0,2.1799075041749525
1995-02-27,14.0,2.0345803372299556
1995-02-28,13.0,1.8892531702849589
1995-03-01,13.0,1.8892531702849589
1995-03-02,16.0,2.3252346711199494
1995-03-03,26.0,3.7785063405699177
1995-03-04,25.0,3.633179173624921
1995-03-05,24.0,3.4878520066799243
1995-03-06,22.0,3.1971976727899305
1995-03-07,21.0,3.0518705058449336
1995-03-08,48.0,6.975704013359849
1995-03-09,388.0,56.386940774658775
1995-03-10,253.0,36.7677732370842
1995-03-11,239.0,34.733192899854245
1995-03-12,203.0,29.501414889834358
1995-03-13,218.0,31.68132239400931
1995-03-14,502.0,72.9542378063884
1995-03-15,319.0,46.35936625545399
1995-03-16,190.0,27.6121617195494
1995-03-17,120.0,17.43926003339962
1995-03-18,125.0,18.165895868124604
1995-03-19,106.0,15.404679696169666
1995-03-20,209.0,30.37337789150434
1995-03-21,203.0,29.501414889834358
1995-03-22,194.0,28.193470387329388
1995-03-23,168.0,24.41496404675947
1995-03-24,126.0,18.311223035069602
1995-03-25,98.0,14.24206236060969
1995-03-26,77.0,11.190191854764757
1995-03-27,67.0,9.736920185314789
1995-03-28,62.0,9.010284350589805
1995-03-29,59.0,8.574302849754813
1995-03-30,57.0,8.28364851586482
1995-03-31,54.0,7.847667015029829
1995-04-01,51.0,7.411685514194839
1995-04-02,47.0,6.830376846414851
1995-04-03,43.0,6.249068178634864
1995-04-04,40.0,5.813086677799873
1995-04-05,38.0,5.5224323439098795
1995-04-06,67.0,9.736920185314789
1995-04-07,160.0,23.252346711199493
1995-04-08,151.0,21.944402208694523
1995-04-09,119.0,17.293932866454625
1995-04-10,91.0,13.224772191994711
1995-04-11,70.0,10.172901686149778
1995-04-12,64.0,9.300938684479798
1995-04-13,71.0,10.318228853094775
1995-04-14,64.0,9.300938684479798
1995-04-15,60.0,8.71963001669981
1995-04-16,54.0,7.847667015029829
1995-04-17,48.0,6.975704013359849
1995-04-18,43.0,6.249068178634864
1995-04-19,39.0,5.667759510854877
1995-04-20,37.0,5.377105176964883
1995-04-21,33.0,4.795796509184895
1995-04-22,31.0,4.505142175294902
1995-04-23,28.0,4.069160674459911
1995-04-24,27.0,3.9238335075149147
1995-04-25,25.0,3.633179173624921
1995-04-26,23.0,3.3425248397349274
1995-04-27,25.0,3.633179173624921
1995-04-28,24.0,3.4878520066799243
1995-04-29,53.0,7.702339848084833
1995-04-30,48.0,6.975704013359849
1995-05-01,84.0,12.207482023379734
1995-05-02,77.0,11.190191854764757
1995-05-03,64.0,9.300938684479798
1995-05-04,54.0,7.847667015029829
1995-05-05,46.0,6.685049679469855
1995-05-06,40.0,5.813086677799873
1995-05-07,36.0,5.2317780100198865
1995-05-08,33.0,4.795796509184895
1995-05-09,30.0,4.359815008349905
1995-05-10,28.0,4.069160674459911
1995-05-11,26.0,3.7785063405699177
1995-05-12,27.0,3.9238335075149147
1995-05-13,27.0,3.9238335075149147
1995-05-14,25.0,3.633179173624921
1995-05-15,23.0,3.3425248397349274
1995-05-16,22.0,3.1971976727899305
1995-05-17,21.0,3.0518705058449336
1995-05-18,20.0,2.9065433388999367
1995-05-19,19.0,2.7612161719549397
1995-05-20,18.0,2.6158890050099433
1995-05-21,17.0,2.4705618380649463
1995-05-22,16.0,2.3252346711199494
1995-05-23,15.0,2.1799075041749525
1995-05-24,15.0,2.1799075041749525
1995-05-25,14.0,2.0345803372299556
1995-05-26,13.0,1.8892531702849589
1995-05-27,13.0,1.8892531702849589
1995-05-28,12.0,1.7439260033399622
1995-05-29,12.0,1.7439260033399622
1995-05-30,11.0,1.5985988363949653
1995-05-31,11.0,1.5985988363949653
1995-06-01,10.0,1.4532716694499683
1995-06-02,10.0,1.4532716694499683
1995-06-03,9.6,1.3951408026719696
1995-06-04,9.3,1.3515426525884706
1995-06-05,9.0,1.3079445025049716
1995-06-06,8.7,1.2643463524214724
1995-06-07,8.4,1.2207482023379734
1995-06-08,8.1,1.1771500522544744
1995-06-09,7.9,1.148084618865475
1995-06-10,7.6,1.104486468781976
1995-06-11,7.5,1.0899537520874762
1995-06-12,7.2,1.0463556020039773
1995-06-13,7.1,1.0318228853094775
1995-06-14,9.2,1.3370099358939709
1995-06-15,10.0,1.4532716694499683
1995-06-16,7.8,1.1335519021709752
1995-06-17,7.3,1.060888318698477
1995-06-18,7.2,1.0463556020039773
1995-06-19,6.9,1.0027574519204783
1995-06-20,6.6,0.9591593018369791
1995-06-21,6.3,0.9155611517534801
1995-06-22,6.1,0.8864957183644807
1995-06-23,5.9,0.8574302849754813
1995-06-24,5.7,0.828364851586482
1995-06-25,5.5,0.7992994181974826
1995-06-26,5.4,0.784766701502983
1995-06-27,5.2,0.7557012681139836
1995-06-28,5.1,0.7411685514194838
1995-06-29,5.0,0.7266358347249842
1995-06-30,4.9,0.7121031180304845
1995-07-01,4.8,0.6975704013359848
1995-07-02,4.7,0.6830376846414852
1995-07-03,4.6,0.6685049679469854
1995-07-04,4.5,0.6539722512524858
1995-07-05,4.3,0.6249068178634863
1995-07-06,4.2,0.6103741011689867
1995-07-07,4.2,0.6103741011689867
1995-07-08,4.1,0.595841384474487
1995-07-09,4.1,0.595841384474487
1995-07-10,4.0,0.5813086677799874
1995-07-11,4.0,0.5813086677799874
1995-07-12,4.0,0.5813086677799874
1995-07-13,4.0,0.5813086677799874
1995-07-14,3.8,0.552243234390988
1995-07-15,3.6,0.5231778010019886
1995-07-16,3.5,0.5086450843074889
1995-07-17,3.4,0.4941123676129892
1995-07-18,3.4,0.4941123676129892
1995-07-19,3.3,0.47957965091848953
1995-07-20,3.3,0.47957965091848953
1995-07-21,3.2,0.4650469342239899
1995-07-22,3.3,0.47957965091848953
1995-07-23,3.2,0.4650469342239899
1995-07-24,3.2,0.4650469342239899
1995-07-25,3.1,0.4505142175294902
1995-07-26,3.0,0.43598150083499054
1995-07-27,2.9,0.4214487841404908
1995-07-28,2.8,0.4069160674459911
1995-07-29,2.7,0.3923833507514915
1995-07-30,2.7,0.3923833507514915
1995-07-31,2.6,0.3778506340569918
1995-08-01,2.5,0.3633179173624921
1995-08-02,2.4,0.3487852006679924
1995-08-03,2.3,0.3342524839734927
1995-08-04,2.3,0.3342524839734927
1995-08-05,2.3,0.3342524839734927
1995-08-06,2.2,0.3197197672789931
1995-08-07,2.2,0.3197197672789931
1995-08-08,2.2,0.3197197672789931
1995-08-09,2.1,0.30518705058449336
1995-08-10,2.1,0.30518705058449336
1995-08-11,2.2,0.3197197672789931
1995-08-12,2.1,0.30518705058449336
1995-08-13,2.1,0.30518705058449336
1995-08-14,2.0,0.2906543338899937
1995-08-15,2.0,0.2906543338899937
1995-08-16,1.9,0.276121617195494
1995-08-17,2.0,0.2906543338899937
1995-08-18,2.0,0.2906543338899937
1995-08-19,1.9,0.276121617195494
1995-08-20,1.9,0.276121617195494
1995-08-21,1.8,0.2615889005009943
1995-08-22,1.7,0.2470561838064946
1995-08-23,1.7,0.2470561838064946
1995-08-24,1.7,0.2470561838064946
1995-08-25,1.7,0.2470561838064946
1995-08-26,1.7,0.2470561838064946
1995-08-27,1.7,0.2470561838064946
1995-08-28,1.7,0.2470561838064946
1995-08-29,1.7,0.2470561838064946
1995-08-30,1.7,0.2470561838064946
1995-08-31,1.6,0.23252346711199495
1995-09-01,1.6,0.23252346711199495
1995-09-02,1.6,0.23252346711199495
1995-09-03,1.6,0.23252346711199495
1995-09-04,1.5,0.21799075041749527
1995-09-05,1.5,0.21799075041749527
1995-09-06,1.4,0.20345803372299556
1995-09-07,1.4,0.20345803372299556
1995-09-08,1.3,0.1889253170284959
1995-09-09,1.2,0.1743926003339962
1995-09-10,1.2,0.1743926003339962
1995-09-11,1.2,0.1743926003339962
1995-09-12,1.2,0.1743926003339962
1995-09-13,1.1,0.15985988363949655
1995-09-14,1.1,0.15985988363949655
1995-09-15,1.1,0.15985988363949655
1995-09-16,1.2,0.1743926003339962
1995-09-17,1.1,0.15985988363949655
1995-09-18,1.1,0.15985988363949655
1995-09-19,1.0,0.14532716694499684
1995-09-20,0.99,0.14387389527554686
1995-09-21,0.97,0.14096735193664692
1995-09-22,0.96,0.13951408026719697
1995-09-23,0.96,0.13951408026719697
1995-09-24,0.98,0.1424206236060969
1995-09-25,0.99,0.14387389527554686
1995-09-26,0.98,0.1424206236060969
1995-09-27,1.0,0.14532716694499684
1995-09-28,1.0,0.14532716694499684
1995-09-29,1.0,0.14532716694499684
1995-09-30,0.99,0.14387389527554686
1995-10-01,0.92,0.1337009935893971
1995-10-02,0.9,0.13079445025049716
1995-10-03,0.88,0.1278879069115972
1995-10-04,0.86,0.12498136357269728
1995-10-05,0.84,0.12207482023379734
1995-10-06,0.82,0.1191682768948974
1995-10-07,0.84,0.12207482023379734
1995-10-08,0.83,0.12062154856434737
1995-10-09,0.84,0.12207482023379734
1995-10-10,0.85,0.1235280919032473
1995-10-11,0.86,0.12498136357269728
1995-10-12,0.88,0.1278879069115972
1995-10-13,0.88,0.1278879069115972
1995-10-14,0.83,0.12062154856434737
1995-10-15,0.79,0.1148084618865475
1995-10-16,0.82,0.1191682768948974
1995-10-17,0.8,0.11626173355599748
1995-10-18,0.81,0.11771500522544745
1995-10-19,0.81,0.11771500522544745
1995-10-20,0.79,0.1148084618865475
1995-10-21,0.8,0.11626173355599748
1995-10-22,0.8,0.11626173355599748
1995-10-23,0.8,0.11626173355599748
1995-10-24,0.8,0.11626173355599748
1995-10-25,0.82,0.1191682768948974
1995-10-26,0.83,0.12062154856434737
1995-10-27,0.83,0.12062154856434737
1995-10-28,0.81,0.11771500522544745
1995-10-29,0.8,0.11626173355599748
1995-10-30,0.81,0.11771500522544745
1995-10-31,0.84,0.12207482023379734
1995-11-01,0.88,0.1278879069115972
1995-11-02,0.84,0.12207482023379734
1995-11-03,0.83,0.12062154856434737
1995-11-04,0.83,0.12062154856434737
1995-11-05,0.83,0.12062154856434737
1995-11-06,0.83,0.12062154856434737
1995-11-07,0.85,0.1235280919032473
1995-11-08,0.86,0.12498136357269728
1995-11-09,0.97,0.14096735193664692
1995-11-10,0.97,0.14096735193664692
1995-11-11,0.99,0.14387389527554686
1995-11-12,0.97,0.14096735193664692
1995-11-13,0.96,0.13951408026719697
1995-11-14,0.94,0.13660753692829702
1995-11-15,0.98,0.1424206236060969
1995-11-16,1.0,0.14532716694499684
1995-11-17,1.1,0.15985988363949655
1995-11-18,1.2,0.1743926003339962
1995-11-19,1.1,0.15985988363949655
1995-11-20,1.0,0.14532716694499684
1995-11-21,1.1,0.15985988363949655
1995-11-22,1.1,0.15985988363949655
1995-11-23,1.1,0.15985988363949655
1995-11-24,0.99,0.14387389527554686
1995-11-25,1.2,0.1743926003339962
1995-11-26,1.2,0.1743926003339962
1995-11-27,1.1,0.15985988363949655
1995-11-28,1.0,0.14532716694499684
1995-11-29,0.95,0.138060808597747
1995-11-30,1.1,0.15985988363949655
1995-12-01,2.3,0.3342524839734927
1995-12-02,1.8,0.2615889005009943
1995-12-03,2.2,0.3197197672789931
1995-12-04,5.3,0.7702339848084833
1995-12-05,5.6,0.8138321348919823
1995-12-06,5.1,0.7411685514194838
1995-12-07,3.4,0.4941123676129892
1995-12-08,2.5,0.3633179173624921
1995-12-09,2.0,0.2906543338899937
1995-12-10,3.8,0.552243234390988
1995-12-11,27.0,3.9238335075149147
1995-12-12,248.0,36.04113740235922
1995-12-13,96.0,13.951408026719697
1995-12-14,90.0,13.079445025049715
1995-12-15,282.0,40.98226107848911
1995-12-16,144.0,20.927112040079546
1995-12-17,67.0,9.736920185314789
1995-12-18,41.0,5.958413844744871
1995-12-19,32.0,4.650469342239899
1995-12-20,27.0,3.9238335075149147
1995-12-21,22.0,3.1971976727899305
1995-12-22,21.0,3.0518705058449336
1995-12-23,18.0,2.6158890050099433
1995-12-24,15.0,2.1799075041749525
1995-12-25,14.0,2.0345803372299556
1995-12-26,12.0,1.7439260033399622
1995-12-27,12.0,1.7439260033399622
1995-12-28,13.0,1.8892531702849589
1995-12-29,118.0,17.148605699509627
1995-12-30,239.0,34.733192899854245
1995-12-31,160.0,23.252346711199493
1996-01-01,99.0,14.387389527554687
1996-01-02,58.0,8.428975682809817
1996-01-03,40.0,5.813086677799873
1996-01-04,34.0,4.941123676129893
1996-01-05,29.0,4.2144878414049085
1996-01-06,26.0,3.7785063405699177
1996-01-07,22.0,3.1971976727899305
1996-01-08,20.0,2.9065433388999367
1996-01-09,20.0,2.9065433388999367
1996-01-10,17.0,2.4705618380649463
1996-01-11,15.0,2.1799075041749525
1996-01-12,13.0,1.8892531702849589
1996-01-13,12.0,1.7439260033399622
1996-01-14,12.0,1.7439260033399622
1996-01-15,69.0,10.027574519204782
1996-01-16,269.0,39.09300790820415
1996-01-17,238.0,34.58786573290925
1996-01-18,217.0,31.535995227064316
1996-01-19,241.0,35.023847233744235
1996-01-20,233.0,33.86122989818426
1996-01-21,247.0,35.89581023541422
1996-01-22,187.0,27.176180218714407
1996-01-23,165.0,23.978982545924477
1996-01-24,361.0,52.46310726714386
1996-01-25,311.0,45.19674891989402
1996-01-26,218.0,31.68132239400931
1996-01-27,310.0,45.05142175294902
1996-01-28,267.0,38.802353574314154
1996-01-29,197.0,28.62945188816438
1996-01-30,147.0,21.363093540914534
1996-01-31,115.0,16.712624198674636
1996-02-01,87.0,12.643463524214726
1996-02-02,68.0,9.882247352259785
1996-02-03,57.0,8.28364851586482
1996-02-04,92.0,13.37009935893971
1996-02-05,134.0,19.473840370629578
1996-02-06,118.0,17.148605699509627
1996-02-07,91.0,13.224772191994711
1996-02-08,70.0,10.172901686149778
1996-02-09,56.0,8.138321348919822
1996-02-10,47.0,6.830376846414851
1996-02-11,40.0,5.813086677799873
1996-02-12,36.0,5.2317780100198865
1996-02-13,33.0,4.795796509184895
1996-02-14,30.0,4.359815008349905
1996-02-15,29.0,4.2144878414049085
1996-02-16,29.0,4.2144878414049085
1996-02-17,68.0,9.882247352259785
1996-02-18,169.0,24.560291213704467
1996-02-19,243.0,35.31450156763423
1996-02-20,262.0,38.07571773958917
1996-02-21,245.0,35.60515590152423
1996-02-22,201.0,29.210760555944365
1996-02-23,158.0,22.9616923773095
1996-02-24,154.0,22.380383709529514
1996-02-25,127.0,18.456550202014597
1996-02-26,91.0,13.224772191994711
1996-02-27,67.0,9.736920185314789
1996-02-28,75.0,10.899537520874762
1996-02-29,126.0,18.311223035069602
1996-03-01,129.0,18.747204535904594
1996-03-02,108.0,15.695334030059659
1996-03-03,95.0,13.8060808597747
1996-03-04,143.0,20.781784873134548
1996-03-05,212.0,30.80935939233933
1996-03-06,168.0,24.41496404675947
1996-03-07,128.0,18.601877368959595
1996-03-08,94.0,13.660753692829703
1996-03-09,71.0,10.318228853094775
1996-03-10,75.0,10.899537520874762
1996-03-11,132.0,19.18318603673958
1996-03-12,129.0,18.747204535904594
1996-03-13,104.0,15.114025362279671
1996-03-14,78.0,11.335519021709754
1996-03-15,60.0,8.71963001669981
1996-03-16,49.0,7.121031180304845
1996-03-17,42.0,6.103741011689867
1996-03-18,37.0,5.377105176964883
1996-03-19,34.0,4.941123676129893
1996-03-20,31.0,4.505142175294902
1996-03-21,29.0,4.2144878414049085
1996-03-22,27.0,3.9238335075149147
1996-03-23,25.0,3.633179173624921
1996-03-24,23.0,3.3425248397349274
1996-03-25,21.0,3.0518705058449336
1996-03-26,18.0,2.6158890050099433
1996-03-27,22.0,3.1971976727899305
1996-03-28,23.0,3.3425248397349274
1996-03-29,18.0,2.6158890050099433
1996-03-30,17.0,2.4705618380649463
1996-03-31,17.0,2.4705618380649463
1996-04-01,43.0,6.249068178634864
1996-04-02,38.0,5.5224323439098795
1996-04-03,33.0,4.795796509184895
1996-04-04,30.0,4.359815008349905
1996-04-05,28.0,4.069160674459911
1996-04-06,25.0,3.633179173624921
1996-04-07,23.0,3.3425248397349274
1996-04-08,21.0,3.0518705058449336
1996-04-09,19.0,2.7612161719549397
1996-04-10,16.0,2.3252346711199494
1996-04-11,15.0,2.1799075041749525
1996-04-12,15.0,2.1799075041749525
1996-04-13,13.0,1.8892531702849589
1996-04-14,12.0,1.7439260033399622
1996-04-15,13.0,1.8892531702849589
1996-04-16,21.0,3.0518705058449336
1996-04-17,20.0,2.9065433388999367
1996-04-18,27.0,3.9238335075149147
1996-04-19,46.0,6.685049679469855
1996-04-20,53.0,7.702339848084833
1996-04-21,49.0,7.121031180304845
1996-04-22,43.0,6.249068178634864
1996-04-23,40.0,5.813086677799873
1996-04-24,127.0,18.456550202014597
1996-04-25,104.0,15.114025362279671
1996-04-26,76.0,11.044864687819759
1996-04-27,57.0,8.28364851586482
1996-04-28,45.0,6.5397225125248575
1996-04-29,38.0,5.5224323439098795
1996-04-30,34.0,4.941123676129893
1996-05-01,30.0,4.359815008349905
1996-05-02,27.0,3.9238335075149147
1996-05-03,24.0,3.4878520066799243
1996-05-04,21.0,3.0518705058449336
1996-05-05,19.0,2.7612161719549397
1996-05-06,17.0,2.4705618380649463
1996-05-07,16.0,2.3252346711199494
1996-05-08,14.0,2.0345803372299556
1996-05-09,13.0,1.8892531702849589
1996-05-10,12.0,1.7439260033399622
1996-05-11,11.0,1.5985988363949653
1996-05-12,11.0,1.5985988363949653
1996-05-13,10.0,1.4532716694499683
1996-05-14,11.0,1.5985988363949653
1996-05-15,11.0,1.5985988363949653
1996-05-16,11.0,1.5985988363949653
1996-05-17,31.0,4.505142175294902
1996-05-18,53.0,7.702339848084833
1996-05-19,46.0,6.685049679469855
1996-05-20,37.0,5.377105176964883
1996-05-21,106.0,15.404679696169666
1996-05-22,129.0,18.747204535904594
1996-05-23,91.0,13.224772191994711
1996-05-24,64.0,9.300938684479798
1996-05-25,49.0,7.121031180304845
1996-05-26,40.0,5.813086677799873
1996-05-27,34.0,4.941123676129893
1996-05-28,29.0,4.2144878414049085
1996-05-29,26.0,3.7785063405699177
1996-05-30,23.0,3.3425248397349274
1996-05-31,20.0,2.9065433388999367
1996-06-01,18.0,2.6158890050099433
1996-06-02,17.0,2.4705618380649463
1996-06-03,15.0,2.1799075041749525
1996-06-04,14.0,2.0345803372299556
1996-06-05,13.0,1.8892531702849589
1996-06-06,12.0,1.7439260033399622
1996-06-07,11.0,1.5985988363949653
1996-06-08,10.0,1.4532716694499683
1996-06-09,9.9,1.4387389527554688
1996-06-10,9.5,1.3806080859774699
1996-06-11,8.9,1.293411785810472
1996-06-12,8.5,1.2352809190324732
1996-06-13,8.0,1.1626173355599747
1996-06-14,7.6,1.104486468781976
1996-06-15,7.3,1.060888318698477
1996-06-16,7.1,1.0318228853094775
1996-06-17,6.8,0.9882247352259784
1996-06-18,6.4,0.9300938684479798
1996-06-19,6.2,0.9010284350589804
1996-06-20,6.0,0.8719630016699811
1996-06-21,5.8,0.8428975682809816
1996-06-22,5.6,0.8138321348919823
1996-06-23,5.4,0.784766701502983
1996-06-24,5.4,0.784766701502983
1996-06-25,5.2,0.7557012681139836
1996-06-26,5.0,0.7266358347249842
1996-06-27,4.9,0.7121031180304845
1996-06-28,4.8,0.6975704013359848
1996-06-29,4.6,0.6685049679469854
1996-06-30,4.4,0.6394395345579862
1996-07-01,4.2,0.6103741011689867
1996-07-02,4.0,0.5813086677799874
1996-07-03,3.9,0.5667759510854876
1996-07-04,3.8,0.552243234390988
1996-07-05,3.7,0.5377105176964884
1996-07-06,3.5,0.5086450843074889
1996-07-07,3.4,0.4941123676129892
1996-07-08,3.3,0.47957965091848953
1996-07-09,3.2,0.4650469342239899
1996-07-10,3.1,0.4505142175294902
1996-07-11,3.0,0.43598150083499054
1996-07-12,2.9,0.4214487841404908
1996-07-13,2.8,0.4069160674459911
1996-07-14,2.7,0.3923833507514915
1996-07-15,2.6,0.3778506340569918
1996-07-16,2.6,0.3778506340569918
1996-07-17,2.6,0.3778506340569918
1996-07-18,2.5,0.3633179173624921
1996-07-19,2.5,0.3633179173624921
1996-07-20,2.4,0.3487852006679924
1996-07-21,2.3,0.3342524839734927
1996-07-22,2.2,0.3197197672789931
1996-07-23,2.1,0.30518705058449336
1996-07-24,2.1,0.30518705058449336
1996-07-25,2.0,0.2906543338899937
1996-07-26,2.0,0.2906543338899937
1996-07-27,1.9,0.276121617195494
1996-07-28,1.8,0.2615889005009943
1996-07-29,1.8,0.2615889005009943
1996-07-30,1.8,0.2615889005009943
1996-07-31,1.7,0.2470561838064946
1996-08-01,1.7,0.2470561838064946
1996-08-02,1.7,0.2470561838064946
1996-08-03,1.7,0.2470561838064946
1996-08-04,1.6,0.23252346711199495
1996-08-05,1.6,0.23252346711199495
1996-08-06,1.6,0.23252346711199495
1996-08-07,1.6,0.23252346711199495
1996-08-08,1.5,0.21799075041749527
1996-08-09,1.5,0.21799075041749527
1996-08-10,1.4,0.20345803372299556
1996-08-11,1.3,0.1889253170284959
1996-08-12,1.3,0.1889253170284959
1996-08-13,1.3,0.1889253170284959
1996-08-14,1.3,0.1889253170284959
1996-08-15,1.2,0.1743926003339962
1996-08-16,1.2,0.1743926003339962
1996-08-17,1.2,0.1743926003339962
1996-08-18,1.2,0.1743926003339962
1996-08-19,1.2,0.1743926003339962
1996-08-20,1.2,0.1743926003339962
1996-08-21,1.2,0.1743926003339962
1996-08-22,1.2,0.1743926003339962
1996-08-23,1.1,0.15985988363949655
1996-08-24,1.1,0.15985988363949655
1996-08-25,1.1,0.15985988363949655
1996-08-26,1.1,0.15985988363949655
1996-08-27,1.1,0.15985988363949655
1996-08-28,1.1,0.15985988363949655
1996-08-29,1.1,0.15985988363949655
1996-08-30,2.5,0.3633179173624921
1996-08-31,1.0,0.14532716694499684
1996-09-01,1.0,0.14532716694499684
1996-09-02,0.99,0.14387389527554686
1996-09-03,0.97,0.14096735193664692
1996-09-04,0.97,0.14096735193664692
1996-09-05,0.97,0.14096735193664692
1996-09-06,0.97,0.14096735193664692
1996-09-07,0.96,0.13951408026719697
1996-09-08,0.94,0.13660753692829702
1996-09-09,0.92,0.1337009935893971
1996-09-10,0.9,0.13079445025049716
1996-09-11,0.9,0.13079445025049716
1996-09-12,0.94,0.13660753692829702
1996-09-13,1.0,0.14532716694499684
1996-09-14,0.99,0.14387389527554686
1996-09-15,2.0,0.2906543338899937
1996-09-16,1.4,0.20345803372299556
1996-09-17,1.2,0.1743926003339962
1996-09-18,1.1,0.15985988363949655
1996-09-19,1.0,0.14532716694499684
1996-09-20,1.0,0.14532716694499684
1996-09-21,0.98,0.1424206236060969
1996-09-22,0.96,0.13951408026719697
1996-09-23,0.95,0.138060808597747
1996-09-24,0.92,0.1337009935893971
1996-09-25,0.91,0.13224772191994713
1996-09-26,0.88,0.1278879069115972
1996-09-27,0.86,0.12498136357269728
1996-09-28,0.85,0.1235280919032473
1996-09-29,0.84,0.12207482023379734
1996-09-30,0.82,0.1191682768948974
1996-10-01,0.82,0.1191682768948974
1996-10-02,0.83,0.12062154856434737
1996-10-03,0.81,0.11771500522544745
1996-10-04,0.8,0.11626173355599748
1996-10-05,0.8,0.11626173355599748
1996-10-06,0.79,0.1148084618865475
1996-10-07,0.78,0.11335519021709754
1996-10-08,0.75,0.10899537520874764
1996-10-09,0.72,0.10463556020039771
1996-10-10,0.68,0.09882247352259786
1996-10-11,0.71,0.10318228853094775
1996-10-12,0.72,0.10463556020039771
1996-10-13,0.81,0.11771500522544745
1996-10-14,0.81,0.11771500522544745
1996-10-15,0.8,0.11626173355599748
1996-10-16,0.79,0.1148084618865475
1996-10-17,0.78,0.11335519021709754
1996-10-18,1.6,0.23252346711199495
1996-10-19,1.2,0.1743926003339962
1996-10-20,1.0,0.14532716694499684
1996-10-21,0.94,0.13660753692829702
1996-10-22,0.9,0.13079445025049716
1996-10-23,0.94,0.13660753692829702
1996-10-24,1.3,0.1889253170284959
1996-10-25,1.4,0.20345803372299556
1996-10-26,1.3,0.1889253170284959
1996-10-27,1.1,0.15985988363949655
1996-10-28,1.0,0.14532716694499684
1996-10-29,1.5,0.21799075041749527
1996-10-30,1.4,0.20345803372299556
1996-10-31,1.2,0.1743926003339962
1996-11-01,1.1,0.15985988363949655
1996-11-02,1.1,0.15985988363949655
1996-11-03,1.1,0.15985988363949655
1996-11-04,1.1,0.15985988363949655
1996-11-05,1.1,0.15985988363949655
1996-11-06,1.1,0.15985988363949655
1996-11-07,1.1,0.15985988363949655
1996-11-08,1.1,0.15985988363949655
1996-11-09,1.1,0.15985988363949655
1996-11-10,1.0,0.14532716694499684
1996-11-11,1.0,0.14532716694499684
1996-11-12,1.0,0.14532716694499684
1996-11-13,1.1,0.15985988363949655
1996-11-14,1.1,0.15985988363949655
1996-11-15,1.1,0.15985988363949655
1996-11-16,1.1,0.15985988363949655
1996-11-17,3.3,0.47957965091848953
1996-11-18,26.0,3.7785063405699177
1996-11-19,104.0,15.114025362279671
1996-11-20,45.0,6.5397225125248575
1996-11-21,27.0,3.9238335075149147
1996-11-22,29.0,4.2144878414049085
1996-11-23,22.0,3.1971976727899305
1996-11-24,15.0,2.1799075041749525
1996-11-25,11.0,1.5985988363949653
1996-11-26,8.9,1.293411785810472
1996-11-27,7.3,1.060888318698477
1996-11-28,6.7,0.9736920185314788
1996-11-29,5.7,0.828364851586482
1996-11-30,6.3,0.9155611517534801
1996-12-01,23.0,3.3425248397349274
1996-12-02,15.0,2.1799075041749525
1996-12-03,13.0,1.8892531702849589
1996-12-04,130.0,18.89253170284959
1996-12-05,249.0,36.18646456930421
1996-12-06,112.0,16.276642697839645
1996-12-07,112.0,16.276642697839645
1996-12-08,198.0,28.774779055109374
1996-12-09,355.0,51.59114426547388
1996-12-10,354.0,51.44581709852888
1996-12-11,208.0,30.228050724559342
1996-12-12,147.0,21.363093540914534
1996-12-13,133.0,19.32851320368458
1996-12-14,101.0,14.678043861444682
1996-12-15,71.0,10.318228853094775
1996-12-16,51.0,7.411685514194839
1996-12-17,40.0,5.813086677799873
1996-12-18,34.0,4.941123676129893
1996-12-19,30.0,4.359815008349905
1996-12-20,30.0,4.359815008349905
1996-12-21,37.0,5.377105176964883
1996-12-22,52.0,7.5570126811398355
1996-12-23,73.0,10.60888318698477
1996-12-24,62.0,9.010284350589805
1996-12-25,50.0,7.266358347249842
1996-12-26,118.0,17.148605699509627
1996-12-27,237.0,34.44253856596425
1996-12-28,279.0,40.54627957765412
1996-12-29,525.0,76.29676264612334
1996-12-30,700.0,101.72901686149778
1996-12-31,1400.0,203.45803372299557
1997-01-01,1620.0,235.43001045089488
1997-01-02,900.0,130.79445025049716
1997-01-03,360.0,52.31778010019886
1997-01-04,197.0,28.62945188816438
1997-01-05,121.0,17.584587200344618
1997-01-06,82.0,11.916827689489741
1997-01-07,65.0,9.446265851424794
1997-01-08,54.0,7.847667015029829
1997-01-09,45.0,6.5397225125248575
1997-01-10,38.0,5.5224323439098795
1997-01-11,34.0,4.941123676129893
1997-01-12,30.0,4.359815008349905
1997-01-13,27.0,3.9238335075149147
1997-01-14,24.0,3.4878520066799243
1997-01-15,25.0,3.633179173624921
1997-01-16,22.0,3.1971976727899305
1997-01-17,20.0,2.9065433388999367
1997-01-18,19.0,2.7612161719549397
1997-01-19,18.0,2.6158890050099433
1997-01-20,20.0,2.9065433388999367
1997-01-21,32.0,4.650469342239899
1997-01-22,60.0,8.71963001669981
1997-01-23,65.0,9.446265851424794
1997-01-24,58.0,8.428975682809817
1997-01-25,203.0,29.501414889834358
1997-01-26,412.0,59.8747927813387
1997-01-27,224.0,32.55328539567929
1997-01-28,214.0,31.100013726229324
1997-01-29,175.0,25.432254215374446
1997-01-30,113.0,16.421969864784643
1997-01-31,82.0,11.916827689489741
1997-02-01,66.0,9.59159301836979
1997-02-02,56.0,8.138321348919822
1997-02-03,48.0,6.975704013359849
1997-02-04,47.0,6.830376846414851
1997-02-05,43.0,6.249068178634864
1997-02-06,39.0,5.667759510854877
1997-02-07,37.0,5.377105176964883
1997-02-08,33.0,4.795796509184895
1997-02-09,32.0,4.650469342239899
1997-02-10,32.0,4.650469342239899
1997-02-11,30.0,4.359815008349905
1997-02-12,28.0,4.069160674459911
1997-02-13,26.0,3.7785063405699177
1997-02-14,24.0,3.4878520066799243
1997-02-15,22.0,3.1971976727899305
1997-02-16,22.0,3.1971976727899305
1997-02-17,32.0,4.650469342239899
1997-02-18,27.0,3.9238335075149147
1997-02-19,29.0,4.2144878414049085
1997-02-20,27.0,3.9238335075149147
1997-02-21,26.0,3.7785063405699177
1997-02-22,25.0,3.633179173624921
1997-02-23,23.0,3.3425248397349274
1997-02-24,22.0,3.1971976727899305
1997-02-25,20.0,2.9065433388999367
1997-02-26,19.0,2.7612161719549397
1997-02-27,18.0,2.6158890050099433
1997-02-28,17.0,2.4705618380649463
1997-03-01,17.0,2.4705618380649463
1997-03-02,35.0,5.086450843074889
1997-03-03,28.0,4.069160674459911
1997-03-04,26.0,3.7785063405699177
1997-03-05,25.0,3.633179173624921
1997-03-06,24.0,3.4878520066799243
1997-03-07,22.0,3.1971976727899305
1997-03-08,21.0,3.0518705058449336
1997-03-09,19.0,2.7612161719549397
1997-03-10,18.0,2.6158890050099433
1997-03-11,17.0,2.4705618380649463
1997-03-12,16.0,2.3252346711199494
1997-03-13,15.0,2.1799075041749525
1997-03-14,15.0,2.1799075041749525
1997-03-15,14.0,2.0345803372299556
1997-03-16,31.0,4.505142175294902
1997-03-17,36.0,5.2317780100198865
1997-03-18,31.0,4.505142175294902
1997-03-19,27.0,3.9238335075149147
1997-03-20,25.0,3.633179173624921
1997-03-21,22.0,3.1971976727899305
1997-03-22,20.0,2.9065433388999367
1997-03-23,17.0,2.4705618380649463
1997-03-24,18.0,2.6158890050099433
1997-03-25,17.0,2.4705618380649463
1997-03-26,16.0,2.3252346711199494
1997-03-27,15.0,2.1799075041749525
1997-03-28,14.0,2.0345803372299556
1997-03-29,14.0,2.0345803372299556
1997-03-30,13.0,1.8892531702849589
1997-03-31,13.0,1.8892531702849589
1997-04-01,12.0,1.7439260033399622
1997-04-02,11.0,1.5985988363949653
1997-04-03,11.0,1.5985988363949653
1997-04-04,11.0,1.5985988363949653
1997-04-05,10.0,1.4532716694499683
1997-04-06,10.0,1.4532716694499683
1997-04-07,9.7,1.4096735193664691
1997-04-08,9.4,1.3660753692829704
1997-04-09,9.1,1.3224772191994711
1997-04-10,8.9,1.293411785810472
1997-04-11,8.6,1.2498136357269727
1997-04-12,8.5,1.2352809190324732
1997-04-13,8.3,1.206215485643474
1997-04-14,8.0,1.1626173355599747
1997-04-15,7.7,1.1190191854764757
1997-04-16,7.5,1.0899537520874762
1997-04-17,7.4,1.0754210353929767
1997-04-18,13.0,1.8892531702849589
1997-04-19,18.0,2.6158890050099433
1997-04-20,23.0,3.3425248397349274
1997-04-21,25.0,3.633179173624921
1997-04-22,30.0,4.359815008349905
1997-04-23,40.0,5.813086677799873
1997-04-24,35.0,5.086450843074889
1997-04-25,29.0,4.2144878414049085
1997-04-26,25.0,3.633179173624921
1997-04-27,22.0,3.1971976727899305
1997-04-28,20.0,2.9065433388999367
1997-04-29,18.0,2.6158890050099433
1997-04-30,17.0,2.4705618380649463
1997-05-01,16.0,2.3252346711199494
1997-05-02,15.0,2.1799075041749525
1997-05-03,14.0,2.0345803372299556
1997-05-04,13.0,1.8892531702849589
1997-05-05,12.0,1.7439260033399622
1997-05-06,12.0,1.7439260033399622
1997-05-07,11.0,1.5985988363949653
1997-05-08,11.0,1.5985988363949653
1997-05-09,10.0,1.4532716694499683
1997-05-10,10.0,1.4532716694499683
1997-05-11,9.7,1.4096735193664691
1997-05-12,9.3,1.3515426525884706
1997-05-13,9.0,1.3079445025049716
1997-05-14,8.7,1.2643463524214724
1997-05-15,8.5,1.2352809190324732
1997-05-16,8.2,1.191682768948974
1997-05-17,7.8,1.1335519021709752
1997-05-18,7.6,1.104486468781976
1997-05-19,7.3,1.060888318698477
1997-05-20,7.1,1.0318228853094775
1997-05-21,6.9,1.0027574519204783
1997-05-22,6.7,0.9736920185314788
1997-05-23,8.1,1.1771500522544744
1997-05-24,6.9,1.0027574519204783
1997-05-25,6.6,0.9591593018369791
1997-05-26,6.9,1.0027574519204783
1997-05-27,6.9,1.0027574519204783
1997-05-28,6.4,0.9300938684479798
1997-05-29,6.1,0.8864957183644807
1997-05-30,5.8,0.8428975682809816
1997-05-31,5.9,0.8574302849754813
1997-06-01,5.8,0.8428975682809816
1997-06-02,5.6,0.8138321348919823
1997-06-03,9.0,1.3079445025049716
1997-06-04,8.9,1.293411785810472
1997-06-05,6.8,0.9882247352259784
1997-06-06,6.2,0.9010284350589804
1997-06-07,5.8,0.8428975682809816
1997-06-08,5.5,0.7992994181974826
1997-06-09,5.3,0.7702339848084833
1997-06-10,5.2,0.7557012681139836
1997-06-11,5.0,0.7266358347249842
1997-06-12,4.9,0.7121031180304845
1997-06-13,4.8,0.6975704013359848
1997-06-14,4.7,0.6830376846414852
1997-06-15,4.5,0.6539722512524858
1997-06-16,4.4,0.6394395345579862
1997-06-17,4.3,0.6249068178634863
1997-06-18,4.2,0.6103741011689867
1997-06-19,4.1,0.595841384474487
1997-06-20,4.0,0.5813086677799874
1997-06-21,3.9,0.5667759510854876
1997-06-22,3.9,0.5667759510854876
1997-06-23,3.8,0.552243234390988
1997-06-24,3.7,0.5377105176964884
1997-06-25,3.6,0.5231778010019886
1997-06-26,3.5,0.5086450843074889
1997-06-27,3.5,0.5086450843074889
1997-06-28,3.5,0.5086450843074889
1997-06-29,3.5,0.5086450843074889
1997-06-30,3.8,0.552243234390988
1997-07-01,3.5,0.5086450843074889
1997-07-02,3.3,0.47957965091848953
1997-07-03,3.3,0.47957965091848953
1997-07-04,3.2,0.4650469342239899
1997-07-05,3.0,0.43598150083499054
1997-07-06,3.0,0.43598150083499054
1997-07-07,2.9,0.4214487841404908
1997-07-08,2.8,0.4069160674459911
1997-07-09,2.8,0.4069160674459911
1997-07-10,2.7,0.3923833507514915
1997-07-11,2.6,0.3778506340569918
1997-07-12,2.6,0.3778506340569918
1997-07-13,2.5,0.3633179173624921
1997-07-14,2.4,0.3487852006679924
1997-07-15,2.4,0.3487852006679924
1997-07-16,2.3,0.3342524839734927
1997-07-17,2.2,0.3197197672789931
1997-07-18,2.2,0.3197197672789931
1997-07-19,2.2,0.3197197672789931
1997-07-20,2.1,0.30518705058449336
1997-07-21,2.0,0.2906543338899937
1997-07-22,2.0,0.2906543338899937
1997-07-23,1.9,0.276121617195494
1997-07-24,1.9,0.276121617195494
1997-07-25,1.8,0.2615889005009943
1997-07-26,1.8,0.2615889005009943
1997-07-27,1.7,0.2470561838064946
1997-07-28,1.7,0.2470561838064946
1997-07-29,1.7,0.2470561838064946
1997-07-30,1.6,0.23252346711199495
1997-07-31,1.6,0.23252346711199495
1997-08-01,1.6,0.23252346711199495
1997-08-02,1.6,0.23252346711199495
1997-08-03,1.5,0.21799075041749527
1997-08-04,1.5,0.21799075041749527
1997-08-05,1.4,0.20345803372299556
1997-08-06,1.4,0.20345803372299556
1997-08-07,1.3,0.1889253170284959
1997-08-08,1.3,0.1889253170284959
1997-08-09,1.3,0.1889253170284959
1997-08-10,1.4,0.20345803372299556
1997-08-11,1.5,0.21799075041749527
1997-08-12,1.4,0.20345803372299556
1997-08-13,1.3,0.1889253170284959
1997-08-14,1.2,0.1743926003339962
1997-08-15,1.2,0.1743926003339962
1997-08-16,1.1,0.15985988363949655
1997-08-17,1.2,0.1743926003339962
1997-08-18,1.2,0.1743926003339962
1997-08-19,1.2,0.1743926003339962
1997-08-20,1.7,0.2470561838064946
1997-08-21,1.5,0.21799075041749527
1997-08-22,1.4,0.20345803372299556
1997-08-23,1.3,0.1889253170284959
1997-08-24,1.4,0.20345803372299556
1997-08-25,1.3,0.1889253170284959
1997-08-26,1.4,0.20345803372299556
1997-08-27,1.4,0.20345803372299556
1997-08-28,1.4,0.20345803372299556
1997-08-29,1.3,0.1889253170284959
1997-08-30,1.3,0.1889253170284959
1997-08-31,1.2,0.1743926003339962
1997-09-01,1.2,0.1743926003339962
1997-09-02,1.2,0.1743926003339962
1997-09-03,1.1,0.15985988363949655
1997-09-04,1.1,0.15985988363949655
1997-09-05,1.0,0.14532716694499684
1997-09-06,1.0,0.14532716694499684
1997-09-07,1.0,0.14532716694499684
1997-09-08,0.95,0.138060808597747
1997-09-09,0.95,0.138060808597747
1997-09-10,0.96,0.13951408026719697
1997-09-11,0.97,0.14096735193664692
1997-09-12,0.98,0.1424206236060969
1997-09-13,0.97,0.14096735193664692
1997-09-14,1.7,0.2470561838064946
1997-09-15,1.6,0.23252346711199495
1997-09-16,1.5,0.21799075041749527
1997-09-17,1.5,0.21799075041749527
1997-09-18,1.4,0.20345803372299556
1997-09-19,1.3,0.1889253170284959
1997-09-20,1.2,0.1743926003339962
1997-09-21,1.2,0.1743926003339962
1997-09-22,1.1,0.15985988363949655
1997-09-23,1.1,0.15985988363949655
1997-09-24,1.0,0.14532716694499684
1997-09-25,1.0,0.14532716694499684
1997-09-26,0.98,0.1424206236060969
1997-09-27,0.98,0.1424206236060969
1997-09-28,0.96,0.13951408026719697
1997-09-29,0.93,0.13515426525884708
1997-09-30,0.93,0.13515426525884708
1997-10-01,1.4,0.20345803372299556
1997-10-02,1.9,0.276121617195494
1997-10-03,1.6,0.23252346711199495
1997-10-04,1.5,0.21799075041749527
1997-10-05,1.4,0.20345803372299556
1997-10-06,1.3,0.1889253170284959
1997-10-07,1.3,0.1889253170284959
1997-10-08,9.3,1.3515426525884706
1997-10-09,9.3,1.3515426525884706
1997-10-10,5.8,0.8428975682809816
1997-10-11,3.8,0.552243234390988
1997-10-12,3.0,0.43598150083499054
1997-10-13,2.5,0.3633179173624921
1997-10-14,2.2,0.3197197672789931
1997-10-15,2.0,0.2906543338899937
1997-10-16,1.9,0.276121617195494
1997-10-17,1.7,0.2470561838064946
1997-10-18,1.6,0.23252346711199495
1997-10-19,1.6,0.23252346711199495
1997-10-20,1.5,0.21799075041749527
1997-10-21,1.5,0.21799075041749527
1997-10-22,1.4,0.20345803372299556
1997-10-23,1.4,0.20345803372299556
1997-10-24,1.4,0.20345803372299556
1997-10-25,1.4,0.20345803372299556
1997-10-26,1.3,0.1889253170284959
1997-10-27,1.3,0.1889253170284959
1997-10-28,1.3,0.1889253170284959
1997-10-29,1.5,0.21799075041749527
1997-10-30,1.6,0.23252346711199495
1997-10-31,2.4,0.3487852006679924
1997-11-01,2.2,0.3197197672789931
1997-11-02,1.9,0.276121617195494
1997-11-03,1.7,0.2470561838064946
1997-11-04,1.6,0.23252346711199495
1997-11-05,1.5,0.21799075041749527
1997-11-06,1.9,0.276121617195494
1997-11-07,2.1,0.30518705058449336
1997-11-08,1.9,0.276121617195494
1997-11-09,1.7,0.2470561838064946
1997-11-10,2.4,0.3487852006679924
1997-11-11,2.5,0.3633179173624921
1997-11-12,2.3,0.3342524839734927
1997-11-13,3.5,0.5086450843074889
1997-11-14,7.5,1.0899537520874762
1997-11-15,8.7,1.2643463524214724
1997-11-16,25.0,3.633179173624921
1997-11-17,27.0,3.9238335075149147
1997-11-18,14.0,2.0345803372299556
1997-11-19,16.0,2.3252346711199494
1997-11-20,14.0,2.0345803372299556
1997-11-21,11.0,1.5985988363949653
1997-11-22,10.0,1.4532716694499683
1997-11-23,18.0,2.6158890050099433
1997-11-24,19.0,2.7612161719549397
1997-11-25,18.0,2.6158890050099433
1997-11-26,22.0,3.1971976727899305
1997-11-27,21.0,3.0518705058449336
1997-11-28,18.0,2.6158890050099433
1997-11-29,22.0,3.1971976727899305
1997-11-30,28.0,4.069160674459911
1997-12-01,22.0,3.1971976727899305
1997-12-02,18.0,2.6158890050099433
1997-12-03,16.0,2.3252346711199494
1997-12-04,14.0,2.0345803372299556
1997-12-05,12.0,1.7439260033399622
1997-12-06,11.0,1.5985988363949653
1997-12-07,29.0,4.2144878414049085
1997-12-08,36.0,5.2317780100198865
1997-12-09,34.0,4.941123676129893
1997-12-10,28.0,4.069160674459911
1997-12-11,23.0,3.3425248397349274
1997-12-12,20.0,2.9065433388999367
1997-12-13,18.0,2.6158890050099433
1997-12-14,39.0,5.667759510854877
1997-12-15,50.0,7.266358347249842
1997-12-16,47.0,6.830376846414851
1997-12-17,72.0,10.463556020039773
1997-12-18,64.0,9.300938684479798
1997-12-19,49.0,7.121031180304845
1997-12-20,39.0,5.667759510854877
1997-12-21,31.0,4.505142175294902
1997-12-22,26.0,3.7785063405699177
1997-12-23,23.0,3.3425248397349274
1997-12-24,20.0,2.9065433388999367
1997-12-25,18.0,2.6158890050099433
1997-12-26,16.0,2.3252346711199494
1997-12-27,15.0,2.1799075041749525
1997-12-28,14.0,2.0345803372299556
1997-12-29,13.0,1.8892531702849589
1997-12-30,12.0,1.7439260033399622
1997-12-31,11.0,1.5985988363949653
1998-01-01,12.0,1.7439260033399622
1998-01-02,23.0,3.3425248397349274
1998-01-03,40.0,5.813086677799873
1998-01-04,75.0,10.899537520874762
1998-01-05,64.0,9.300938684479798
1998-01-06,54.0,7.847667015029829
1998-01-07,47.0,6.830376846414851
1998-01-08,42.0,6.103741011689867
1998-01-09,39.0,5.667759510854877
1998-01-10,37.0,5.377105176964883
1998-01-11,118.0,17.148605699509627
1998-01-12,337.0,48.97525526046393
1998-01-13,262.0,38.07571773958917
1998-01-14,244.0,35.459828734579226
1998-01-15,278.0,40.400952410709124
1998-01-16,255.0,37.058427570974196
1998-01-17,421.0,61.18273728384367
1998-01-18,308.0,44.76076741905903
1998-01-19,271.0,39.38366224209415
1998-01-20,199.0,28.920106222054372
1998-01-21,133.0,19.32851320368458
1998-01-22,94.0,13.660753692829703
1998-01-23,81.0,11.771500522544743
1998-01-24,73.0,10.60888318698477
1998-01-25,80.0,11.626173355599747
1998-01-26,273.0,39.674316575984136
1998-01-27,253.0,36.7677732370842
1998-01-28,165.0,23.978982545924477
1998-01-29,210.0,30.518705058449335
1998-01-30,198.0,28.774779055109374
1998-01-31,141.0,20.491130539244555
1998-02-01,124.0,18.02056870117961
1998-02-02,136.0,19.76449470451957
1998-02-03,230.0,33.42524839734927
1998-02-04,223.0,32.407958228734294
1998-02-05,215.0,31.24534089317432
1998-02-06,248.0,36.04113740235922
1998-02-07,280.0,40.69160674459911
1998-02-08,277.0,40.25562524376412
1998-02-09,202.0,29.356087722889363
1998-02-10,142.0,20.63645770618955
1998-02-11,108.0,15.695334030059659
1998-02-12,102.0,14.823371028389678
1998-02-13,108.0,15.695334030059659
1998-02-14,130.0,18.89253170284959
1998-02-15,134.0,19.473840370629578
1998-02-16,122.0,17.729914367289613
1998-02-17,122.0,17.729914367289613
1998-02-18,111.0,16.13131553089465
1998-02-19,208.0,30.228050724559342
1998-02-20,214.0,31.100013726229324
1998-02-21,343.0,49.847218262133914
1998-02-22,254.0,36.913100404029194
1998-02-23,179.0,26.013562883154435
1998-02-24,141.0,20.491130539244555
1998-02-25,109.0,15.840661197004655
1998-02-26,87.0,12.643463524214726
1998-02-27,73.0,10.60888318698477
1998-02-28,62.0,9.010284350589805
1998-03-01,54.0,7.847667015029829
1998-03-02,49.0,7.121031180304845
1998-03-03,45.0,6.5397225125248575
1998-03-04,42.0,6.103741011689867
1998-03-05,39.0,5.667759510854877
1998-03-06,35.0,5.086450843074889
1998-03-07,32.0,4.650469342239899
1998-03-08,31.0,4.505142175294902
1998-03-09,28.0,4.069160674459911
1998-03-10,27.0,3.9238335075149147
1998-03-11,25.0,3.633179173624921
1998-03-12,41.0,5.958413844744871
1998-03-13,70.0,10.172901686149778
1998-03-14,60.0,8.71963001669981
1998-03-15,51.0,7.411685514194839
1998-03-16,44.0,6.394395345579861
1998-03-17,39.0,5.667759510854877
1998-03-18,34.0,4.941123676129893
1998-03-19,31.0,4.505142175294902
1998-03-20,28.0,4.069160674459911
1998-03-21,35.0,5.086450843074889
1998-03-22,212.0,30.80935939233933
1998-03-23,296.0,43.016841415719064
1998-03-24,251.0,36.4771189031942
1998-03-25,178.0,25.868235716209437
1998-03-26,125.0,18.165895868124604
1998-03-27,94.0,13.660753692829703
1998-03-28,74.0,10.754210353929766
1998-03-29,61.0,8.864957183644806
1998-03-30,51.0,7.411685514194839
1998-03-31,48.0,6.975704013359849
1998-04-01,46.0,6.685049679469855
1998-04-02,44.0,6.394395345579861
1998-04-03,42.0,6.103741011689867
1998-04-04,39.0,5.667759510854877
1998-04-05,35.0,5.086450843074889
1998-04-06,34.0,4.941123676129893
1998-04-07,31.0,4.505142175294902
1998-04-08,29.0,4.2144878414049085
1998-04-09,31.0,4.505142175294902
1998-04-10,42.0,6.103741011689867
1998-04-11,46.0,6.685049679469855
1998-04-12,48.0,6.975704013359849
1998-04-13,55.0,7.992994181974826
1998-04-14,56.0,8.138321348919822
1998-04-15,51.0,7.411685514194839
1998-04-16,46.0,6.685049679469855
1998-04-17,43.0,6.249068178634864
1998-04-18,39.0,5.667759510854877
1998-04-19,35.0,5.086450843074889
1998-04-20,32.0,4.650469342239899
1998-04-21,29.0,4.2144878414049085
1998-04-22,27.0,3.9238335075149147
1998-04-23,28.0,4.069160674459911
1998-04-24,26.0,3.7785063405699177
1998-04-25,24.0,3.4878520066799243
1998-04-26,22.0,3.1971976727899305
1998-04-27,21.0,3.0518705058449336
1998-04-28,20.0,2.9065433388999367
1998-04-29,18.0,2.6158890050099433
1998-04-30,18.0,2.6158890050099433
1998-05-01,18.0,2.6158890050099433
1998-05-02,17.0,2.4705618380649463
1998-05-03,16.0,2.3252346711199494
1998-05-04,15.0,2.1799075041749525
1998-05-05,15.0,2.1799075041749525
1998-05-06,14.0,2.0345803372299556
1998-05-07,13.0,1.8892531702849589
1998-05-08,13.0,1.8892531702849589
1998-05-09,12.0,1.7439260033399622
1998-05-10,12.0,1.7439260033399622
1998-05-11,12.0,1.7439260033399622
1998-05-12,12.0,1.7439260033399622
1998-05-13,12.0,1.7439260033399622
1998-05-14,11.0,1.5985988363949653
1998-05-15,11.0,1.5985988363949653
1998-05-16,11.0,1.5985988363949653
1998-05-17,11.0,1.5985988363949653
1998-05-18,10.0,1.4532716694499683
1998-05-19,10.0,1.4532716694499683
1998-05-20,10.0,1.4532716694499683
1998-05-21,9.7,1.4096735193664691
1998-05-22,9.4,1.3660753692829704
1998-05-23,9.3,1.3515426525884706
1998-05-24,9.9,1.4387389527554688
1998-05-25,10.0,1.4532716694499683
1998-05-26,9.5,1.3806080859774699
1998-05-27,9.4,1.3660753692829704
1998-05-28,22.0,3.1971976727899305
1998-05-29,49.0,7.121031180304845
1998-05-30,41.0,5.958413844744871
1998-05-31,34.0,4.941123676129893
1998-06-01,29.0,4.2144878414049085
1998-06-02,25.0,3.633179173624921
1998-06-03,23.0,3.3425248397349274
1998-06-04,20.0,2.9065433388999367
1998-06-05,19.0,2.7612161719549397
1998-06-06,18.0,2.6158890050099433
1998-06-07,17.0,2.4705618380649463
1998-06-08,16.0,2.3252346711199494
1998-06-09,15.0,2.1799075041749525
1998-06-10,14.0,2.0345803372299556
1998-06-11,13.0,1.8892531702849589
1998-06-12,13.0,1.8892531702849589
1998-06-13,12.0,1.7439260033399622
1998-06-14,12.0,1.7439260033399622
1998-06-15,11.0,1.5985988363949653
1998-06-16,11.0,1.5985988363949653
1998-06-17,10.0,1.4532716694499683
1998-06-18,9.8,1.424206236060969
1998-06-19,9.5,1.3806080859774699
1998-06-20,9.2,1.3370099358939709
1998-06-21,8.9,1.293411785810472
1998-06-22,8.7,1.2643463524214724
1998-06-23,8.3,1.206215485643474
1998-06-24,8.0,1.1626173355599747
1998-06-25,7.9,1.148084618865475
1998-06-26,7.6,1.104486468781976
1998-06-27,7.3,1.060888318698477
1998-06-28,7.1,1.0318228853094775
1998-06-29,6.9,1.0027574519204783
1998-06-30,6.7,0.9736920185314788
1998-07-01,6.6,0.9591593018369791
1998-07-02,6.5,0.9446265851424794
1998-07-03,6.2,0.9010284350589804
1998-07-04,6.1,0.8864957183644807
1998-07-05,5.7,0.828364851586482
1998-07-06,5.5,0.7992994181974826
1998-07-07,5.4,0.784766701502983
1998-07-08,5.2,0.7557012681139836
1998-07-09,5.0,0.7266358347249842
1998-07-10,5.0,0.7266358347249842
1998-07-11,4.8,0.6975704013359848
1998-07-12,4.7,0.6830376846414852
1998-07-13,4.6,0.6685049679469854
1998-07-14,4.5,0.6539722512524858
1998-07-15,4.3,0.6249068178634863
1998-07-16,4.1,0.595841384474487
1998-07-17,4.0,0.5813086677799874
1998-07-18,3.8,0.552243234390988
1998-07-19,3.7,0.5377105176964884
1998-07-20,3.6,0.5231778010019886
1998-07-21,3.5,0.5086450843074889
1998-07-22,3.4,0.4941123676129892
1998-07-23,3.3,0.47957965091848953
1998-07-24,3.3,0.47957965091848953
1998-07-25,3.2,0.4650469342239899
1998-07-26,3.1,0.4505142175294902
1998-07-27,3.0,0.43598150083499054
1998-07-28,2.8,0.4069160674459911
1998-07-29,2.8,0.4069160674459911
1998-07-30,2.8,0.4069160674459911
1998-07-31,2.9,0.4214487841404908
1998-08-01,2.7,0.3923833507514915
1998-08-02,2.6,0.3778506340569918
1998-08-03,2.4,0.3487852006679924
1998-08-04,2.3,0.3342524839734927
1998-08-05,2.2,0.3197197672789931
1998-08-06,2.1,0.30518705058449336
1998-08-07,2.1,0.30518705058449336
1998-08-08,2.1,0.30518705058449336
1998-08-09,2.0,0.2906543338899937
1998-08-10,1.9,0.276121617195494
1998-08-11,1.9,0.276121617195494
1998-08-12,1.8,0.2615889005009943
1998-08-13,1.7,0.2470561838064946
1998-08-14,1.6,0.23252346711199495
1998-08-15,1.6,0.23252346711199495
1998-08-16,1.6,0.23252346711199495
1998-08-17,1.6,0.23252346711199495
1998-08-18,1.6,0.23252346711199495
1998-08-19,1.6,0.23252346711199495
1998-08-20,1.5,0.21799075041749527
1998-08-21,1.5,0.21799075041749527
1998-08-22,1.4,0.20345803372299556
1998-08-23,1.4,0.20345803372299556
1998-08-24,1.4,0.20345803372299556
1998-08-25,1.3,0.1889253170284959
1998-08-26,1.3,0.1889253170284959
1998-08-27,1.2,0.1743926003339962
1998-08-28,1.2,0.1743926003339962
1998-08-29,1.1,0.15985988363949655
1998-08-30,1.1,0.15985988363949655
1998-08-31,1.1,0.15985988363949655
1998-09-01,1.0,0.14532716694499684
1998-09-02,1.0,0.14532716694499684
1998-09-03,0.95,0.138060808597747
1998-09-04,0.9,0.13079445025049716
1998-09-05,0.9,0.13079445025049716
1998-09-06,0.91,0.13224772191994713
1998-09-07,0.91,0.13224772191994713
1998-09-08,0.9,0.13079445025049716
1998-09-09,0.9,0.13079445025049716
1998-09-10,0.95,0.138060808597747
1998-09-11,0.93,0.13515426525884708
1998-09-12,0.89,0.12934117858104718
1998-09-13,0.91,0.13224772191994713
1998-09-14,0.89,0.12934117858104718
1998-09-15,0.87,0.12643463524214724
1998-09-16,0.86,0.12498136357269728
1998-09-17,0.85,0.1235280919032473
1998-09-18,0.89,0.12934117858104718
1998-09-19,0.9,0.13079445025049716
1998-09-20,0.91,0.13224772191994713
1998-09-21,0.9,0.13079445025049716
1998-09-22,0.88,0.1278879069115972
1998-09-23,0.89,0.12934117858104718
1998-09-24,0.91,0.13224772191994713
1998-09-25,0.91,0.13224772191994713
1998-09-26,0.9,0.13079445025049716
1998-09-27,0.87,0.12643463524214724
1998-09-28,0.89,0.12934117858104718
1998-09-29,0.9,0.13079445025049716
1998-09-30,0.88,0.1278879069115972
1998-10-01,0.99,0.14387389527554686
1998-10-02,0.96,0.13951408026719697
1998-10-03,0.95,0.138060808597747
1998-10-04,0.94,0.13660753692829702
1998-10-05,0.89,0.12934117858104718
1998-10-06,0.85,0.1235280919032473
1998-10-07,0.82,0.1191682768948974
1998-10-08,1.0,0.14532716694499684
1998-10-09,0.97,0.14096735193664692
1998-10-10,0.96,0.13951408026719697
1998-10-11,0.96,0.13951408026719697
1998-10-12,0.92,0.1337009935893971
1998-10-13,1.2,0.1743926003339962
1998-10-14,1.0,0.14532716694499684
1998-10-15,1.0,0.14532716694499684
1998-10-16,0.96,0.13951408026719697
1998-10-17,0.96,0.13951408026719697
1998-10-18,0.91,0.13224772191994713
1998-10-19,0.89,0.12934117858104718
1998-10-20,0.87,0.12643463524214724
1998-10-21,0.84,0.12207482023379734
1998-10-22,0.82,0.1191682768948974
1998-10-23,0.82,0.1191682768948974
1998-10-24,3.0,0.43598150083499054
1998-10-25,2.2,0.3197197672789931
1998-10-26,1.7,0.2470561838064946
1998-10-27,1.5,0.21799075041749527
1998-10-28,1.5,0.21799075041749527
1998-10-29,1.4,0.20345803372299556
1998-10-30,1.4,0.20345803372299556
1998-10-31,1.7,0.2470561838064946
1998-11-01,1.9,0.276121617195494
1998-11-02,1.7,0.2470561838064946
1998-11-03,1.7,0.2470561838064946
1998-11-04,1.7,0.2470561838064946
1998-11-05,1.9,0.276121617195494
1998-11-06,2.4,0.3487852006679924
1998-11-07,7.2,1.0463556020039773
1998-11-08,5.6,0.8138321348919823
1998-11-09,4.0,0.5813086677799874
1998-11-10,3.4,0.4941123676129892
1998-11-11,3.8,0.552243234390988
1998-11-12,3.2,0.4650469342239899
1998-11-13,2.7,0.3923833507514915
1998-11-14,2.4,0.3487852006679924
1998-11-15,2.7,0.3923833507514915
1998-11-16,2.8,0.4069160674459911
1998-11-17,8.4,1.2207482023379734
1998-11-18,5.3,0.7702339848084833
1998-11-19,3.9,0.5667759510854876
1998-11-20,3.3,0.47957965091848953
1998-11-21,22.0,3.1971976727899305
1998-11-22,30.0,4.359815008349905
1998-11-23,172.0,24.996272714539455
1998-11-24,89.0,12.934117858104718
1998-11-25,48.0,6.975704013359849
1998-11-26,53.0,7.702339848084833
1998-11-27,46.0,6.685049679469855
1998-11-28,36.0,5.2317780100198865
1998-11-29,42.0,6.103741011689867
1998-11-30,85.0,12.35280919032473
1998-12-01,98.0,14.24206236060969
1998-12-02,166.0,24.124309712869476
1998-12-03,230.0,33.42524839734927
1998-12-04,125.0,18.165895868124604
1998-12-05,78.0,11.335519021709754
1998-12-06,57.0,8.28364851586482
1998-12-07,47.0,6.830376846414851
1998-12-08,45.0,6.5397225125248575
1998-12-09,41.0,5.958413844744871
1998-12-10,37.0,5.377105176964883
1998-12-11,33.0,4.795796509184895
1998-12-12,30.0,4.359815008349905
1998-12-13,29.0,4.2144878414049085
1998-12-14,26.0,3.7785063405699177
1998-12-15,23.0,3.3425248397349274
1998-12-16,21.0,3.0518705058449336
1998-12-17,20.0,2.9065433388999367
1998-12-18,18.0,2.6158890050099433
1998-12-19,17.0,2.4705618380649463
1998-12-20,16.0,2.3252346711199494
1998-12-21,15.0,2.1799075041749525
1998-12-22,14.0,2.0345803372299556
1998-12-23,14.0,2.0345803372299556
1998-12-24,13.0,1.8892531702849589
1998-12-25,12.0,1.7439260033399622
1998-12-26,12.0,1.7439260033399622
1998-12-27,12.0,1.7439260033399622
1998-12-28,11.0,1.5985988363949653
1998-12-29,11.0,1.5985988363949653
1998-12-30,11.0,1.5985988363949653
1998-12-31,11.0,1.5985988363949653
1999-01-01,10.0,1.4532716694499683
1999-01-02,9.7,1.4096735193664691
1999-01-03,9.3,1.3515426525884706
1999-01-04,8.9,1.293411785810472
1999-01-05,8.6,1.2498136357269727
1999-01-06,8.4,1.2207482023379734
1999-01-07,8.2,1.191682768948974
1999-01-08,7.9,1.148084618865475
1999-01-09,7.6,1.104486468781976
1999-01-10,7.4,1.0754210353929767
1999-01-11,7.2,1.0463556020039773
1999-01-12,7.0,1.0172901686149778
1999-01-13,6.9,1.0027574519204783
1999-01-14,6.9,1.0027574519204783
1999-01-15,8.8,1.2788790691159724
1999-01-16,11.0,1.5985988363949653
1999-01-17,38.0,5.5224323439098795
1999-01-18,85.0,12.35280919032473
1999-01-19,67.0,9.736920185314789
1999-01-20,77.0,11.190191854764757
1999-01-21,90.0,13.079445025049715
1999-01-22,137.0,19.909821871464565
1999-01-23,213.0,30.954686559284326
1999-01-24,131.0,19.037858869794587
1999-01-25,86.0,12.498136357269727
1999-01-26,63.0,9.155611517534801
1999-01-27,48.0,6.975704013359849
1999-01-28,40.0,5.813086677799873
1999-01-29,36.0,5.2317780100198865
1999-01-30,32.0,4.650469342239899
1999-01-31,34.0,4.941123676129893
1999-02-01,30.0,4.359815008349905
1999-02-02,28.0,4.069160674459911
1999-02-03,26.0,3.7785063405699177
1999-02-04,25.0,3.633179173624921
1999-02-05,23.0,3.3425248397349274
1999-02-06,174.0,25.28692704842945
1999-02-07,455.0,66.12386095997356
1999-02-08,292.0,42.43553274793908
1999-02-09,308.0,44.76076741905903
1999-02-10,201.0,29.210760555944365
1999-02-11,119.0,17.293932866454625
1999-02-12,82.0,11.916827689489741
1999-02-13,66.0,9.59159301836979
1999-02-14,58.0,8.428975682809817
1999-02-15,50.0,7.266358347249842
1999-02-16,88.0,12.788790691159722
1999-02-17,170.0,24.70561838064946
1999-02-18,169.0,24.560291213704467
1999-02-19,153.0,22.235056542584516
1999-02-20,121.0,17.584587200344618
1999-02-21,117.0,17.00327853256463
1999-02-22,127.0,18.456550202014597
1999-02-23,188.0,27.321507385659405
1999-02-24,191.0,27.757488886494396
1999-02-25,196.0,28.48412472121938
1999-02-26,146.0,21.21776637396954
1999-02-27,117.0,17.00327853256463
1999-02-28,201.0,29.210760555944365
1999-03-01,193.0,28.04814322038439
1999-03-02,136.0,19.76449470451957
1999-03-03,117.0,17.00327853256463
1999-03-04,95.0,13.8060808597747
1999-03-05,77.0,11.190191854764757
1999-03-06,63.0,9.155611517534801
1999-03-07,52.0,7.5570126811398355
1999-03-08,55.0,7.992994181974826
1999-03-09,57.0,8.28364851586482
1999-03-10,54.0,7.847667015029829
1999-03-11,49.0,7.121031180304845
1999-03-12,43.0,6.249068178634864
1999-03-13,41.0,5.958413844744871
1999-03-14,50.0,7.266358347249842
1999-03-15,52.0,7.5570126811398355
1999-03-16,49.0,7.121031180304845
1999-03-17,45.0,6.5397225125248575
1999-03-18,41.0,5.958413844744871
1999-03-19,39.0,5.667759510854877
1999-03-20,36.0,5.2317780100198865
1999-03-21,34.0,4.941123676129893
1999-03-22,33.0,4.795796509184895
1999-03-23,37.0,5.377105176964883
1999-03-24,82.0,11.916827689489741
1999-03-25,131.0,19.037858869794587
1999-03-26,96.0,13.951408026719697
1999-03-27,71.0,10.318228853094775
1999-03-28,56.0,8.138321348919822
1999-03-29,47.0,6.830376846414851
1999-03-30,45.0,6.5397225125248575
1999-03-31,42.0,6.103741011689867
1999-04-01,41.0,5.958413844744871
1999-04-02,39.0,5.667759510854877
1999-04-03,37.0,5.377105176964883
1999-04-04,35.0,5.086450843074889
1999-04-05,34.0,4.941123676129893
1999-04-06,32.0,4.650469342239899
1999-04-07,30.0,4.359815008349905
1999-04-08,33.0,4.795796509184895
1999-04-09,32.0,4.650469342239899
1999-04-10,40.0,5.813086677799873
1999-04-11,90.0,13.079445025049715
1999-04-12,87.0,12.643463524214726
1999-04-13,73.0,10.60888318698477
1999-04-14,64.0,9.300938684479798
1999-04-15,56.0,8.138321348919822
1999-04-16,48.0,6.975704013359849
1999-04-17,41.0,5.958413844744871
1999-04-18,36.0,5.2317780100198865
1999-04-19,32.0,4.650469342239899
1999-04-20,29.0,4.2144878414049085
1999-04-21,26.0,3.7785063405699177
1999-04-22,24.0,3.4878520066799243
1999-04-23,21.0,3.0518705058449336
1999-04-24,20.0,2.9065433388999367
1999-04-25,18.0,2.6158890050099433
1999-04-26,17.0,2.4705618380649463
1999-04-27,16.0,2.3252346711199494
1999-04-28,15.0,2.1799075041749525
1999-04-29,15.0,2.1799075041749525
1999-04-30,14.0,2.0345803372299556
1999-05-01,13.0,1.8892531702849589
1999-05-02,14.0,2.0345803372299556
1999-05-03,14.0,2.0345803372299556
1999-05-04,13.0,1.8892531702849589
1999-05-05,12.0,1.7439260033399622
1999-05-06,11.0,1.5985988363949653
1999-05-07,11.0,1.5985988363949653
1999-05-08,10.0,1.4532716694499683
1999-05-09,10.0,1.4532716694499683
1999-05-10,9.7,1.4096735193664691
1999-05-11,9.5,1.3806080859774699
1999-05-12,9.2,1.3370099358939709
1999-05-13,8.9,1.293411785810472
1999-05-14,8.8,1.2788790691159724
1999-05-15,8.6,1.2498136357269727
1999-05-16,8.3,1.206215485643474
1999-05-17,8.1,1.1771500522544744
1999-05-18,7.9,1.148084618865475
1999-05-19,7.7,1.1190191854764757
1999-05-20,7.4,1.0754210353929767
1999-05-21,7.2,1.0463556020039773
1999-05-22,7.0,1.0172901686149778
1999-05-23,6.7,0.9736920185314788
1999-05-24,6.4,0.9300938684479798
1999-05-25,6.3,0.9155611517534801
1999-05-26,6.1,0.8864957183644807
1999-05-27,6.0,0.8719630016699811
1999-05-28,5.8,0.8428975682809816
1999-05-29,5.7,0.828364851586482
1999-05-30,5.6,0.8138321348919823
1999-05-31,5.5,0.7992994181974826
1999-06-01,5.4,0.784766701502983
1999-06-02,5.4,0.784766701502983
1999-06-03,5.3,0.7702339848084833
1999-06-04,5.2,0.7557012681139836
1999-06-05,5.0,0.7266358347249842
1999-06-06,4.9,0.7121031180304845
1999-06-07,4.8,0.6975704013359848
1999-06-08,4.7,0.6830376846414852
1999-06-09,4.6,0.6685049679469854
1999-06-10,4.5,0.6539722512524858
1999-06-11,4.4,0.6394395345579862
1999-06-12,4.2,0.6103741011689867
1999-06-13,4.1,0.595841384474487
1999-06-14,4.1,0.595841384474487
1999-06-15,4.0,0.5813086677799874
1999-06-16,4.0,0.5813086677799874
1999-06-17,3.8,0.552243234390988
1999-06-18,3.8,0.552243234390988
1999-06-19,3.7,0.5377105176964884
1999-06-20,3.6,0.5231778010019886
1999-06-21,3.5,0.5086450843074889
1999-06-22,3.5,0.5086450843074889
1999-06-23,3.3,0.47957965091848953
1999-06-24,3.3,0.47957965091848953
1999-06-25,3.2,0.4650469342239899
1999-06-26,3.2,0.4650469342239899
1999-06-27,3.2,0.4650469342239899
1999-06-28,3.1,0.4505142175294902
1999-06-29,3.0,0.43598150083499054
1999-06-30,2.8,0.4069160674459911
1999-07-01,2.7,0.3923833507514915
1999-07-02,2.6,0.3778506340569918
1999-07-03,2.6,0.3778506340569918
1999-07-04,2.6,0.3778506340569918
1999-07-05,2.5,0.3633179173624921
1999-07-06,2.5,0.3633179173624921
1999-07-07,2.4,0.3487852006679924
1999-07-08,2.4,0.3487852006679924
1999-07-09,2.3,0.3342524839734927
1999-07-10,2.2,0.3197197672789931
1999-07-11,2.2,0.3197197672789931
1999-07-12,2.1,0.30518705058449336
1999-07-13,2.0,0.2906543338899937
1999-07-14,2.0,0.2906543338899937
1999-07-15,1.9,0.276121617195494
1999-07-16,1.9,0.276121617195494
1999-07-17,1.9,0.276121617195494
1999-07-18,1.9,0.276121617195494
1999-07-19,1.8,0.2615889005009943
1999-07-20,1.7,0.2470561838064946
1999-07-21,1.8,0.2615889005009943
1999-07-22,1.7,0.2470561838064946
1999-07-23,1.7,0.2470561838064946
1999-07-24,1.7,0.2470561838064946
1999-07-25,1.7,0.2470561838064946
1999-07-26,1.6,0.23252346711199495
1999-07-27,1.5,0.21799075041749527
1999-07-28,1.5,0.21799075041749527
1999-07-29,1.5,0.21799075041749527
1999-07-30,1.5,0.21799075041749527
1999-07-31,1.4,0.20345803372299556
1999-08-01,1.4,0.20345803372299556
1999-08-02,1.4,0.20345803372299556
1999-08-03,1.3,0.1889253170284959
1999-08-04,1.3,0.1889253170284959
1999-08-05,1.4,0.20345803372299556
1999-08-06,1.5,0.21799075041749527
1999-08-07,1.5,0.21799075041749527
1999-08-08,1.4,0.20345803372299556
1999-08-09,1.4,0.20345803372299556
1999-08-10,1.3,0.1889253170284959
1999-08-11,1.3,0.1889253170284959
1999-08-12,1.3,0.1889253170284959
1999-08-13,1.3,0.1889253170284959
1999-08-14,1.2,0.1743926003339962
1999-08-15,1.2,0.1743926003339962
1999-08-16,1.1,0.15985988363949655
1999-08-17,1.1,0.15985988363949655
1999-08-18,1.0,0.14532716694499684
1999-08-19,1.0,0.14532716694499684
1999-08-20,1.0,0.14532716694499684
1999-08-21,0.97,0.14096735193664692
1999-08-22,0.93,0.13515426525884708
1999-08-23,0.9,0.13079445025049716
1999-08-24,0.85,0.1235280919032473
1999-08-25,0.84,0.12207482023379734
1999-08-26,0.79,0.1148084618865475
1999-08-27,0.78,0.11335519021709754
1999-08-28,0.79,0.1148084618865475
1999-08-29,0.83,0.12062154856434737
1999-08-30,0.84,0.12207482023379734
1999-08-31,0.85,0.1235280919032473
1999-09-01,0.86,0.12498136357269728
1999-09-02,0.86,0.12498136357269728
1999-09-03,0.84,0.12207482023379734
1999-09-04,0.81,0.11771500522544745
1999-09-05,0.79,0.1148084618865475
1999-09-06,0.78,0.11335519021709754
1999-09-07,0.76,0.1104486468781976
1999-09-08,0.74,0.10754210353929766
1999-09-09,0.79,0.1148084618865475
1999-09-10,0.78,0.11335519021709754
1999-09-11,0.77,0.11190191854764757
1999-09-12,0.74,0.10754210353929766
1999-09-13,0.72,0.10463556020039771
1999-09-14,0.71,0.10318228853094775
1999-09-15,0.68,0.09882247352259786
1999-09-16,0.67,0.09736920185314789
1999-09-17,0.66,0.09591593018369791
1999-09-18,0.66,0.09591593018369791
1999-09-19,0.65,0.09446265851424795
1999-09-20,0.72,0.10463556020039771
1999-09-21,0.73,0.10608883186984769
1999-09-22,0.72,0.10463556020039771
1999-09-23,0.71,0.10318228853094775
1999-09-24,0.69,0.10027574519204781
1999-09-25,0.68,0.09882247352259786
1999-09-26,0.68,0.09882247352259786
1999-09-27,0.65,0.09446265851424795
1999-09-28,0.64,0.09300938684479798
1999-09-29,0.64,0.09300938684479798
1999-09-30,0.64,0.09300938684479798
1999-10-01,0.78,0.11335519021709754
1999-10-02,0.77,0.11190191854764757
1999-10-03,0.78,0.11335519021709754
1999-10-04,0.79,0.1148084618865475
1999-10-05,0.85,0.1235280919032473
1999-10-06,0.89,0.12934117858104718
1999-10-07,0.92,0.1337009935893971
1999-10-08,0.89,0.12934117858104718
1999-10-09,0.86,0.12498136357269728
1999-10-10,0.84,0.12207482023379734
1999-10-11,0.82,0.1191682768948974
1999-10-12,0.79,0.1148084618865475
1999-10-13,0.78,0.11335519021709754
1999-10-14,0.75,0.10899537520874764
1999-10-15,0.75,0.10899537520874764
1999-10-16,0.72,0.10463556020039771
1999-10-17,0.72,0.10463556020039771
1999-10-18,0.71,0.10318228853094775
1999-10-19,0.72,0.10463556020039771
1999-10-20,0.73,0.10608883186984769
1999-10-21,0.73,0.10608883186984769
1999-10-22,0.72,0.10463556020039771
1999-10-23,0.72,0.10463556020039771
1999-10-24,0.78,0.11335519021709754
1999-10-25,0.78,0.11335519021709754
1999-10-26,0.81,0.11771500522544745
1999-10-27,6.2,0.9010284350589804
1999-10-28,8.2,1.191682768948974
1999-10-29,3.7,0.5377105176964884
1999-10-30,2.4,0.3487852006679924
1999-10-31,1.9,0.276121617195494
1999-11-01,1.7,0.2470561838064946
1999-11-02,1.6,0.23252346711199495
1999-11-03,1.6,0.23252346711199495
1999-11-04,1.4,0.20345803372299556
1999-11-05,1.4,0.20345803372299556
1999-11-06,1.4,0.20345803372299556
1999-11-07,2.4,0.3487852006679924
1999-11-08,6.2,0.9010284350589804
1999-11-09,4.0,0.5813086677799874
1999-11-10,17.0,2.4705618380649463
1999-11-11,12.0,1.7439260033399622
1999-11-12,7.8,1.1335519021709752
1999-11-13,5.9,0.8574302849754813
1999-11-14,4.9,0.7121031180304845
1999-11-15,5.9,0.8574302849754813
1999-11-16,9.5,1.3806080859774699
1999-11-17,13.0,1.8892531702849589
1999-11-18,9.8,1.424206236060969
1999-11-19,21.0,3.0518705058449336
1999-11-20,24.0,3.4878520066799243
1999-11-21,15.0,2.1799075041749525
1999-11-22,12.0,1.7439260033399622
1999-11-23,10.0,1.4532716694499683
1999-11-24,8.8,1.2788790691159724
1999-11-25,7.8,1.1335519021709752
1999-11-26,7.0,1.0172901686149778
1999-11-27,6.6,0.9591593018369791
1999-11-28,6.1,0.8864957183644807
1999-11-29,8.3,1.206215485643474
1999-11-30,23.0,3.3425248397349274
1999-12-01,30.0,4.359815008349905
1999-12-02,27.0,3.9238335075149147
1999-12-03,23.0,3.3425248397349274
1999-12-04,18.0,2.6158890050099433
1999-12-05,15.0,2.1799075041749525
1999-12-06,13.0,1.8892531702849589
1999-12-07,13.0,1.8892531702849589
1999-12-08,11.0,1.5985988363949653
1999-12-09,14.0,2.0345803372299556
1999-12-10,19.0,2.7612161719549397
1999-12-11,15.0,2.1799075041749525
1999-12-12,13.0,1.8892531702849589
1999-12-13,14.0,2.0345803372299556
1999-12-14,13.0,1.8892531702849589
1999-12-15,12.0,1.7439260033399622
1999-12-16,11.0,1.5985988363949653
1999-12-17,11.0,1.5985988363949653
1999-12-18,10.0,1.4532716694499683
1999-12-19,9.5,1.3806080859774699
1999-12-20,8.9,1.293411785810472
1999-12-21,8.6,1.2498136357269727
1999-12-22,8.0,1.1626173355599747
1999-12-23,7.5,1.0899537520874762
1999-12-24,7.1,1.0318228853094775
1999-12-25,6.8,0.9882247352259784
1999-12-26,6.7,0.9736920185314788
1999-12-27,6.4,0.9300938684479798
1999-12-28,6.1,0.8864957183644807
1999-12-29,5.9,0.8574302849754813
1999-12-30,5.7,0.828364851586482
1999-12-31,5.5,0.7992994181974826
2000-01-01,5.4,0.784766701502983
2000-01-02,5.3,0.7702339848084833
2000-01-03,5.1,0.7411685514194838
2000-01-04,5.8,0.8428975682809816
2000-01-05,5.2,0.7557012681139836
2000-01-06,4.9,0.7121031180304845
2000-01-07,4.6,0.6685049679469854
2000-01-08,4.5,0.6539722512524858
2000-01-09,4.3,0.6249068178634863
2000-01-10,7.0,1.0172901686149778
2000-01-11,165.0,23.978982545924477
2000-01-12,85.0,12.35280919032473
2000-01-13,70.0,10.172901686149778
2000-01-14,140.0,20.345803372299557
2000-01-15,190.0,27.6121617195494
2000-01-16,207.0,30.082723557614347
2000-01-17,138.0,20.055149038409564
2000-01-18,100.0,14.532716694499683
2000-01-19,92.0,13.37009935893971
2000-01-20,99.0,14.387389527554687
2000-01-21,92.0,13.37009935893971
2000-01-22,86.0,12.498136357269727
2000-01-23,79.0,11.48084618865475
2000-01-24,72.0,10.463556020039773
2000-01-25,77.0,11.190191854764757
2000-01-26,74.0,10.754210353929766
2000-01-27,66.0,9.59159301836979
2000-01-28,56.0,8.138321348919822
2000-01-29,47.0,6.830376846414851
2000-01-30,54.0,7.847667015029829
2000-01-31,60.0,8.71963001669981
2000-02-01,67.0,9.736920185314789
2000-02-02,63.0,9.155611517534801
2000-02-03,58.0,8.428975682809817
2000-02-04,51.0,7.411685514194839
2000-02-05,60.0,8.71963001669981
2000-02-06,69.0,10.027574519204782
2000-02-07,62.0,9.010284350589805
2000-02-08,54.0,7.847667015029829
2000-02-09,47.0,6.830376846414851
2000-02-10,43.0,6.249068178634864
2000-02-11,46.0,6.685049679469855
2000-02-12,60.0,8.71963001669981
2000-02-13,98.0,14.24206236060969
2000-02-14,459.0,66.70516962775355
2000-02-15,294.0,42.72618708182907
2000-02-16,154.0,22.380383709529514
2000-02-17,97.0,14.096735193664694
2000-02-18,74.0,10.754210353929766
2000-02-19,60.0,8.71963001669981
2000-02-20,52.0,7.5570126811398355
2000-02-21,46.0,6.685049679469855
2000-02-22,73.0,10.60888318698477
2000-02-23,99.0,14.387389527554687
2000-02-24,82.0,11.916827689489741
2000-02-25,69.0,10.027574519204782
2000-02-26,111.0,16.13131553089465
2000-02-27,286.0,41.563569746269096
2000-02-28,255.0,37.058427570974196
2000-02-29,190.0,27.6121617195494
2000-03-01,140.0,20.345803372299557
2000-03-02,100.0,14.532716694499683
2000-03-03,78.0,11.335519021709754
2000-03-04,69.0,10.027574519204782
2000-03-05,63.0,9.155611517534801
2000-03-06,56.0,8.138321348919822
2000-03-07,53.0,7.702339848084833
2000-03-08,51.0,7.411685514194839
2000-03-09,64.0,9.300938684479798
2000-03-10,69.0,10.027574519204782
2000-03-11,71.0,10.318228853094775
2000-03-12,65.0,9.446265851424794
2000-03-13,58.0,8.428975682809817
2000-03-14,52.0,7.5570126811398355
2000-03-15,46.0,6.685049679469855
2000-03-16,41.0,5.958413844744871
2000-03-17,36.0,5.2317780100198865
2000-03-18,33.0,4.795796509184895
2000-03-19,30.0,4.359815008349905
2000-03-20,27.0,3.9238335075149147
2000-03-21,25.0,3.633179173624921
2000-03-22,23.0,3.3425248397349274
2000-03-23,21.0,3.0518705058449336
2000-03-24,19.0,2.7612161719549397
2000-03-25,18.0,2.6158890050099433
2000-03-26,17.0,2.4705618380649463
2000-03-27,16.0,2.3252346711199494
2000-03-28,15.0,2.1799075041749525
2000-03-29,14.0,2.0345803372299556
2000-03-30,13.0,1.8892531702849589
2000-03-31,12.0,1.7439260033399622
2000-04-01,12.0,1.7439260033399622
2000-04-02,11.0,1.5985988363949653
2000-04-03,11.0,1.5985988363949653
2000-04-04,10.0,1.4532716694499683
2000-04-05,10.0,1.4532716694499683
2000-04-06,9.7,1.4096735193664691
2000-04-07,9.3,1.3515426525884706
2000-04-08,9.0,1.3079445025049716
2000-04-09,8.8,1.2788790691159724
2000-04-10,8.5,1.2352809190324732
2000-04-11,8.2,1.191682768948974
2000-04-12,8.2,1.191682768948974
2000-04-13,9.1,1.3224772191994711
2000-04-14,8.1,1.1771500522544744
2000-04-15,8.4,1.2207482023379734
2000-04-16,12.0,1.7439260033399622
2000-04-17,35.0,5.086450843074889
2000-04-18,22.0,3.1971976727899305
2000-04-19,18.0,2.6158890050099433
2000-04-20,16.0,2.3252346711199494
2000-04-21,14.0,2.0345803372299556
2000-04-22,13.0,1.8892531702849589
2000-04-23,12.0,1.7439260033399622
2000-04-24,12.0,1.7439260033399622
2000-04-25,11.0,1.5985988363949653
2000-04-26,11.0,1.5985988363949653
2000-04-27,11.0,1.5985988363949653
2000-04-28,10.0,1.4532716694499683
2000-04-29,9.7,1.4096735193664691
2000-04-30,9.2,1.3370099358939709
2000-05-01,9.1,1.3224772191994711
2000-05-02,9.0,1.3079445025049716
2000-05-03,8.4,1.2207482023379734
2000-05-04,8.1,1.1771500522544744
2000-05-05,7.9,1.148084618865475
2000-05-06,7.7,1.1190191854764757
2000-05-07,8.3,1.206215485643474
2000-05-08,12.0,1.7439260033399622
2000-05-09,10.0,1.4532716694499683
2000-05-10,10.0,1.4532716694499683
2000-05-11,9.5,1.3806080859774699
2000-05-12,9.2,1.3370099358939709
2000-05-13,8.8,1.2788790691159724
2000-05-14,9.2,1.3370099358939709
2000-05-15,9.4,1.3660753692829704
2000-05-16,8.9,1.293411785810472
2000-05-17,8.4,1.2207482023379734
2000-05-18,8.2,1.191682768948974
2000-05-19,7.9,1.148084618865475
2000-05-20,7.7,1.1190191854764757
2000-05-21,7.4,1.0754210353929767
2000-05-22,7.2,1.0463556020039773
2000-05-23,6.9,1.0027574519204783
2000-05-24,6.8,0.9882247352259784
2000-05-25,6.5,0.9446265851424794
2000-05-26,6.4,0.9300938684479798
2000-05-27,6.2,0.9010284350589804
2000-05-28,6.2,0.9010284350589804
2000-05-29,6.0,0.8719630016699811
2000-05-30,5.8,0.8428975682809816
2000-05-31,5.7,0.828364851586482
2000-06-01,5.5,0.7992994181974826
2000-06-02,5.4,0.784766701502983
2000-06-03,5.2,0.7557012681139836
2000-06-04,5.1,0.7411685514194838
2000-06-05,5.0,0.7266358347249842
2000-06-06,5.0,0.7266358347249842
2000-06-07,5.0,0.7266358347249842
2000-06-08,5.1,0.7411685514194838
2000-06-09,4.8,0.6975704013359848
2000-06-10,4.8,0.6975704013359848
2000-06-11,4.6,0.6685049679469854
2000-06-12,4.5,0.6539722512524858
2000-06-13,4.4,0.6394395345579862
2000-06-14,4.2,0.6103741011689867
2000-06-15,4.0,0.5813086677799874
2000-06-16,3.9,0.5667759510854876
2000-06-17,3.9,0.5667759510854876
2000-06-18,3.7,0.5377105176964884
2000-06-19,3.7,0.5377105176964884
2000-06-20,3.5,0.5086450843074889
2000-06-21,3.4,0.4941123676129892
2000-06-22,3.4,0.4941123676129892
2000-06-23,3.3,0.47957965091848953
2000-06-24,3.2,0.4650469342239899
2000-06-25,3.2,0.4650469342239899
2000-06-26,3.1,0.4505142175294902
2000-06-27,2.9,0.4214487841404908
2000-06-28,2.9,0.4214487841404908
2000-06-29,2.8,0.4069160674459911
2000-06-30,2.7,0.3923833507514915
2000-07-01,2.7,0.3923833507514915
2000-07-02,2.7,0.3923833507514915
2000-07-03,2.6,0.3778506340569918
2000-07-04,2.6,0.3778506340569918
2000-07-05,2.6,0.3778506340569918
2000-07-06,2.6,0.3778506340569918
2000-07-07,2.6,0.3778506340569918
2000-07-08,2.5,0.3633179173624921
2000-07-09,2.4,0.3487852006679924
2000-07-10,2.3,0.3342524839734927
2000-07-11,2.2,0.3197197672789931
2000-07-12,2.2,0.3197197672789931
2000-07-13,2.1,0.30518705058449336
2000-07-14,2.1,0.30518705058449336
2000-07-15,2.1,0.30518705058449336
2000-07-16,2.0,0.2906543338899937
2000-07-17,2.0,0.2906543338899937
2000-07-18,2.0,0.2906543338899937
2000-07-19,2.0,0.2906543338899937
2000-07-20,1.9,0.276121617195494
2000-07-21,1.8,0.2615889005009943
2000-07-22,1.8,0.2615889005009943
2000-07-23,1.8,0.2615889005009943
2000-07-24,1.7,0.2470561838064946
2000-07-25,1.6,0.23252346711199495
2000-07-26,1.6,0.23252346711199495
2000-07-27,1.6,0.23252346711199495
2000-07-28,1.6,0.23252346711199495
2000-07-29,1.5,0.21799075041749527
2000-07-30,1.5,0.21799075041749527
2000-07-31,1.4,0.20345803372299556
2000-08-01,1.4,0.20345803372299556
2000-08-02,1.3,0.1889253170284959
2000-08-03,1.3,0.1889253170284959
2000-08-04,1.2,0.1743926003339962
2000-08-05,1.2,0.1743926003339962
2000-08-06,1.2,0.1743926003339962
2000-08-07,1.2,0.1743926003339962
2000-08-08,1.2,0.1743926003339962
2000-08-09,1.2,0.1743926003339962
2000-08-10,1.2,0.1743926003339962
2000-08-11,1.2,0.1743926003339962
2000-08-12,1.1,0.15985988363949655
2000-08-13,1.1,0.15985988363949655
2000-08-14,1.1,0.15985988363949655
2000-08-15,1.0,0.14532716694499684
2000-08-16,1.0,0.14532716694499684
2000-08-17,1.0,0.14532716694499684
2000-08-18,1.0,0.14532716694499684
2000-08-19,1.0,0.14532716694499684
2000-08-20,1.0,0.14532716694499684
2000-08-21,1.0,0.14532716694499684
2000-08-22,0.96,0.13951408026719697
2000-08-23,0.95,0.138060808597747
2000-08-24,0.95,0.138060808597747
2000-08-25,0.93,0.13515426525884708
2000-08-26,0.89,0.12934117858104718
2000-08-27,0.88,0.1278879069115972
2000-08-28,0.86,0.12498136357269728
2000-08-29,0.82,0.1191682768948974
2000-08-30,0.82,0.1191682768948974
2000-08-31,0.86,0.12498136357269728
2000-09-01,1.0,0.14532716694499684
2000-09-02,1.2,0.1743926003339962
2000-09-03,1.1,0.15985988363949655
2000-09-04,1.1,0.15985988363949655
2000-09-05,1.0,0.14532716694499684
2000-09-06,0.98,0.1424206236060969
2000-09-07,0.93,0.13515426525884708
2000-09-08,0.88,0.1278879069115972
2000-09-09,0.87,0.12643463524214724
2000-09-10,0.84,0.12207482023379734
2000-09-11,0.82,0.1191682768948974
2000-09-12,0.79,0.1148084618865475
2000-09-13,0.78,0.11335519021709754
2000-09-14,0.8,0.11626173355599748
2000-09-15,0.87,0.12643463524214724
2000-09-16,0.88,0.1278879069115972
2000-09-17,0.84,0.12207482023379734
2000-09-18,0.77,0.11190191854764757
2000-09-19,0.73,0.10608883186984769
2000-09-20,0.69,0.10027574519204781
2000-09-21,0.68,0.09882247352259786
2000-09-22,0.75,0.10899537520874764
2000-09-23,0.76,0.1104486468781976
2000-09-24,0.75,0.10899537520874764
2000-09-25,0.73,0.10608883186984769
2000-09-26,0.71,0.10318228853094775
2000-09-27,0.7,0.10172901686149778
2000-09-28,0.69,0.10027574519204781
2000-09-29,0.71,0.10318228853094775
2000-09-30,0.67,0.09736920185314789
2000-10-01,0.65,0.09446265851424795
2000-10-02,0.63,0.09155611517534801
2000-10-03,0.63,0.09155611517534801
2000-10-04,0.62,0.09010284350589803
2000-10-05,0.61,0.08864957183644807
2000-10-06,0.61,0.08864957183644807
2000-10-07,0.6,0.0871963001669981
2000-10-08,0.58,0.08428975682809817
2000-10-09,1.0,0.14532716694499684
2000-10-10,1.3,0.1889253170284959
2000-10-11,1.0,0.14532716694499684
2000-10-12,0.92,0.1337009935893971
2000-10-13,0.92,0.1337009935893971
2000-10-14,0.92,0.1337009935893971
2000-10-15,0.87,0.12643463524214724
2000-10-16,0.84,0.12207482023379734
2000-10-17,0.83,0.12062154856434737
2000-10-18,0.81,0.11771500522544745
2000-10-19,0.83,0.12062154856434737
2000-10-20,1.2,0.1743926003339962
2000-10-21,1.2,0.1743926003339962
2000-10-22,1.1,0.15985988363949655
2000-10-23,0.99,0.14387389527554686
2000-10-24,0.92,0.1337009935893971
2000-10-25,1.2,0.1743926003339962
2000-10-26,1.6,0.23252346711199495
2000-10-27,1.3,0.1889253170284959
2000-10-28,4.9,0.7121031180304845
2000-10-29,5.6,0.8138321348919823
2000-10-30,9.2,1.3370099358939709
2000-10-31,4.2,0.6103741011689867
2000-11-01,2.9,0.4214487841404908
2000-11-02,2.3,0.3342524839734927
2000-11-03,2.0,0.2906543338899937
2000-11-04,1.8,0.2615889005009943
2000-11-05,1.7,0.2470561838064946
2000-11-06,1.6,0.23252346711199495
2000-11-07,1.5,0.21799075041749527
2000-11-08,1.5,0.21799075041749527
2000-11-09,1.5,0.21799075041749527
2000-11-10,1.5,0.21799075041749527
2000-11-11,1.5,0.21799075041749527
2000-11-12,1.4,0.20345803372299556
2000-11-13,2.0,0.2906543338899937
2000-11-14,1.9,0.276121617195494
2000-11-15,1.9,0.276121617195494
2000-11-16,1.9,0.276121617195494
2000-11-17,1.8,0.2615889005009943
2000-11-18,1.6,0.23252346711199495
2000-11-19,1.5,0.21799075041749527
2000-11-20,1.5,0.21799075041749527
2000-11-21,2.0,0.2906543338899937
2000-11-22,2.0,0.2906543338899937
2000-11-23,2.1,0.30518705058449336
2000-11-24,2.2,0.3197197672789931
2000-11-25,2.1,0.30518705058449336
2000-11-26,2.0,0.2906543338899937
2000-11-27,2.0,0.2906543338899937
2000-11-28,2.0,0.2906543338899937
2000-11-29,7.2,1.0463556020039773
2000-11-30,10.0,1.4532716694499683
2000-12-01,5.9,0.8574302849754813
2000-12-02,4.3,0.6249068178634863
2000-12-03,3.6,0.5231778010019886
2000-12-04,3.1,0.4505142175294902
2000-12-05,2.7,0.3923833507514915
2000-12-06,2.5,0.3633179173624921
2000-12-07,2.3,0.3342524839734927
2000-12-08,2.1,0.30518705058449336
2000-12-09,2.0,0.2906543338899937
2000-12-10,1.9,0.276121617195494
2000-12-11,2.5,0.3633179173624921
2000-12-12,2.6,0.3778506340569918
2000-12-13,4.0,0.5813086677799874
2000-12-14,17.0,2.4705618380649463
2000-12-15,13.0,1.8892531702849589
2000-12-16,9.7,1.4096735193664691
2000-12-17,7.4,1.0754210353929767
2000-12-18,6.0,0.8719630016699811
2000-12-19,5.1,0.7411685514194838
2000-12-20,4.4,0.6394395345579862
2000-12-21,4.6,0.6685049679469854
2000-12-22,8.1,1.1771500522544744
2000-12-23,7.8,1.1335519021709752
2000-12-24,7.6,1.104486468781976
2000-12-25,6.7,0.9736920185314788
2000-12-26,6.0,0.8719630016699811
2000-12-27,5.4,0.784766701502983
2000-12-28,4.8,0.6975704013359848
2000-12-29,4.4,0.6394395345579862
2000-12-30,4.0,0.5813086677799874
2000-12-31,3.8,0.552243234390988
2001-01-01,3.5,0.5086450843074889
2001-01-02,3.3,0.47957965091848953
2001-01-03,3.1,0.4505142175294902
2001-01-04,3.0,0.43598150083499054
2001-01-05,2.8,0.4069160674459911
2001-01-06,2.7,0.3923833507514915
2001-01-07,2.6,0.3778506340569918
2001-01-08,6.8,0.9882247352259784
2001-01-09,8.5,1.2352809190324732
2001-01-10,17.0,2.4705618380649463
2001-01-11,26.0,3.7785063405699177
2001-01-12,19.0,2.7612161719549397
2001-01-13,14.0,2.0345803372299556
2001-01-14,11.0,1.5985988363949653
2001-01-15,9.9,1.4387389527554688
2001-01-16,8.8,1.2788790691159724
2001-01-17,7.8,1.1335519021709752
2001-01-18,7.0,1.0172901686149778
2001-01-19,6.4,0.9300938684479798
2001-01-20,5.9,0.8574302849754813
2001-01-21,5.5,0.7992994181974826
2001-01-22,5.1,0.7411685514194838
2001-01-23,7.9,1.148084618865475
2001-01-24,11.0,1.5985988363949653
2001-01-25,16.0,2.3252346711199494
2001-01-26,29.0,4.2144878414049085
2001-01-27,26.0,3.7785063405699177
2001-01-28,20.0,2.9065433388999367
2001-01-29,19.0,2.7612161719549397
2001-01-30,16.0,2.3252346711199494
2001-01-31,14.0,2.0345803372299556
2001-02-01,12.0,1.7439260033399622
2001-02-02,11.0,1.5985988363949653
2001-02-03,11.0,1.5985988363949653
2001-02-04,11.0,1.5985988363949653
2001-02-05,10.0,1.4532716694499683
2001-02-06,9.1,1.3224772191994711
2001-02-07,7.8,1.1335519021709752
2001-02-08,7.0,1.0172901686149778
2001-02-09,11.0,1.5985988363949653
2001-02-10,10.0,1.4532716694499683
2001-02-11,13.0,1.8892531702849589
2001-02-12,13.0,1.8892531702849589
2001-02-13,13.0,1.8892531702849589
2001-02-14,13.0,1.8892531702849589
2001-02-15,12.0,1.7439260033399622
2001-02-16,14.0,2.0345803372299556
2001-02-17,26.0,3.7785063405699177
2001-02-18,43.0,6.249068178634864
2001-02-19,48.0,6.975704013359849
2001-02-20,209.0,30.37337789150434
2001-02-21,216.0,31.390668060119317
2001-02-22,154.0,22.380383709529514
2001-02-23,104.0,15.114025362279671
2001-02-24,85.0,12.35280919032473
2001-02-25,112.0,16.276642697839645
2001-02-26,96.0,13.951408026719697
2001-02-27,74.0,10.754210353929766
2001-02-28,58.0,8.428975682809817
2001-03-01,48.0,6.975704013359849
2001-03-02,45.0,6.5397225125248575
2001-03-03,40.0,5.813086677799873
2001-03-04,85.0,12.35280919032473
2001-03-05,125.0,18.165895868124604
2001-03-06,91.0,13.224772191994711
2001-03-07,72.0,10.463556020039773
2001-03-08,58.0,8.428975682809817
2001-03-09,48.0,6.975704013359849
2001-03-10,40.0,5.813086677799873
2001-03-11,34.0,4.941123676129893
2001-03-12,29.0,4.2144878414049085
2001-03-13,26.0,3.7785063405699177
2001-03-14,23.0,3.3425248397349274
2001-03-15,21.0,3.0518705058449336
2001-03-16,19.0,2.7612161719549397
2001-03-17,17.0,2.4705618380649463
2001-03-18,16.0,2.3252346711199494
2001-03-19,14.0,2.0345803372299556
2001-03-20,13.0,1.8892531702849589
2001-03-21,12.0,1.7439260033399622
2001-03-22,12.0,1.7439260033399622
2001-03-23,11.0,1.5985988363949653
2001-03-24,14.0,2.0345803372299556
2001-03-25,17.0,2.4705618380649463
2001-03-26,13.0,1.8892531702849589
2001-03-27,12.0,1.7439260033399622
2001-03-28,11.0,1.5985988363949653
2001-03-29,10.0,1.4532716694499683
2001-03-30,9.7,1.4096735193664691
2001-03-31,9.3,1.3515426525884706
2001-04-01,8.9,1.293411785810472
2001-04-02,8.6,1.2498136357269727
2001-04-03,8.3,1.206215485643474
2001-04-04,7.9,1.148084618865475
2001-04-05,7.6,1.104486468781976
2001-04-06,7.9,1.148084618865475
2001-04-07,7.7,1.1190191854764757
2001-04-08,7.2,1.0463556020039773
2001-04-09,6.9,1.0027574519204783
2001-04-10,6.6,0.9591593018369791
2001-04-11,6.5,0.9446265851424794
2001-04-12,6.2,0.9010284350589804
2001-04-13,6.0,0.8719630016699811
2001-04-14,5.8,0.8428975682809816
2001-04-15,5.6,0.8138321348919823
2001-04-16,5.8,0.8428975682809816
2001-04-17,6.2,0.9010284350589804
2001-04-18,5.8,0.8428975682809816
2001-04-19,5.7,0.828364851586482
2001-04-20,7.7,1.1190191854764757
2001-04-21,7.9,1.148084618865475
2001-04-22,7.6,1.104486468781976
2001-04-23,7.3,1.060888318698477
2001-04-24,6.9,1.0027574519204783
2001-04-25,6.6,0.9591593018369791
2001-04-26,6.2,0.9010284350589804
2001-04-27,6.0,0.8719630016699811
2001-04-28,5.9,0.8574302849754813
2001-04-29,5.6,0.8138321348919823
2001-04-30,5.4,0.784766701502983
2001-05-01,5.2,0.7557012681139836
2001-05-02,5.0,0.7266358347249842
2001-05-03,4.8,0.6975704013359848
2001-05-04,4.6,0.6685049679469854
2001-05-05,4.5,0.6539722512524858
2001-05-06,4.3,0.6249068178634863
2001-05-07,4.2,0.6103741011689867
2001-05-08,4.1,0.595841384474487
2001-05-09,4.1,0.595841384474487
2001-05-10,3.9,0.5667759510854876
2001-05-11,3.9,0.5667759510854876
2001-05-12,3.8,0.552243234390988
2001-05-13,3.7,0.5377105176964884
2001-05-14,3.6,0.5231778010019886
2001-05-15,3.6,0.5231778010019886
2001-05-16,3.6,0.5231778010019886
2001-05-17,3.5,0.5086450843074889
2001-05-18,3.4,0.4941123676129892
2001-05-19,3.2,0.4650469342239899
2001-05-20,3.1,0.4505142175294902
2001-05-21,3.0,0.43598150083499054
2001-05-22,2.9,0.4214487841404908
2001-05-23,2.8,0.4069160674459911
2001-05-24,2.7,0.3923833507514915
2001-05-25,2.7,0.3923833507514915
2001-05-26,2.7,0.3923833507514915
2001-05-27,2.7,0.3923833507514915
2001-05-28,2.7,0.3923833507514915
2001-05-29,2.6,0.3778506340569918
2001-05-30,2.5,0.3633179173624921
2001-05-31,2.4,0.3487852006679924
2001-06-01,2.4,0.3487852006679924
2001-06-02,2.3,0.3342524839734927
2001-06-03,2.4,0.3487852006679924
2001-06-04,2.4,0.3487852006679924
2001-06-05,2.3,0.3342524839734927
2001-06-06,2.3,0.3342524839734927
2001-06-07,2.3,0.3342524839734927
2001-06-08,2.1,0.30518705058449336
2001-06-09,2.1,0.30518705058449336
2001-06-10,2.0,0.2906543338899937
2001-06-11,2.1,0.30518705058449336
2001-06-12,2.1,0.30518705058449336
2001-06-13,2.0,0.2906543338899937
2001-06-14,2.0,0.2906543338899937
2001-06-15,1.9,0.276121617195494
2001-06-16,1.8,0.2615889005009943
2001-06-17,1.7,0.2470561838064946
2001-06-18,1.7,0.2470561838064946
2001-06-19,1.7,0.2470561838064946
2001-06-20,1.7,0.2470561838064946
2001-06-21,1.6,0.23252346711199495
2001-06-22,1.6,0.23252346711199495
2001-06-23,1.5,0.21799075041749527
2001-06-24,1.5,0.21799075041749527
2001-06-25,1.6,0.23252346711199495
2001-06-26,2.2,0.3197197672789931
2001-06-27,4.4,0.6394395345579862
2001-06-28,3.7,0.5377105176964884
2001-06-29,2.7,0.3923833507514915
2001-06-30,2.3,0.3342524839734927
2001-07-01,2.1,0.30518705058449336
2001-07-02,1.9,0.276121617195494
2001-07-03,1.8,0.2615889005009943
2001-07-04,1.7,0.2470561838064946
2001-07-05,1.6,0.23252346711199495
2001-07-06,1.6,0.23252346711199495
2001-07-07,1.6,0.23252346711199495
2001-07-08,1.6,0.23252346711199495
2001-07-09,1.5,0.21799075041749527
2001-07-10,1.5,0.21799075041749527
2001-07-11,1.5,0.21799075041749527
2001-07-12,1.5,0.21799075041749527
2001-07-13,1.4,0.20345803372299556
2001-07-14,1.4,0.20345803372299556
2001-07-15,1.4,0.20345803372299556
2001-07-16,1.4,0.20345803372299556
2001-07-17,1.3,0.1889253170284959
2001-07-18,1.3,0.1889253170284959
2001-07-19,1.3,0.1889253170284959
2001-07-20,1.3,0.1889253170284959
2001-07-21,1.3,0.1889253170284959
2001-07-22,1.2,0.1743926003339962
2001-07-23,1.2,0.1743926003339962
2001-07-24,1.1,0.15985988363949655
2001-07-25,1.0,0.14532716694499684
2001-07-26,0.99,0.14387389527554686
2001-07-27,0.95,0.138060808597747
2001-07-28,0.92,0.1337009935893971
2001-07-29,0.9,0.13079445025049716
2001-07-30,0.93,0.13515426525884708
2001-07-31,0.96,0.13951408026719697
2001-08-01,0.94,0.13660753692829702
2001-08-02,0.89,0.12934117858104718
2001-08-03,0.88,0.1278879069115972
2001-08-04,0.9,0.13079445025049716
2001-08-05,0.93,0.13515426525884708
2001-08-06,0.89,0.12934117858104718
2001-08-07,0.87,0.12643463524214724
2001-08-08,0.8,0.11626173355599748
2001-08-09,0.75,0.10899537520874764
2001-08-10,0.75,0.10899537520874764
2001-08-11,0.75,0.10899537520874764
2001-08-12,0.72,0.10463556020039771
2001-08-13,0.74,0.10754210353929766
2001-08-14,0.73,0.10608883186984769
2001-08-15,0.7,0.10172901686149778
2001-08-16,0.74,0.10754210353929766
2001-08-17,0.75,0.10899537520874764
2001-08-18,0.71,0.10318228853094775
2001-08-19,0.72,0.10463556020039771
2001-08-20,0.7,0.10172901686149778
2001-08-21,0.7,0.10172901686149778
2001-08-22,0.75,0.10899537520874764
2001-08-23,0.92,0.1337009935893971
2001-08-24,0.97,0.14096735193664692
2001-08-25,0.91,0.13224772191994713
2001-08-26,0.84,0.12207482023379734
2001-08-27,0.77,0.11190191854764757
2001-08-28,0.72,0.10463556020039771
2001-08-29,0.7,0.10172901686149778
2001-08-30,0.71,0.10318228853094775
2001-08-31,0.71,0.10318228853094775
2001-09-01,0.71,0.10318228853094775
2001-09-02,0.71,0.10318228853094775
2001-09-03,0.67,0.09736920185314789
2001-09-04,0.65,0.09446265851424795
2001-09-05,0.65,0.09446265851424795
2001-09-06,0.63,0.09155611517534801
2001-09-07,0.61,0.08864957183644807
2001-09-08,0.59,0.08574302849754813
2001-09-09,0.61,0.08864957183644807
2001-09-10,0.64,0.09300938684479798
2001-09-11,0.67,0.09736920185314789
2001-09-12,0.7,0.10172901686149778
2001-09-13,0.65,0.09446265851424795
2001-09-14,0.63,0.09155611517534801
2001-09-15,0.6,0.0871963001669981
2001-09-16,0.58,0.08428975682809817
2001-09-17,0.58,0.08428975682809817
2001-09-18,0.58,0.08428975682809817
2001-09-19,0.56,0.08138321348919823
2001-09-20,0.55,0.07992994181974827
2001-09-21,0.53,0.07702339848084833
2001-09-22,0.52,0.07557012681139835
2001-09-23,0.51,0.07411685514194839
2001-09-24,0.51,0.07411685514194839
2001-09-25,0.63,0.09155611517534801
2001-09-26,0.63,0.09155611517534801
2001-09-27,0.65,0.09446265851424795
2001-09-28,0.63,0.09155611517534801
2001-09-29,0.62,0.09010284350589803
2001-09-30,0.59,0.08574302849754813
2001-10-01,0.57,0.0828364851586482
2001-10-02,0.53,0.07702339848084833
2001-10-03,0.52,0.07557012681139835
2001-10-04,0.49,0.07121031180304845
2001-10-05,0.53,0.07702339848084833
2001-10-06,0.58,0.08428975682809817
2001-10-07,0.58,0.08428975682809817
2001-10-08,0.58,0.08428975682809817
2001-10-09,0.55,0.07992994181974827
2001-10-10,0.55,0.07992994181974827
2001-10-11,0.56,0.08138321348919823
2001-10-12,0.54,0.0784766701502983
2001-10-13,0.55,0.07992994181974827
2001-10-14,0.53,0.07702339848084833
2001-10-15,0.55,0.07992994181974827
2001-10-16,0.55,0.07992994181974827
2001-10-17,0.58,0.08428975682809817
2001-10-18,0.57,0.0828364851586482
2001-10-19,0.56,0.08138321348919823
2001-10-20,0.55,0.07992994181974827
2001-10-21,0.54,0.0784766701502983
2001-10-22,0.56,0.08138321348919823
2001-10-23,0.65,0.09446265851424795
2001-10-24,0.65,0.09446265851424795
2001-10-25,0.66,0.09591593018369791
2001-10-26,0.65,0.09446265851424795
2001-10-27,0.66,0.09591593018369791
2001-10-28,0.71,0.10318228853094775
2001-10-29,0.86,0.12498136357269728
2001-10-30,2.15,0.31245340893174317
2001-10-31,1.83,0.26594871550934424
2001-11-01,1.44,0.20927112040079543
2001-11-02,1.24,0.18020568701179607
2001-11-03,1.12,0.16276642697839647
2001-11-04,1.0,0.14532716694499684
2001-11-05,0.95,0.138060808597747
2001-11-06,0.92,0.1337009935893971
2001-11-07,0.93,0.13515426525884708
2001-11-08,0.94,0.13660753692829702
2001-11-09,0.92,0.1337009935893971
2001-11-10,0.96,0.13951408026719697
2001-11-11,1.49,0.2165374787480453
2001-11-12,9.49,1.3791548143080201
2001-11-13,8.83,1.283238884124322
2001-11-14,8.44,1.2265612890157733
2001-11-15,5.57,0.8094723198836324
2001-11-16,6.5,0.9446265851424794
2001-11-17,6.3,0.9155611517534801
2001-11-18,4.34,0.6307199045412862
2001-11-19,4.88,0.7091965746915846
2001-11-20,9.12,1.325383762538371
2001-11-21,74.2,10.783275787318766
2001-11-22,83.2,12.091220289823738
2001-11-23,38.0,5.5224323439098795
2001-11-24,109.0,15.840661197004655
2001-11-25,78.1,11.350051738404252
2001-11-26,49.4,7.179162047082843
2001-11-27,35.9,5.217245293325386
2001-11-28,49.9,7.251825630555342
2001-11-29,93.7,13.617155542746204
2001-11-30,73.4,10.667014053762768
2001-12-01,191.0,27.757488886494396
2001-12-02,160.0,23.252346711199493
2001-12-03,157.0,22.816365210364502
2001-12-04,108.0,15.695334030059659
2001-12-05,255.0,37.058427570974196
2001-12-06,281.0,40.836933911544115
2001-12-07,164.0,23.833655378979483
2001-12-08,98.1,14.256595077304189
2001-12-09,73.5,10.681546770457267
2001-12-10,57.8,8.399910249420817
2001-12-11,47.4,6.88850771319285
2001-12-12,40.4,5.871217544577872
2001-12-13,48.4,7.033834880137847
2001-12-14,93.9,13.646220976135204
2001-12-15,74.7,10.855939370791264
2001-12-16,74.1,10.768743070624264
2001-12-17,183.0,26.59487155093442
2001-12-18,132.0,19.18318603673958
2001-12-19,119.0,17.293932866454625
2001-12-20,121.0,17.584587200344618
2001-12-21,102.0,14.823371028389678
2001-12-22,99.6,14.474585827721684
2001-12-23,100.0,14.532716694499683
2001-12-24,89.6,13.021314158271716
2001-12-25,76.8,11.161126421375757
2001-12-26,65.2,9.475331284813794
2001-12-27,63.9,9.286405967785297
2001-12-28,66.1,9.60612573506429
2001-12-29,75.6,10.98673382104176
2001-12-30,77.3,11.233790004848256
2001-12-31,93.5,13.588090109357204
2002-01-01,136.0,19.76449470451957
2002-01-02,262.0,38.07571773958917
2002-01-03,205.0,29.79206922372435
2002-01-04,126.0,18.311223035069602
2002-01-05,101.0,14.678043861444682
2002-01-06,219.0,31.82664956095431
2002-01-07,191.0,27.757488886494396
2002-01-08,137.0,19.909821871464565
2002-01-09,99.5,14.460053111027186
2002-01-10,81.1,11.786033239239243
2002-01-11,67.6,9.824116485481785
2002-01-12,56.8,8.25458308247582
2002-01-13,47.7,6.93210586327635
2002-01-14,41.1,5.97294656143937
2002-01-15,35.2,5.1155162764638895
2002-01-16,30.8,4.476076741905903
2002-01-17,27.9,4.054627957765412
2002-01-18,25.1,3.647711890319421
2002-01-19,23.1,3.357057556429427
2002-01-20,21.1,3.0664032225394333
2002-01-21,26.8,3.894768074125915
2002-01-22,23.4,3.400655706512926
2002-01-23,21.4,3.110001372622932
2002-01-24,19.8,2.8774779055109376
2002-01-25,19.5,2.8338797554274384
2002-01-26,26.3,3.822104490653417
2002-01-27,25.0,3.633179173624921
2002-01-28,24.5,3.5605155901524226
2002-01-29,23.4,3.400655706512926
2002-01-30,22.1,3.2117303894844302
2002-01-31,20.5,2.9792069223724353
2002-02-01,20.4,2.964674205677935
2002-02-02,18.9,2.74668345526044
2002-02-03,17.6,2.5577581382319448
2002-02-04,16.4,2.383365537897948
2002-02-05,15.6,2.2671038043419505
2002-02-06,14.7,2.1363093540914533
2002-02-07,31.2,4.534207608683901
2002-02-08,43.8,6.3653299121908615
2002-02-09,37.4,5.435236043742882
2002-02-10,32.6,4.737665642406897
2002-02-11,29.0,4.2144878414049085
2002-02-12,26.2,3.807571773958917
2002-02-13,23.8,3.458786573290925
2002-02-14,21.6,3.139066806011932
2002-02-15,19.5,2.8338797554274384
2002-02-16,18.5,2.6885525884824415
2002-02-17,17.4,2.528692704842945
2002-02-18,16.0,2.3252346711199494
2002-02-19,46.0,6.685049679469855
2002-02-20,144.0,20.927112040079546
2002-02-21,107.0,15.550006863114662
2002-02-22,79.8,11.597107922210748
2002-02-23,80.1,11.640706072294247
2002-02-24,75.7,11.001266537736262
2002-02-25,66.5,9.66425660184229
2002-02-26,57.0,8.28364851586482
2002-02-27,47.6,6.91757314658185
2002-02-28,40.6,5.900282977966872
2002-03-01,34.3,4.984721826213391
2002-03-02,29.6,4.301684141571907
2002-03-03,26.1,3.7930390572644175
2002-03-04,23.8,3.458786573290925
2002-03-05,22.8,3.313459406345928
2002-03-06,25.5,3.7058427570974195
2002-03-07,31.8,4.621403908850899
2002-03-08,29.4,4.272618708182907
2002-03-09,28.5,4.14182425793241
2002-03-10,35.1,5.100983559769389
2002-03-11,33.6,4.882992809351894
2002-03-12,31.9,4.635936625545399
2002-03-13,30.9,4.490609458600402
2002-03-14,28.4,4.12729154123791
2002-03-15,27.0,3.9238335075149147
2002-03-16,25.3,3.67677732370842
2002-03-17,24.2,3.5169174400689234
2002-03-18,22.5,3.2698612562624287
2002-03-19,20.8,3.0228050724559345
2002-03-20,19.5,2.8338797554274384
2002-03-21,18.5,2.6885525884824415
2002-03-22,20.6,2.993739639066935
2002-03-23,28.5,4.14182425793241
2002-03-24,31.0,4.505142175294902
2002-03-25,30.3,4.403413158433405
2002-03-26,28.5,4.14182425793241
2002-03-27,26.3,3.822104490653417
2002-03-28,24.2,3.5169174400689234
2002-03-29,22.1,3.2117303894844302
2002-03-30,20.0,2.9065433388999367
2002-03-31,18.5,2.6885525884824415
2002-04-01,16.8,2.441496404675947
2002-04-02,15.9,2.3107019544254497
2002-04-03,14.7,2.1363093540914533
2002-04-04,14.0,2.0345803372299556
2002-04-05,13.1,1.9037858869794586
2002-04-06,12.7,1.8456550202014597
2002-04-07,12.0,1.7439260033399622
2002-04-08,11.1,1.6131315530894648
2002-04-09,11.5,1.6712624198674637
2002-04-10,11.6,1.6857951365619632
2002-04-11,10.8,1.569533403005966
2002-04-12,9.99,1.4518183977805184
2002-04-13,9.58,1.3922342593330697
2002-04-14,9.31,1.3529959242579206
2002-04-15,9.12,1.325383762538371
2002-04-16,9.71,1.4111267910359193
2002-04-17,9.55,1.38787444432472
2002-04-18,9.13,1.3268370342078213
2002-04-19,8.98,1.3050379591660717
2002-04-20,8.63,1.2541734507353228
2002-04-21,8.27,1.2018556706351238
2002-04-22,7.89,1.146631347196025
2002-04-23,7.64,1.1102995554597759
2002-04-24,7.4,1.0754210353929767
2002-04-25,7.29,1.059435047029027
2002-04-26,7.23,1.0507154170123272
2002-04-27,7.25,1.0536219603512271
2002-04-28,7.06,1.0260097986316776
2002-04-29,7.0,1.0172901686149778
2002-04-30,6.96,1.011477081937178
2002-05-01,6.66,0.967878931853679
2002-05-02,6.46,0.9388134984646795
2002-05-03,6.27,0.9112013367451302
2002-05-04,6.09,0.8850424466950307
2002-05-05,5.92,0.8603368283143813
2002-05-06,5.74,0.8341779382642819
2002-05-07,5.59,0.8123788632225323
2002-05-08,5.5,0.7992994181974826
2002-05-09,5.35,0.777500343155733
2002-05-10,5.21,0.7571545397834335
2002-05-11,5.13,0.7455283664278337
2002-05-12,4.96,0.7208227480471843
2002-05-13,4.87,0.7077433030221346
2002-05-14,4.8,0.6975704013359848
2002-05-15,4.76,0.6917573146581849
2002-05-16,4.67,0.6786778696331353
2002-05-17,4.55,0.6612386095997356
2002-05-18,4.5,0.6539722512524858
2002-05-19,4.75,0.6903040429887349
2002-05-20,6.74,0.9795051052092787
2002-05-21,6.27,0.9112013367451302
2002-05-22,5.02,0.7295423780638841
2002-05-23,4.75,0.6903040429887349
2002-05-24,4.52,0.6568787945913857
2002-05-25,4.32,0.6278133612023864
2002-05-26,4.03,0.5856684827883373
2002-05-27,3.9,0.5667759510854876
2002-05-28,3.9,0.5667759510854876
2002-05-29,3.86,0.5609628644076878
2002-05-30,3.74,0.5435236043742883
2002-05-31,3.58,0.5202712576630887
2002-06-01,3.51,0.5100983559769389
2002-06-02,3.4,0.4941123676129892
2002-06-03,3.36,0.4882992809351894
2002-06-04,3.3,0.47957965091848953
2002-06-05,3.23,0.46940674923233977
2002-06-06,3.09,0.4490609458600402
2002-06-07,3.06,0.44470113085169033
2002-06-08,2.98,0.4330749574960906
2002-06-09,2.98,0.4330749574960906
2002-06-10,2.93,0.4258085991488408
2002-06-11,2.89,0.4199955124710409
2002-06-12,2.76,0.40110298076819123
2002-06-13,2.73,0.39674316575984137
2002-06-14,2.68,0.38947680741259155
2002-06-15,2.67,0.3880235357431415
2002-06-16,2.63,0.3822104490653417
2002-06-17,2.55,0.3705842757097419
2002-06-18,2.55,0.3705842757097419
2002-06-19,2.52,0.36622446070139203
2002-06-20,2.36,0.3429721139901925
2002-06-21,2.34,0.34006557065129256
2002-06-22,2.31,0.3357057556429427
2002-06-23,2.3,0.3342524839734927
2002-06-24,2.29,0.33279921230404275
2002-06-25,2.27,0.3298926689651428
2002-06-26,2.21,0.321173038948443
2002-06-27,2.15,0.31245340893174317
2002-06-28,2.1,0.30518705058449336
2002-06-29,2.07,0.30082723557614344
2002-06-30,2.03,0.29501414889834354
2002-07-01,1.97,0.28629451888164376
2002-07-02,1.86,0.27030853051769416
2002-07-03,1.83,0.26594871550934424
2002-07-04,1.8,0.2615889005009943
2002-07-05,1.79,0.26013562883154434
2002-07-06,1.77,0.2572290854926444
2002-07-07,1.75,0.25432254215374445
2002-07-08,1.73,0.25141599881484455
2002-07-09,1.69,0.24560291213704466
2002-07-10,1.61,0.23397673878144493
2002-07-11,1.52,0.2208972937563952
2002-07-12,1.47,0.21363093540914535
2002-07-13,1.43,0.20781784873134548
2002-07-14,1.39,0.2020047620535456
2002-07-15,1.35,0.19619167537574575
2002-07-16,1.35,0.19619167537574575
2002-07-17,1.33,0.1932851320368458
2002-07-18,1.31,0.19037858869794586
2002-07-19,1.28,0.18601877368959596
2002-07-20,1.25,0.18165895868124604
2002-07-21,1.23,0.17875241534234612
2002-07-22,1.21,0.17584587200344617
2002-07-23,1.2,0.1743926003339962
2002-07-24,1.2,0.1743926003339962
2002-07-25,1.2,0.1743926003339962
2002-07-26,1.16,0.16857951365619633
2002-07-27,1.14,0.1656729703172964
2002-07-28,1.11,0.1613131553089465
2002-07-29,1.11,0.1613131553089465
2002-07-30,1.1,0.15985988363949655
2002-07-31,1.09,0.15840661197004657
2002-08-01,1.07,0.15550006863114663
2002-08-02,1.06,0.15404679696169665
2002-08-03,1.06,0.15404679696169665
2002-08-04,1.08,0.1569533403005966
2002-08-05,1.1,0.15985988363949655
2002-08-06,1.08,0.1569533403005966
2002-08-07,1.06,0.15404679696169665
2002-08-08,1.03,0.14968698195334676
2002-08-09,0.96,0.13951408026719697
2002-08-10,0.94,0.13660753692829702
2002-08-11,0.89,0.12934117858104718
2002-08-12,0.86,0.12498136357269728
2002-08-13,0.82,0.1191682768948974
2002-08-14,0.79,0.1148084618865475
2002-08-15,0.78,0.11335519021709754
2002-08-16,0.76,0.1104486468781976
2002-08-17,0.74,0.10754210353929766
2002-08-18,0.74,0.10754210353929766
2002-08-19,0.74,0.10754210353929766
2002-08-20,0.74,0.10754210353929766
2002-08-21,0.77,0.11190191854764757
2002-08-22,0.8,0.11626173355599748
2002-08-23,0.79,0.1148084618865475
2002-08-24,0.78,0.11335519021709754
2002-08-25,0.76,0.1104486468781976
2002-08-26,0.75,0.10899537520874764
2002-08-27,0.74,0.10754210353929766
2002-08-28,0.73,0.10608883186984769
2002-08-29,0.72,0.10463556020039771
2002-08-30,0.71,0.10318228853094775
2002-08-31,0.69,0.10027574519204781
2002-09-01,0.67,0.09736920185314789
2002-09-02,0.61,0.08864957183644807
2002-09-03,0.56,0.08138321348919823
2002-09-04,0.56,0.08138321348919823
2002-09-05,0.59,0.08574302849754813
2002-09-06,0.62,0.09010284350589803
2002-09-07,0.65,0.09446265851424795
2002-09-08,0.64,0.09300938684479798
2002-09-09,0.63,0.09155611517534801
2002-09-10,0.61,0.08864957183644807
2002-09-11,0.58,0.08428975682809817
2002-09-12,0.55,0.07992994181974827
2002-09-13,0.54,0.0784766701502983
2002-09-14,0.5,0.07266358347249842
2002-09-15,0.5,0.07266358347249842
2002-09-16,0.52,0.07557012681139835
2002-09-17,0.53,0.07702339848084833
2002-09-18,0.55,0.07992994181974827
2002-09-19,0.52,0.07557012681139835
2002-09-20,0.48,0.06975704013359849
2002-09-21,0.48,0.06975704013359849
2002-09-22,0.46,0.06685049679469855
2002-09-23,0.43,0.06249068178634864
2002-09-24,0.45,0.06539722512524858
2002-09-25,0.4,0.05813086677799874
2002-09-26,0.37,0.05377105176964883
2002-09-27,0.37,0.05377105176964883
2002-09-28,0.41,0.0595841384474487
2002-09-29,0.45,0.06539722512524858
2002-09-30,0.45,0.06539722512524858
2002-10-01,0.45,0.06539722512524858
2002-10-02,0.44,0.0639439534557986
2002-10-03,0.43,0.06249068178634864
2002-10-04,0.45,0.06539722512524858
2002-10-05,0.45,0.06539722512524858
2002-10-06,0.44,0.0639439534557986
2002-10-07,0.43,0.06249068178634864
2002-10-08,0.41,0.0595841384474487
2002-10-09,0.41,0.0595841384474487
2002-10-10,0.41,0.0595841384474487
2002-10-11,0.45,0.06539722512524858
2002-10-12,0.45,0.06539722512524858
2002-10-13,0.45,0.06539722512524858
2002-10-14,0.49,0.07121031180304845
2002-10-15,0.51,0.07411685514194839
2002-10-16,0.51,0.07411685514194839
2002-10-17,0.51,0.07411685514194839
2002-10-18,0.5,0.07266358347249842
2002-10-19,0.51,0.07411685514194839
2002-10-20,0.54,0.0784766701502983
2002-10-21,0.57,0.0828364851586482
2002-10-22,0.6,0.0871963001669981
2002-10-23,0.61,0.08864957183644807
2002-10-24,0.69,0.10027574519204781
2002-10-25,0.82,0.1191682768948974
2002-10-26,0.87,0.12643463524214724
2002-10-27,0.86,0.12498136357269728
2002-10-28,0.84,0.12207482023379734
2002-10-29,0.81,0.11771500522544745
2002-10-30,0.8,0.11626173355599748
2002-10-31,0.83,0.12062154856434737
2002-11-01,0.86,0.12498136357269728
2002-11-02,0.84,0.12207482023379734
2002-11-03,0.85,0.1235280919032473
2002-11-04,0.86,0.12498136357269728
2002-11-05,0.84,0.12207482023379734
2002-11-06,0.85,0.1235280919032473
2002-11-07,6.14,0.8923088050422805
2002-11-08,14.6,2.121776637396954
2002-11-09,13.4,1.9473840370629576
2002-11-10,24.0,3.4878520066799243
2002-11-11,9.89,1.4372856810860188
2002-11-12,6.97,1.0129303536066279
2002-11-13,5.89,0.8559770133060314
2002-11-14,4.71,0.6844909563109352
2002-11-15,3.99,0.5798553961105374
2002-11-16,3.51,0.5100983559769389
2002-11-17,3.17,0.46068711921564
2002-11-18,2.85,0.414182425793241
2002-11-19,2.59,0.3763973623875418
2002-11-20,2.39,0.3473319289985425
2002-11-21,2.25,0.3269861256262429
2002-11-22,2.1,0.30518705058449336
2002-11-23,2.0,0.2906543338899937
2002-11-24,1.92,0.27902816053439394
2002-11-25,1.82,0.26449544383989426
2002-11-26,1.73,0.25141599881484455
2002-11-27,1.63,0.23688328212034482
2002-11-28,1.61,0.23397673878144493
2002-11-29,1.52,0.2208972937563952
2002-11-30,1.52,0.2208972937563952
2002-12-01,1.46,0.21217766373969538
2002-12-02,1.42,0.2063645770618955
2002-12-03,1.43,0.20781784873134548
2002-12-04,1.54,0.22380383709529514
2002-12-05,1.42,0.2063645770618955
2002-12-06,1.42,0.2063645770618955
2002-12-07,1.34,0.19473840370629578
2002-12-08,1.33,0.1932851320368458
2002-12-09,1.86,0.27030853051769416
2002-12-10,3.12,0.45342076086839017
2002-12-11,2.53,0.36767773237084195
2002-12-12,2.56,0.3720375473791919
2002-12-13,163.0,23.688328212034484
2002-12-14,522.0,75.86078114528836
2002-12-15,376.0,54.64301477131881
2002-12-16,612.0,88.94022617033806
2002-12-17,282.0,40.98226107848911
2002-12-18,148.0,21.508420707859532
2002-12-19,116.0,16.857951365619634
2002-12-20,259.0,37.63973623875418
2002-12-21,382.0,55.51497777298879
2002-12-22,213.0,30.954686559284326
2002-12-23,112.0,16.276642697839645
2002-12-24,75.6,10.98673382104176
2002-12-25,59.2,8.603368283143814
2002-12-26,60.6,8.80682631686681
2002-12-27,291.0,42.29020558099408
2002-12-28,647.0,94.02667701341295
2002-12-29,375.0,54.497687604373816
2002-12-30,311.0,45.19674891989402
2002-12-31,601.0,87.3416273339431
2003-01-01,319.0,46.35936625545399
2003-01-02,179.0,26.013562883154435
2003-01-03,105.0,15.259352529224667
2003-01-04,79.5,11.55350977212725
2003-01-05,65.8,9.562527584980792
2003-01-06,56.1,8.152854065614322
2003-01-07,49.1,7.135563896999345
2003-01-08,43.6,6.336264478801862
2003-01-09,40.0,5.813086677799873
2003-01-10,48.5,7.048367596832347
2003-01-11,60.4,8.777760883477809
2003-01-12,108.0,15.695334030059659
2003-01-13,273.0,39.674316575984136
2003-01-14,272.0,39.52898940903914
2003-01-15,164.0,23.833655378979483
2003-01-16,100.0,14.532716694499683
2003-01-17,75.5,10.972201104347262
2003-01-18,61.1,8.879489900339307
2003-01-19,51.6,7.498881814361837
2003-01-20,45.1,6.554255229219358
2003-01-21,42.0,6.103741011689867
2003-01-22,48.1,6.990236730054348
2003-01-23,53.8,7.81860158164083
2003-01-24,52.0,7.5570126811398355
2003-01-25,58.0,8.428975682809817
2003-01-26,55.9,8.123788632225324
2003-01-27,52.2,7.586078114528835
2003-01-28,46.9,6.815844129720351
2003-01-29,41.9,6.089208294995367
2003-01-30,38.1,5.53696506060438
2003-01-31,34.8,5.05738540968589
2003-02-01,32.4,4.708600209017898
2003-02-02,29.5,4.287151424877407
2003-02-03,27.3,3.967431657598414
2003-02-04,25.2,3.6622446070139203
2003-02-05,23.5,3.4151884232074257
2003-02-06,21.9,3.1826649560954308
2003-02-07,20.5,2.9792069223724353
2003-02-08,19.2,2.790281605343939
2003-02-09,18.0,2.6158890050099433
2003-02-10,17.0,2.4705618380649463
2003-02-11,16.1,2.339767387814449
2003-02-12,15.5,2.252571087647451
2003-02-13,22.5,3.2698612562624287
2003-02-14,20.2,2.935608772288936
2003-02-15,32.9,4.781263792490396
2003-02-16,78.4,11.393649888487753
2003-02-17,59.4,8.632433716532812
2003-02-18,49.6,7.208227480471844
2003-02-19,46.4,6.743180546247853
2003-02-20,41.9,6.089208294995367
2003-02-21,38.2,5.55149777729888
2003-02-22,35.2,5.1155162764638895
2003-02-23,32.7,4.752198359101397
2003-02-24,31.0,4.505142175294902
2003-02-25,28.8,4.185422408015909
2003-02-26,26.4,3.8366372073479162
2003-02-27,24.5,3.5605155901524226
2003-02-28,22.7,3.298926689651428
2003-03-01,21.2,3.080935939233933
2003-03-02,19.9,2.892010622205437
2003-03-03,18.8,2.7321507385659407
2003-03-04,17.8,2.586823571620944
2003-03-05,16.6,2.412430971286948
2003-03-06,15.6,2.2671038043419505
2003-03-07,14.9,2.1653747874804528
2003-03-08,14.3,2.078178487313455
2003-03-09,13.7,1.9909821871464566
2003-03-10,13.5,1.9619167537574573
2003-03-11,13.3,1.932851320368458
2003-03-12,12.7,1.8456550202014597
2003-03-13,15.8,2.29616923773095
2003-03-14,28.7,4.170889691321409
2003-03-15,148.0,21.508420707859532
2003-03-16,99.5,14.460053111027186
2003-03-17,70.3,10.216499836233277
2003-03-18,55.9,8.123788632225324
2003-03-19,49.6,7.208227480471844
2003-03-20,47.1,6.8449095631093515
2003-03-21,42.4,6.161871878467866
2003-03-22,45.4,6.597853379302856
2003-03-23,51.5,7.484349097667337
2003-03-24,49.3,7.164629330388344
2003-03-25,47.2,6.859442279803851
2003-03-26,58.5,8.501639266282314
2003-03-27,55.0,7.992994181974826
2003-03-28,50.5,7.339021930722341
2003-03-29,45.4,6.597853379302856
2003-03-30,40.5,5.8857502612723716
2003-03-31,36.5,5.304441593492385
2003-04-01,33.5,4.868460092657394
2003-04-02,33.3,4.839394659268394
2003-04-03,31.6,4.5923384754619
2003-04-04,44.2,6.4234607789688605
2003-04-05,42.9,6.234535461940364
2003-04-06,43.2,6.278133612023864
2003-04-07,43.2,6.278133612023864
2003-04-08,42.5,6.176404595162365
2003-04-09,41.2,5.98747927813387
2003-04-10,39.7,5.7694885277163745
2003-04-11,37.7,5.478834193826382
2003-04-12,60.2,8.74869545008881
2003-04-13,82.4,11.97495855626774
2003-04-14,89.5,13.006781441577218
2003-04-15,83.7,12.163883873296236
2003-04-16,97.7,14.198464210526192
2003-04-17,102.0,14.823371028389678
2003-04-18,87.9,12.774257974465224
2003-04-19,71.1,10.332761569789275
2003-04-20,58.9,8.559770133060313
2003-04-21,52.4,7.615143547917834
2003-04-22,46.5,6.757713262942353
2003-04-23,49.0,7.121031180304845
2003-04-24,94.7,13.7624827096912
2003-04-25,114.0,16.56729703172964
2003-04-26,118.0,17.148605699509627
2003-04-27,104.0,15.114025362279671
2003-04-28,153.0,22.235056542584516
2003-04-29,384.0,55.80563210687879
2003-04-30,344.0,49.99254542907891
2003-05-01,222.0,32.2626310617893
2003-05-02,134.0,19.473840370629578
2003-05-03,92.5,13.442762942412207
2003-05-04,77.0,11.190191854764757
2003-05-05,67.7,9.838649202176287
2003-05-06,59.9,8.70509730000531
2003-05-07,52.9,7.687807131390333
2003-05-08,49.5,7.193694763777343
2003-05-09,45.1,6.554255229219358
2003-05-10,40.5,5.8857502612723716
2003-05-11,36.9,5.362572460270383
2003-05-12,33.8,4.912058242740892
2003-05-13,31.1,4.519674891989402
2003-05-14,28.8,4.185422408015909
2003-05-15,26.7,3.8802353574314155
2003-05-16,24.7,3.5895810235414216
2003-05-17,23.0,3.3425248397349274
2003-05-18,21.5,3.124534089317432
2003-05-19,20.2,2.935608772288936
2003-05-20,18.9,2.74668345526044
2003-05-21,17.8,2.586823571620944
2003-05-22,16.7,2.426963687981447
2003-05-23,15.8,2.29616923773095
2003-05-24,15.0,2.1799075041749525
2003-05-25,14.4,2.0927112040079545
2003-05-26,13.8,2.0055149038409565
2003-05-27,13.1,1.9037858869794586
2003-05-28,12.6,1.8311223035069601
2003-05-29,12.2,1.7729914367289614
2003-05-30,11.8,1.7148605699509627
2003-05-31,11.4,1.656729703172964
2003-06-01,10.9,1.5840661197004655
2003-06-02,10.6,1.5404679696169665
2003-06-03,10.2,1.4823371028389676
2003-06-04,9.85,1.4314725944082187
2003-06-05,9.62,1.3980473460108696
2003-06-06,9.36,1.3602622826051702
2003-06-07,9.13,1.3268370342078213
2003-06-08,8.88,1.290505242471572
2003-06-09,8.56,1.244000549049173
2003-06-10,8.33,1.2105753006518236
2003-06-11,8.1,1.1771500522544744
2003-06-12,7.83,1.1379117171793252
2003-06-13,7.58,1.101579925443076
2003-06-14,7.4,1.0754210353929767
2003-06-15,7.15,1.0390892436567274
2003-06-16,6.91,1.0042107235899282
2003-06-17,6.66,0.967878931853679
2003-06-18,6.49,0.9431733134730295
2003-06-19,6.35,0.9228275101007298
2003-06-20,6.16,0.8952153483811806
2003-06-21,6.05,0.8792293600172308
2003-06-22,5.82,0.8458041116198817
2003-06-23,5.62,0.8167386782308822
2003-06-24,5.56,0.8080190482141824
2003-06-25,5.35,0.777500343155733
2003-06-26,5.14,0.7469816380972837
2003-06-27,4.93,0.7164629330388343
2003-06-28,4.72,0.685944227980385
2003-06-29,4.6,0.6685049679469854
2003-06-30,4.53,0.6583320662608357
2003-07-01,4.52,0.6568787945913857
2003-07-02,4.33,0.6292666328718364
2003-07-03,4.24,0.6161871878467866
2003-07-04,4.11,0.5972946561439371
2003-07-05,3.96,0.5754955811021875
2003-07-06,3.9,0.5667759510854876
2003-07-07,3.8,0.552243234390988
2003-07-08,3.77,0.5478834193826381
2003-07-09,3.61,0.5246310726714386
2003-07-10,3.5,0.5086450843074889
2003-07-11,3.39,0.4926590959435393
2003-07-12,3.29,0.4781263792490396
2003-07-13,3.26,0.47376656424068964
2003-07-14,3.19,0.46359366255453993
2003-07-15,3.09,0.4490609458600402
2003-07-16,3.19,0.46359366255453993
2003-07-17,3.2,0.4650469342239899
2003-07-18,2.88,0.41854224080159086
2003-07-19,2.78,0.4040095241070912
2003-07-20,2.7,0.3923833507514915
2003-07-21,2.59,0.3763973623875418
2003-07-22,2.48,0.36041137402359213
2003-07-23,2.41,0.3502384723374424
2003-07-24,2.42,0.35169174400689235
2003-07-25,2.44,0.3545982873457923
2003-07-26,2.3,0.3342524839734927
2003-07-27,2.19,0.31826649560954307
2003-07-28,2.1,0.30518705058449336
2003-07-29,2.0,0.2906543338899937
2003-07-30,1.92,0.27902816053439394
2003-07-31,1.9,0.276121617195494
2003-08-01,1.91,0.27757488886494397
2003-08-02,1.94,0.28193470387329383
2003-08-03,1.92,0.27902816053439394
2003-08-04,1.94,0.28193470387329383
2003-08-05,1.97,0.28629451888164376
2003-08-06,1.99,0.2892010622205437
2003-08-07,2.0,0.2906543338899937
2003-08-08,1.95,0.2833879755427438
2003-08-09,1.91,0.27757488886494397
2003-08-10,1.85,0.2688552588482442
2003-08-11,1.79,0.26013562883154434
2003-08-12,1.74,0.2528692704842945
2003-08-13,1.69,0.24560291213704466
2003-08-14,1.6,0.23252346711199495
2003-08-15,1.58,0.229616923773095
2003-08-16,1.52,0.2208972937563952
2003-08-17,1.46,0.21217766373969538
2003-08-18,1.38,0.20055149038409562
2003-08-19,1.34,0.19473840370629578
2003-08-20,1.28,0.18601877368959596
2003-08-21,1.26,0.18311223035069601
2003-08-22,1.29,0.18747204535904594
2003-08-23,1.33,0.1932851320368458
2003-08-24,1.31,0.19037858869794586
2003-08-25,1.25,0.18165895868124604
2003-08-26,1.19,0.17293932866454623
2003-08-27,1.14,0.1656729703172964
2003-08-28,1.11,0.1613131553089465
2003-08-29,1.11,0.1613131553089465
2003-08-30,1.07,0.15550006863114663
2003-08-31,1.02,0.14823371028389679
2003-09-01,0.98,0.1424206236060969
2003-09-02,0.93,0.13515426525884708
2003-09-03,1.16,0.16857951365619633
2003-09-04,1.1,0.15985988363949655
2003-09-05,1.08,0.1569533403005966
2003-09-06,1.12,0.16276642697839647
2003-09-07,1.15,0.16712624198674636
2003-09-08,1.13,0.1642196986478464
2003-09-09,1.17,0.17003278532564628
2003-09-10,1.22,0.17729914367289615
2003-09-11,1.11,0.1613131553089465
2003-09-12,1.01,0.1467804386144468
2003-09-13,0.94,0.13660753692829702
2003-09-14,0.87,0.12643463524214724
2003-09-15,0.85,0.1235280919032473
2003-09-16,0.83,0.12062154856434737
2003-09-17,0.84,0.12207482023379734
2003-09-18,0.81,0.11771500522544745
2003-09-19,0.79,0.1148084618865475
2003-09-20,0.79,0.1148084618865475
2003-09-21,0.77,0.11190191854764757
2003-09-22,0.72,0.10463556020039771
2003-09-23,0.71,0.10318228853094775
2003-09-24,0.69,0.10027574519204781
2003-09-25,0.68,0.09882247352259786
2003-09-26,0.67,0.09736920185314789
2003-09-27,0.65,0.09446265851424795
2003-09-28,0.66,0.09591593018369791
2003-09-29,0.72,0.10463556020039771
2003-09-30,0.72,0.10463556020039771
2003-10-01,1.02,0.14823371028389679
2003-10-02,1.03,0.14968698195334676
2003-10-03,1.03,0.14968698195334676
2003-10-04,1.0,0.14532716694499684
2003-10-05,0.98,0.1424206236060969
2003-10-06,0.96,0.13951408026719697
2003-10-07,0.95,0.138060808597747
2003-10-08,0.94,0.13660753692829702
2003-10-09,0.96,0.13951408026719697
2003-10-10,0.96,0.13951408026719697
2003-10-11,0.98,0.1424206236060969
2003-10-12,0.98,0.1424206236060969
2003-10-13,0.97,0.14096735193664692
2003-10-14,0.95,0.138060808597747
2003-10-15,0.95,0.138060808597747
2003-10-16,0.94,0.13660753692829702
2003-10-17,0.97,0.14096735193664692
2003-10-18,0.99,0.14387389527554686
2003-10-19,1.02,0.14823371028389679
2003-10-20,1.02,0.14823371028389679
2003-10-21,0.97,0.14096735193664692
2003-10-22,0.96,0.13951408026719697
2003-10-23,1.01,0.1467804386144468
2003-10-24,0.98,0.1424206236060969
2003-10-25,0.96,0.13951408026719697
2003-10-26,0.94,0.13660753692829702
2003-10-27,0.94,0.13660753692829702
2003-10-28,0.92,0.1337009935893971
2003-10-29,0.93,0.13515426525884708
2003-10-30,0.96,0.13951408026719697
2003-10-31,1.02,0.14823371028389679
2003-11-01,1.1,0.15985988363949655
2003-11-02,1.35,0.19619167537574575
2003-11-03,1.57,0.22816365210364503
2003-11-04,1.34,0.19473840370629578
2003-11-05,1.34,0.19473840370629578
2003-11-06,1.48,0.21508420707859532
2003-11-07,1.98,0.28774779055109373
2003-11-08,3.09,0.4490609458600402
2003-11-09,7.14,1.0376359719872774
2003-11-10,4.74,0.6888507713192851
2003-11-11,2.77,0.40255625243764126
2003-11-12,2.1,0.30518705058449336
2003-11-13,1.88,0.27321507385659405
2003-11-14,4.75,0.6903040429887349
2003-11-15,15.8,2.29616923773095
2003-11-16,6.94,1.0085705385982782
2003-11-17,6.17,0.8966686200506305
2003-11-18,4.9,0.7121031180304845
2003-11-19,4.12,0.598747927813387
2003-11-20,3.68,0.5348039743575884
2003-11-21,3.19,0.46359366255453993
2003-11-22,2.94,0.4272618708182907
2003-11-23,2.75,0.3996497090987413
2003-11-24,2.56,0.3720375473791919
2003-11-25,2.5,0.3633179173624921
2003-11-26,2.46,0.35750483068469224
2003-11-27,2.36,0.3429721139901925
2003-11-28,2.27,0.3298926689651428
2003-11-29,4.6,0.6685049679469854
2003-11-30,5.81,0.8443508399504316
2003-12-01,10.1,1.467804386144468
2003-12-02,10.2,1.4823371028389676
2003-12-03,7.47,1.0855939370791263
2003-12-04,6.76,0.9824116485481786
2003-12-05,19.3,2.804814322038439
2003-12-06,104.0,15.114025362279671
2003-12-07,61.1,8.879489900339307
2003-12-08,35.8,5.202712576630886
2003-12-09,27.7,4.025562524376412
2003-12-10,65.0,9.446265851424794
2003-12-11,66.0,9.59159301836979
2003-12-12,81.9,11.902294972795241
2003-12-13,311.0,45.19674891989402
2003-12-14,374.0,54.352360437428814
2003-12-15,129.0,18.747204535904594
2003-12-16,73.9,10.739677637235268
2003-12-17,51.4,7.469816380972837
2003-12-18,39.7,5.7694885277163745
2003-12-19,36.6,5.318974310186885
2003-12-20,35.0,5.086450843074889
2003-12-21,30.1,4.374347725044405
2003-12-22,26.8,3.894768074125915
2003-12-23,25.7,3.7349081904864185
2003-12-24,74.3,10.797808504013265
2003-12-25,77.9,11.320986305015255
2003-12-26,67.5,9.809583768787286
2003-12-27,54.3,7.891265165113328
2003-12-28,47.0,6.830376846414851
2003-12-29,281.0,40.836933911544115
2003-12-30,192.0,27.902816053439395
2003-12-31,112.0,16.276642697839645
2004-01-01,312.0,45.342076086839015
2004-01-02,233.0,33.86122989818426
2004-01-03,137.0,19.909821871464565
2004-01-04,91.4,13.282903058772712
2004-01-05,71.3,10.361827003178274
2004-01-06,57.3,8.32724666594832
2004-01-07,52.2,7.586078114528835
2004-01-08,59.7,8.676031866616311
2004-01-09,79.3,11.524444338738249
2004-01-10,85.2,12.381874623713731
2004-01-11,75.1,10.91407023756926
2004-01-12,63.8,9.271873251090797
2004-01-13,52.5,7.629676264612334
2004-01-14,50.5,7.339021930722341
2004-01-15,46.6,6.772245979636853
2004-01-16,43.3,6.292666328718362
2004-01-17,39.2,5.696824944243876
2004-01-18,35.9,5.217245293325386
2004-01-19,32.4,4.708600209017898
2004-01-20,29.5,4.287151424877407
2004-01-21,26.3,3.822104490653417
2004-01-22,23.8,3.458786573290925
2004-01-23,22.8,3.313459406345928
2004-01-24,22.5,3.2698612562624287
2004-01-25,20.3,2.950141488983436
2004-01-26,19.2,2.790281605343939
2004-01-27,36.6,5.318974310186885
2004-01-28,41.6,6.045610144911869
2004-01-29,37.3,5.420703327048382
2004-01-30,37.4,5.435236043742882
2004-01-31,33.5,4.868460092657394
2004-02-01,32.4,4.708600209017898
2004-02-02,48.5,7.048367596832347
2004-02-03,83.3,12.105753006518237
2004-02-04,86.8,12.614398090825725
2004-02-05,71.1,10.332761569789275
2004-02-06,58.8,8.545237416365813
2004-02-07,49.0,7.121031180304845
2004-02-08,42.3,6.147339161773366
2004-02-09,37.2,5.4061706103538825
2004-02-10,32.8,4.766731075795896
2004-02-11,29.6,4.301684141571907
2004-02-12,26.5,3.8511699240424164
2004-02-13,24.4,3.545982873457923
2004-02-14,22.5,3.2698612562624287
2004-02-15,28.4,4.12729154123791
2004-02-16,99.4,14.445520394332686
2004-02-17,460.0,66.85049679469854
2004-02-18,395.0,57.40423094327375
2004-02-19,198.0,28.774779055109374
2004-02-20,114.0,16.56729703172964
2004-02-21,82.1,11.93136040618424
2004-02-22,65.3,9.489864001508293
2004-02-23,52.7,7.658741698001334
2004-02-24,51.6,7.498881814361837
2004-02-25,77.1,11.204724571459256
2004-02-26,193.0,28.04814322038439
2004-02-27,186.0,27.030853051769412
2004-02-28,115.0,16.712624198674636
2004-02-29,83.7,12.163883873296236
2004-03-01,74.9,10.885004804180264
2004-03-02,64.6,9.388134984646795
2004-03-03,55.9,8.123788632225324
2004-03-04,48.8,7.091965746915846
2004-03-05,43.0,6.249068178634864
2004-03-06,37.8,5.49336691052088
2004-03-07,33.8,4.912058242740892
2004-03-08,30.3,4.403413158433405
2004-03-09,27.1,3.9383662242094144
2004-03-10,24.3,3.531450156763423
2004-03-11,22.3,3.2407958228734297
2004-03-12,20.8,3.0228050724559345
2004-03-13,19.2,2.790281605343939
2004-03-14,18.0,2.6158890050099433
2004-03-15,16.8,2.441496404675947
2004-03-16,15.8,2.29616923773095
2004-03-17,15.1,2.1944402208694522
2004-03-18,14.2,2.063645770618955
2004-03-19,13.5,1.9619167537574573
2004-03-20,13.0,1.8892531702849589
2004-03-21,12.4,1.802056870117961
2004-03-22,12.0,1.7439260033399622
2004-03-23,11.5,1.6712624198674637
2004-03-24,11.2,1.6276642697839645
2004-03-25,15.9,2.3107019544254497
2004-03-26,14.6,2.121776637396954
2004-03-27,18.0,2.6158890050099433
2004-03-28,15.3,2.2235056542584517
2004-03-29,13.8,2.0055149038409565
2004-03-30,13.4,1.9473840370629576
2004-03-31,12.6,1.8311223035069601
2004-04-01,11.9,1.7293932866454624
2004-04-02,11.4,1.656729703172964
2004-04-03,10.9,1.5840661197004655
2004-04-04,10.7,1.555000686311466
2004-04-05,10.4,1.5114025362279673
2004-04-06,10.1,1.467804386144468
2004-04-07,9.7,1.4096735193664691
2004-04-08,9.4,1.3660753692829704
2004-04-09,9.07,1.3181174041911214
2004-04-10,8.81,1.2803323407854221
2004-04-11,8.66,1.2585332657436727
2004-04-12,8.46,1.2294678323546733
2004-04-13,8.49,1.2338276473630232
2004-04-14,9.41,1.3675286409524203
2004-04-15,9.89,1.4372856810860188
2004-04-16,8.83,1.283238884124322
2004-04-17,8.53,1.2396407340408229
2004-04-18,8.58,1.246907092388073
2004-04-19,10.7,1.555000686311466
2004-04-20,17.2,2.4996272714539454
2004-04-21,29.5,4.287151424877407
2004-04-22,27.4,3.981964374292913
2004-04-23,22.7,3.298926689651428
2004-04-24,19.9,2.892010622205437
2004-04-25,17.8,2.586823571620944
2004-04-26,15.9,2.3107019544254497
2004-04-27,14.5,2.1072439207024543
2004-04-28,13.5,1.9619167537574573
2004-04-29,12.7,1.8456550202014597
2004-04-30,11.9,1.7293932866454624
2004-05-01,11.2,1.6276642697839645
2004-05-02,10.8,1.569533403005966
2004-05-03,10.4,1.5114025362279673
2004-05-04,9.95,1.4460053111027185
2004-05-05,9.65,1.4024071610192195
2004-05-06,9.27,1.3471828375801207
2004-05-07,9.26,1.3457295659106707
2004-05-08,8.83,1.283238884124322
2004-05-09,8.63,1.2541734507353228
2004-05-10,8.34,1.2120285723212736
2004-05-11,8.07,1.1727902372461245
2004-05-12,7.74,1.1248322721542756
2004-05-13,7.43,1.0797808504013264
2004-05-14,7.23,1.0507154170123272
2004-05-15,7.01,1.0187434402844278
2004-05-16,6.87,0.9983976369121284
2004-05-17,6.87,0.9983976369121284
2004-05-18,6.81,0.9896780068954284
2004-05-19,6.56,0.9533462151591792
2004-05-20,6.4,0.9300938684479798
2004-05-21,6.28,0.9126546084145801
2004-05-22,6.12,0.8894022617033807
2004-05-23,6.01,0.873416273339431
2004-05-24,5.8,0.8428975682809816
2004-05-25,5.6,0.8138321348919823
2004-05-26,5.43,0.7891265165113328
2004-05-27,5.3,0.7702339848084833
2004-05-28,5.41,0.7862199731724329
2004-05-29,5.22,0.7586078114528835
2004-05-30,5.06,0.7353554647416839
2004-05-31,5.0,0.7266358347249842
2004-06-01,4.93,0.7164629330388343
2004-06-02,4.8,0.6975704013359848
2004-06-03,4.73,0.6873974996498351
2004-06-04,4.56,0.6626918812691855
2004-06-05,4.49,0.6525189795830358
2004-06-06,4.49,0.6525189795830358
2004-06-07,4.43,0.643799349566336
2004-06-08,4.37,0.6350797195496362
2004-06-09,4.33,0.6292666328718364
2004-06-10,4.17,0.6060142861606368
2004-06-11,4.14,0.6016544711522869
2004-06-12,3.96,0.5754955811021875
2004-06-13,3.92,0.5696824944243876
2004-06-14,3.78,0.549336691052088
2004-06-15,3.64,0.5289908876797885
2004-06-16,3.59,0.5217245293325387
2004-06-17,3.48,0.505738540968589
2004-06-18,3.44,0.4999254542907891
2004-06-19,3.38,0.4912058242740893
2004-06-20,3.26,0.47376656424068964
2004-06-21,3.19,0.46359366255453993
2004-06-22,3.13,0.4548740325378401
2004-06-23,3.09,0.4490609458600402
2004-06-24,3.04,0.4417945875127904
2004-06-25,3.0,0.43598150083499054
2004-06-26,2.97,0.4316216858266406
2004-06-27,2.91,0.42290205580994084
2004-06-28,2.81,0.4083693391154411
2004-06-29,2.8,0.4069160674459911
2004-06-30,2.79,0.4054627957765412
2004-07-01,2.74,0.3981964374292914
2004-07-02,2.65,0.38511699240424163
2004-07-03,2.57,0.37349081904864184
2004-07-04,2.49,0.36186464569304216
2004-07-05,2.4,0.3487852006679924
2004-07-06,2.3,0.3342524839734927
2004-07-07,2.22,0.322626310617893
2004-07-08,2.21,0.321173038948443
2004-07-09,2.22,0.322626310617893
2004-07-10,2.2,0.3197197672789931
2004-07-11,2.15,0.31245340893174317
2004-07-12,2.05,0.2979206922372435
2004-07-13,2.02,0.2935608772288936
2004-07-14,1.95,0.2833879755427438
2004-07-15,1.91,0.27757488886494397
2004-07-16,1.89,0.274668345526044
2004-07-17,1.83,0.26594871550934424
2004-07-18,1.8,0.2615889005009943
2004-07-19,1.77,0.2572290854926444
2004-07-20,1.78,0.25868235716209437
2004-07-21,1.76,0.2557758138231944
2004-07-22,1.68,0.2441496404675947
2004-07-23,1.59,0.23107019544254498
2004-07-24,1.53,0.22235056542584516
2004-07-25,1.49,0.2165374787480453
2004-07-26,1.45,0.2107243920702454
2004-07-27,1.39,0.2020047620535456
2004-07-28,1.35,0.19619167537574575
2004-07-29,1.35,0.19619167537574575
2004-07-30,1.35,0.19619167537574575
2004-07-31,1.33,0.1932851320368458
2004-08-01,1.23,0.17875241534234612
2004-08-02,1.21,0.17584587200344617
2004-08-03,1.25,0.18165895868124604
2004-08-04,1.2,0.1743926003339962
2004-08-05,1.19,0.17293932866454623
2004-08-06,1.19,0.17293932866454623
2004-08-07,1.2,0.1743926003339962
2004-08-08,1.15,0.16712624198674636
2004-08-09,1.08,0.1569533403005966
2004-08-10,1.02,0.14823371028389679
2004-08-11,0.99,0.14387389527554686
2004-08-12,0.93,0.13515426525884708
2004-08-13,0.91,0.13224772191994713
2004-08-14,0.9,0.13079445025049716
2004-08-15,0.93,0.13515426525884708
2004-08-16,0.93,0.13515426525884708
2004-08-17,0.91,0.13224772191994713
2004-08-18,0.88,0.1278879069115972
2004-08-19,0.85,0.1235280919032473
2004-08-20,0.82,0.1191682768948974
2004-08-21,0.79,0.1148084618865475
2004-08-22,0.84,0.12207482023379734
2004-08-23,0.89,0.12934117858104718
2004-08-24,0.85,0.1235280919032473
2004-08-25,0.86,0.12498136357269728
2004-08-26,0.88,0.1278879069115972
2004-08-27,0.84,0.12207482023379734
2004-08-28,0.77,0.11190191854764757
2004-08-29,0.71,0.10318228853094775
2004-08-30,0.69,0.10027574519204781
2004-08-31,0.65,0.09446265851424795
2004-09-01,0.67,0.09736920185314789
2004-09-02,0.68,0.09882247352259786
2004-09-03,0.7,0.10172901686149778
2004-09-04,0.69,0.10027574519204781
2004-09-05,0.67,0.09736920185314789
2004-09-06,0.66,0.09591593018369791
2004-09-07,0.63,0.09155611517534801
2004-09-08,0.59,0.08574302849754813
2004-09-09,0.6,0.0871963001669981
2004-09-10,0.59,0.08574302849754813
2004-09-11,0.62,0.09010284350589803
2004-09-12,0.64,0.09300938684479798
2004-09-13,0.65,0.09446265851424795
2004-09-14,0.66,0.09591593018369791
2004-09-15,0.65,0.09446265851424795
2004-09-16,0.66,0.09591593018369791
2004-09-17,0.67,0.09736920185314789
2004-09-18,0.66,0.09591593018369791
2004-09-19,0.87,0.12643463524214724
2004-09-20,0.85,0.1235280919032473
2004-09-21,0.82,0.1191682768948974
2004-09-22,0.78,0.11335519021709754
2004-09-23,0.74,0.10754210353929766
2004-09-24,0.71,0.10318228853094775
2004-09-25,0.68,0.09882247352259786
2004-09-26,0.63,0.09155611517534801
2004-09-27,0.63,0.09155611517534801
2004-09-28,0.63,0.09155611517534801
2004-09-29,0.65,0.09446265851424795
2004-09-30,0.66,0.09591593018369791
2004-10-01,0.63,0.09155611517534801
2004-10-02,0.62,0.09010284350589803
2004-10-03,0.61,0.08864957183644807
2004-10-04,0.58,0.08428975682809817
2004-10-05,0.56,0.08138321348919823
2004-10-06,0.56,0.08138321348919823
2004-10-07,0.59,0.08574302849754813
2004-10-08,0.67,0.09736920185314789
2004-10-09,1.05,0.15259352529224668
2004-10-10,0.88,0.1278879069115972
2004-10-11,0.81,0.11771500522544745
2004-10-12,0.76,0.1104486468781976
2004-10-13,0.74,0.10754210353929766
2004-10-14,0.73,0.10608883186984769
2004-10-15,0.72,0.10463556020039771
2004-10-16,0.72,0.10463556020039771
2004-10-17,2.42,0.35169174400689235
2004-10-18,2.1,0.30518705058449336
2004-10-19,14.0,2.0345803372299556
2004-10-20,8.85,1.286145427463222
2004-10-21,3.88,0.5638694077465877
2004-10-22,2.76,0.40110298076819123
2004-10-23,7.68,1.1161126421375758
2004-10-24,5.27,0.7658741698001332
2004-10-25,4.41,0.640892806227436
2004-10-26,12.5,1.8165895868124604
2004-10-27,6.41,0.9315471401174298
2004-10-28,4.52,0.6568787945913857
2004-10-29,3.7,0.5377105176964884
2004-10-30,3.32,0.4824861942573895
2004-10-31,2.96,0.43016841415719065
2004-11-01,2.6,0.3778506340569918
2004-11-02,2.39,0.3473319289985425
2004-11-03,2.52,0.36622446070139203
2004-11-04,2.34,0.34006557065129256
2004-11-05,2.13,0.3095468655928432
2004-11-06,1.98,0.28774779055109373
2004-11-07,1.85,0.2688552588482442
2004-11-08,1.73,0.25141599881484455
2004-11-09,1.69,0.24560291213704466
2004-11-10,2.34,0.34006557065129256
2004-11-11,2.39,0.3473319289985425
2004-11-12,2.23,0.32407958228734296
2004-11-13,2.13,0.3095468655928432
2004-11-14,1.91,0.27757488886494397
2004-11-15,1.77,0.2572290854926444
2004-11-16,1.67,0.2426963687981447
2004-11-17,1.63,0.23688328212034482
2004-11-18,1.54,0.22380383709529514
2004-11-19,1.53,0.22235056542584516
2004-11-20,1.44,0.20927112040079543
2004-11-21,1.39,0.2020047620535456
2004-11-22,1.32,0.19183186036739583
2004-11-23,1.23,0.17875241534234612
2004-11-24,1.15,0.16712624198674636
2004-11-25,1.31,0.19037858869794586
2004-11-26,1.27,0.184565502020146
2004-11-27,1.85,0.2688552588482442
2004-11-28,1.55,0.2252571087647451
2004-11-29,1.29,0.18747204535904594
2004-11-30,1.15,0.16712624198674636
2004-12-01,1.14,0.1656729703172964
2004-12-02,1.06,0.15404679696169665
2004-12-03,1.06,0.15404679696169665
2004-12-04,1.05,0.15259352529224668
2004-12-05,0.99,0.14387389527554686
2004-12-06,16.5,2.3978982545924477
2004-12-07,40.2,5.842152111188874
2004-12-08,292.0,42.43553274793908
2004-12-09,104.0,15.114025362279671
2004-12-10,54.8,7.963928748585826
2004-12-11,37.5,5.449768760437381
2004-12-12,28.5,4.14182425793241
2004-12-13,22.9,3.3279921230404272
2004-12-14,19.0,2.7612161719549397
2004-12-15,16.2,2.354300104508949
2004-12-16,14.1,2.0491130539244553
2004-12-17,12.6,1.8311223035069601
2004-12-18,11.4,1.656729703172964
2004-12-19,10.5,1.5259352529224668
2004-12-20,9.78,1.421299692722069
2004-12-21,9.14,1.3282903058772713
2004-12-22,8.54,1.2410940057102728
2004-12-23,7.98,1.1597107922210748
2004-12-24,7.51,1.0914070237569262
2004-12-25,7.15,1.0390892436567274
2004-12-26,11.4,1.656729703172964
2004-12-27,33.5,4.868460092657394
2004-12-28,47.3,6.87397499649835
2004-12-29,46.5,6.757713262942353
2004-12-30,64.4,9.359069551257797
2004-12-31,67.7,9.838649202176287
2005-01-01,73.5,10.681546770457267
2005-01-02,68.8,9.998509085815781
2005-01-03,56.2,8.167386782308823
2005-01-04,46.2,6.714115112858854
2005-01-05,40.7,5.914815694661372
2005-01-06,36.6,5.318974310186885
2005-01-07,43.1,6.263600895329364
2005-01-08,54.3,7.891265165113328
2005-01-09,60.7,8.821359033561308
2005-01-10,61.9,8.995751633895305
2005-01-11,72.3,10.507154170123272
2005-01-12,65.6,9.533462151591792
2005-01-13,54.5,7.920330598502328
2005-01-14,45.1,6.554255229219358
2005-01-15,38.9,5.653226794160377
2005-01-16,36.6,5.318974310186885
2005-01-17,38.1,5.53696506060438
2005-01-18,41.0,5.958413844744871
2005-01-19,42.5,6.176404595162365
2005-01-20,41.3,6.0020119948283694
2005-01-21,37.5,5.449768760437381
2005-01-22,33.2,4.824861942573896
2005-01-23,30.0,4.359815008349905
2005-01-24,27.5,3.996497090987413
2005-01-25,26.8,3.894768074125915
2005-01-26,42.5,6.176404595162365
2005-01-27,37.4,5.435236043742882
2005-01-28,97.3,14.140333343748193
2005-01-29,104.0,15.114025362279671
2005-01-30,79.1,11.495378905349249
2005-01-31,60.7,8.821359033561308
2005-02-01,47.4,6.88850771319285
2005-02-02,39.0,5.667759510854877
2005-02-03,33.2,4.824861942573896
2005-02-04,29.3,4.258085991488407
2005-02-05,26.1,3.7930390572644175
2005-02-06,23.5,3.4151884232074257
2005-02-07,21.7,3.1535995227064313
2005-02-08,19.5,2.8338797554274384
2005-02-09,17.8,2.586823571620944
2005-02-10,16.5,2.3978982545924477
2005-02-11,15.3,2.2235056542584517
2005-02-12,14.5,2.1072439207024543
2005-02-13,34.4,4.999254542907891
2005-02-14,39.0,5.667759510854877
2005-02-15,33.5,4.868460092657394
2005-02-16,30.3,4.403413158433405
2005-02-17,27.5,3.996497090987413
2005-02-18,25.6,3.7203754737919192
2005-02-19,26.4,3.8366372073479162
2005-02-20,44.9,6.525189795830358
2005-02-21,44.3,6.43799349566336
2005-02-22,39.8,5.784021244410874
2005-02-23,35.1,5.100983559769389
2005-02-24,31.3,4.548740325378401
2005-02-25,28.0,4.069160674459911
2005-02-26,25.3,3.67677732370842
2005-02-27,26.9,3.909300790820415
2005-02-28,33.0,4.795796509184895
2005-03-01,36.6,5.318974310186885
2005-03-02,40.4,5.871217544577872
2005-03-03,38.7,5.624161360771378
2005-03-04,35.8,5.202712576630886
2005-03-05,32.1,4.665002058934399
2005-03-06,28.8,4.185422408015909
2005-03-07,25.9,3.763973623875418
2005-03-08,23.2,3.3715902731239265
2005-03-09,21.0,3.0518705058449336
2005-03-10,19.3,2.804814322038439
2005-03-11,17.7,2.572290854926444
2005-03-12,16.3,2.3688328212034486
2005-03-13,15.1,2.1944402208694522
2005-03-14,13.9,2.0200476205354563
2005-03-15,13.0,1.8892531702849589
2005-03-16,12.2,1.7729914367289614
2005-03-17,11.6,1.6857951365619632
2005-03-18,11.2,1.6276642697839645
2005-03-19,34.4,4.999254542907891
2005-03-20,86.0,12.498136357269727
2005-03-21,136.0,19.76449470451957
2005-03-22,144.0,20.927112040079546
2005-03-23,161.0,23.39767387814449
2005-03-24,115.0,16.712624198674636
2005-03-25,82.8,12.033089423045737
2005-03-26,63.8,9.271873251090797
2005-03-27,69.0,10.027574519204782
2005-03-28,102.0,14.823371028389678
2005-03-29,151.0,21.944402208694523
2005-03-30,127.0,18.456550202014597
2005-03-31,91.5,13.29743577546721
2005-04-01,70.7,10.274630703011276
2005-04-02,56.4,8.196452215697821
2005-04-03,65.0,9.446265851424794
2005-04-04,67.3,9.780518335398288
2005-04-05,60.1,8.73416273339431
2005-04-06,52.9,7.687807131390333
2005-04-07,56.4,8.196452215697821
2005-04-08,78.5,11.408182605182251
2005-04-09,124.0,18.02056870117961
2005-04-10,98.7,14.343791377471188
2005-04-11,76.9,11.175659138070257
2005-04-12,61.5,8.937620767117306
2005-04-13,51.1,7.426218230889338
2005-04-14,42.7,6.205470028551366
2005-04-15,36.7,5.333507026881384
2005-04-16,32.4,4.708600209017898
2005-04-17,29.0,4.2144878414049085
2005-04-18,26.0,3.7785063405699177
2005-04-19,23.5,3.4151884232074257
2005-04-20,21.4,3.110001372622932
2005-04-21,19.6,2.848412472121938
2005-04-22,18.2,2.6449544383989423
2005-04-23,17.9,2.601356288315443
2005-04-24,16.5,2.3978982545924477
2005-04-25,15.1,2.1944402208694522
2005-04-26,14.1,2.0491130539244553
2005-04-27,13.4,1.9473840370629576
2005-04-28,13.1,1.9037858869794586
2005-04-29,12.0,1.7439260033399622
2005-04-30,11.4,1.656729703172964
2005-05-01,10.9,1.5840661197004655
2005-05-02,10.3,1.4968698195334675
2005-05-03,9.82,1.427112779399869
2005-05-04,10.4,1.5114025362279673
2005-05-05,12.4,1.802056870117961
2005-05-06,10.7,1.555000686311466
2005-05-07,10.2,1.4823371028389676
2005-05-08,24.5,3.5605155901524226
2005-05-09,59.4,8.632433716532812
2005-05-10,64.2,9.330004117868798
2005-05-11,49.1,7.135563896999345
2005-05-12,39.2,5.696824944243876
2005-05-13,32.7,4.752198359101397
2005-05-14,28.3,4.112758824543411
2005-05-15,25.6,3.7203754737919192
2005-05-16,23.7,3.444253856596425
2005-05-17,22.2,3.2262631061789295
2005-05-18,144.0,20.927112040079546
2005-05-19,153.0,22.235056542584516
2005-05-20,104.0,15.114025362279671
2005-05-21,79.9,11.611640638905248
2005-05-22,67.2,9.765985618703787
2005-05-23,59.2,8.603368283143814
2005-05-24,53.6,7.78953614825183
2005-05-25,49.3,7.164629330388344
2005-05-26,45.9,6.670516962775355
2005-05-27,43.0,6.249068178634864
2005-05-28,40.8,5.92934841135587
2005-05-29,38.8,5.6386940774658765
2005-05-30,36.7,5.333507026881384
2005-05-31,34.9,5.07191812638039
2005-06-01,33.5,4.868460092657394
2005-06-02,32.1,4.665002058934399
2005-06-03,30.8,4.476076741905903
2005-06-04,29.8,4.3307495749609055
2005-06-05,28.9,4.199955124710408
2005-06-06,27.5,3.996497090987413
2005-06-07,26.7,3.8802353574314155
2005-06-08,33.2,4.824861942573896
2005-06-09,33.5,4.868460092657394
2005-06-10,30.2,4.3888804417389045
2005-06-11,28.6,4.15635697462691
2005-06-12,26.3,3.822104490653417
2005-06-13,24.0,3.4878520066799243
2005-06-14,22.1,3.2117303894844302
2005-06-15,20.6,2.993739639066935
2005-06-16,24.1,3.502384723374424
2005-06-17,39.3,5.711357660938376
2005-06-18,60.0,8.71963001669981
2005-06-19,59.3,8.617900999838312
2005-06-20,47.1,6.8449095631093515
2005-06-21,37.9,5.50789962721538
2005-06-22,31.8,4.621403908850899
2005-06-23,27.3,3.967431657598414
2005-06-24,24.0,3.4878520066799243
2005-06-25,21.5,3.124534089317432
2005-06-26,19.5,2.8338797554274384
2005-06-27,17.9,2.601356288315443
2005-06-28,16.5,2.3978982545924477
2005-06-29,15.1,2.1944402208694522
2005-06-30,14.0,2.0345803372299556
2005-07-01,13.0,1.8892531702849589
2005-07-02,12.2,1.7729914367289614
2005-07-03,11.5,1.6712624198674637
2005-07-04,10.9,1.5840661197004655
2005-07-05,10.4,1.5114025362279673
2005-07-06,9.9,1.4387389527554688
2005-07-07,9.46,1.3747949992996702
2005-07-08,9.03,1.3123043175133213
2005-07-09,8.8,1.2788790691159724
2005-07-10,8.46,1.2294678323546733
2005-07-11,8.11,1.1786033239239242
2005-07-12,7.73,1.1233790004848256
2005-07-13,7.4,1.0754210353929767
2005-07-14,7.1,1.0318228853094775
2005-07-15,6.7,0.9736920185314788
2005-07-16,6.45,0.9373602267952297
2005-07-17,6.15,0.8937620767117306
2005-07-18,5.9,0.8574302849754813
2005-07-19,5.68,0.825458308247582
2005-07-20,5.46,0.7934863315196827
2005-07-21,5.23,0.7600610831223336
2005-07-22,5.12,0.7440750947583838
2005-07-23,4.9,0.7121031180304845
2005-07-24,4.69,0.6815844129720352
2005-07-25,4.54,0.6597853379302856
2005-07-26,4.4,0.6394395345579862
2005-07-27,4.23,0.6147339161773366
2005-07-28,4.13,0.6002011994828369
2005-07-29,3.97,0.5769488527716374
2005-07-30,3.82,0.5551497777298879
2005-07-31,3.77,0.5478834193826381
2005-08-01,3.61,0.5246310726714386
2005-08-02,3.51,0.5100983559769389
2005-08-03,3.42,0.49701891095188916
2005-08-04,3.26,0.47376656424068964
2005-08-05,3.15,0.45778057587674004
2005-08-06,3.07,0.44615440252114025
2005-08-07,2.94,0.4272618708182907
2005-08-08,2.81,0.4083693391154411
2005-08-09,2.72,0.39528989409039145
2005-08-10,2.61,0.37930390572644174
2005-08-11,2.53,0.36767773237084195
2005-08-12,2.45,0.35605155901524227
2005-08-13,2.36,0.3429721139901925
2005-08-14,2.31,0.3357057556429427
2005-08-15,2.25,0.3269861256262429
2005-08-16,2.22,0.322626310617893
2005-08-17,2.17,0.3153599522706431
2005-08-18,2.11,0.30664032225394333
2005-08-19,2.09,0.3037337789150434
2005-08-20,2.1,0.30518705058449336
2005-08-21,2.09,0.3037337789150434
2005-08-22,2.03,0.29501414889834354
2005-08-23,1.95,0.2833879755427438
2005-08-24,1.9,0.276121617195494
2005-08-25,1.87,0.27176180218714413
2005-08-26,1.78,0.25868235716209437
2005-08-27,1.7,0.2470561838064946
2005-08-28,1.67,0.2426963687981447
2005-08-29,1.63,0.23688328212034482
2005-08-30,1.6,0.23252346711199495
2005-08-31,1.57,0.22816365210364503
2005-09-01,1.51,0.21944402208694522
2005-09-02,1.48,0.21508420707859532
2005-09-03,1.47,0.21363093540914535
2005-09-04,1.44,0.20927112040079543
2005-09-05,1.41,0.20491130539244554
2005-09-06,1.39,0.2020047620535456
2005-09-07,1.37,0.1990982187146457
2005-09-08,1.32,0.19183186036739583
2005-09-09,1.31,0.19037858869794586
2005-09-10,1.31,0.19037858869794586
2005-09-11,1.32,0.19183186036739583
2005-09-12,1.33,0.1932851320368458
2005-09-13,1.29,0.18747204535904594
2005-09-14,1.24,0.18020568701179607
2005-09-15,1.21,0.17584587200344617
2005-09-16,1.19,0.17293932866454623
2005-09-17,1.24,0.18020568701179607
2005-09-18,1.29,0.18747204535904594
2005-09-19,1.22,0.17729914367289615
2005-09-20,1.14,0.1656729703172964
2005-09-21,1.09,0.15840661197004657
2005-09-22,1.03,0.14968698195334676
2005-09-23,1.01,0.1467804386144468
2005-09-24,1.02,0.14823371028389679
2005-09-25,1.05,0.15259352529224668
2005-09-26,1.05,0.15259352529224668
2005-09-27,1.03,0.14968698195334676
2005-09-28,1.02,0.14823371028389679
2005-09-29,1.0,0.14532716694499684
2005-09-30,0.95,0.138060808597747
2005-10-01,1.01,0.1467804386144468
2005-10-02,1.06,0.15404679696169665
2005-10-03,1.09,0.15840661197004657
2005-10-04,1.12,0.16276642697839647
2005-10-05,1.09,0.15840661197004657
2005-10-06,1.03,0.14968698195334676
2005-10-07,1.01,0.1467804386144468
2005-10-08,1.0,0.14532716694499684
2005-10-09,0.99,0.14387389527554686
2005-10-10,0.96,0.13951408026719697
2005-10-11,0.94,0.13660753692829702
2005-10-12,0.94,0.13660753692829702
2005-10-13,0.93,0.13515426525884708
2005-10-14,0.97,0.14096735193664692
2005-10-15,1.52,0.2208972937563952
2005-10-16,1.3,0.1889253170284959
2005-10-17,1.23,0.17875241534234612
2005-10-18,1.14,0.1656729703172964
2005-10-19,1.12,0.16276642697839647
2005-10-20,1.13,0.1642196986478464
2005-10-21,1.12,0.16276642697839647
2005-10-22,1.08,0.1569533403005966
2005-10-23,1.06,0.15404679696169665
2005-10-24,1.05,0.15259352529224668
2005-10-25,1.06,0.15404679696169665
2005-10-26,1.65,0.23978982545924477
2005-10-27,1.47,0.21363093540914535
2005-10-28,2.4,0.3487852006679924
2005-10-29,1.82,0.26449544383989426
2005-10-30,1.47,0.21363093540914535
2005-10-31,1.33,0.1932851320368458
2005-11-01,1.25,0.18165895868124604
2005-11-02,1.29,0.18747204535904594
2005-11-03,7.07,1.0274630703011276
2005-11-04,8.19,1.190229497279524
2005-11-05,3.22,0.46795347756288985
2005-11-06,14.5,2.1072439207024543
2005-11-07,50.2,7.295423780638842
2005-11-08,24.2,3.5169174400689234
2005-11-09,12.3,1.7875241534234612
2005-11-10,8.46,1.2294678323546733
2005-11-11,6.72,0.9765985618703787
2005-11-12,5.55,0.8065657765447324
2005-11-13,4.77,0.6932105863276349
2005-11-14,4.45,0.646705892905236
2005-11-15,4.06,0.5900282977966871
2005-11-16,3.7,0.5377105176964884
2005-11-17,3.42,0.49701891095188916
2005-11-18,3.21,0.4665002058934398
2005-11-19,3.02,0.43888804417389043
2005-11-20,2.86,0.41563569746269097
2005-11-21,2.81,0.4083693391154411
2005-11-22,2.76,0.40110298076819123
2005-11-23,2.68,0.38947680741259155
2005-11-24,2.59,0.3763973623875418
2005-11-25,12.3,1.7875241534234612
2005-11-26,8.7,1.2643463524214724
2005-11-27,6.73,0.9780518335398288
2005-11-28,17.0,2.4705618380649463
2005-11-29,32.9,4.781263792490396
2005-11-30,24.8,3.604113740235922
2005-12-01,327.0,47.521983591013964
2005-12-02,144.0,20.927112040079546
2005-12-03,68.6,9.969443652426783
2005-12-04,47.1,6.8449095631093515
2005-12-05,36.8,5.3480397435758835
2005-12-06,30.5,4.432478591822403
2005-12-07,27.3,3.967431657598414
2005-12-08,24.8,3.604113740235922
2005-12-09,21.1,3.0664032225394333
2005-12-10,18.8,2.7321507385659407
2005-12-11,17.1,2.485094554759446
2005-12-12,15.8,2.29616923773095
2005-12-13,14.5,2.1072439207024543
2005-12-14,13.5,1.9619167537574573
2005-12-15,12.6,1.8311223035069601
2005-12-16,12.0,1.7439260033399622
2005-12-17,11.7,1.700327853256463
2005-12-18,43.4,6.307199045412863
2005-12-19,404.0,58.712175445778726
2005-12-20,242.0,35.169174400689236
2005-12-21,205.0,29.79206922372435
2005-12-22,433.0,62.92666328718363
2005-12-23,294.0,42.72618708182907
2005-12-24,145.0,21.07243920702454
2005-12-25,104.0,15.114025362279671
2005-12-26,166.0,24.124309712869476
2005-12-27,257.0,37.349081904864185
2005-12-28,898.0,130.50379591660717
2005-12-29,377.0,54.788341938263805
2005-12-30,516.0,74.98881814361837
2005-12-31,900.0,130.79445025049716
2006-01-01,403.0,58.566848278833724
2006-01-02,235.0,34.15188423207426
2006-01-03,154.0,22.380383709529514
2006-01-04,120.0,17.43926003339962
2006-01-05,93.2,13.544491959273707
2006-01-06,75.0,10.899537520874762
2006-01-07,65.7,9.547994868286292
2006-01-08,56.9,8.26911579917032
2006-01-09,50.1,7.280891063944342
2006-01-10,50.0,7.266358347249842
2006-01-11,75.5,10.972201104347262
2006-01-12,70.9,10.303696136400276
2006-01-13,65.0,9.446265851424794
2006-01-14,69.0,10.027574519204782
2006-01-15,67.7,9.838649202176287
2006-01-16,64.6,9.388134984646795
2006-01-17,87.0,12.643463524214726
2006-01-18,167.0,24.26963687981447
2006-01-19,152.0,22.089729375639518
2006-01-20,117.0,17.00327853256463
2006-01-21,100.0,14.532716694499683
2006-01-22,82.8,12.033089423045737
2006-01-23,71.0,10.318228853094775
2006-01-24,60.7,8.821359033561308
2006-01-25,52.5,7.629676264612334
2006-01-26,46.0,6.685049679469855
2006-01-27,45.2,6.568787945913858
2006-01-28,81.0,11.771500522544743
2006-01-29,95.7,13.907809876636199
2006-01-30,125.0,18.165895868124604
2006-01-31,126.0,18.311223035069602
2006-02-01,192.0,27.902816053439395
2006-02-02,304.0,44.179458751279036
2006-02-03,200.0,29.065433388999367
2006-02-04,161.0,23.39767387814449
2006-02-05,119.0,17.293932866454625
2006-02-06,89.7,13.035846874966216
2006-02-07,71.4,10.376359719872775
2006-02-08,59.4,8.632433716532812
2006-02-09,50.6,7.35355464741684
2006-02-10,43.6,6.336264478801862
2006-02-11,38.2,5.55149777729888
2006-02-12,33.9,4.9265909594353925
2006-02-13,30.5,4.432478591822403
2006-02-14,27.9,4.054627957765412
2006-02-15,25.7,3.7349081904864185
2006-02-16,23.7,3.444253856596425
2006-02-17,22.2,3.2262631061789295
2006-02-18,20.6,2.993739639066935
2006-02-19,19.3,2.804814322038439
2006-02-20,17.9,2.601356288315443
2006-02-21,16.9,2.456029121370446
2006-02-22,15.9,2.3107019544254497
2006-02-23,15.0,2.1799075041749525
2006-02-24,14.2,2.063645770618955
2006-02-25,13.5,1.9619167537574573
2006-02-26,13.8,2.0055149038409565
2006-02-27,28.6,4.15635697462691
2006-02-28,79.8,11.597107922210748
2006-03-01,80.2,11.655238788988747
2006-03-02,76.9,11.175659138070257
2006-03-03,82.2,11.94589312287874
2006-03-04,76.4,11.10299555459776
2006-03-05,163.0,23.688328212034484
2006-03-06,226.0,32.843939729569286
2006-03-07,200.0,29.065433388999367
2006-03-08,142.0,20.63645770618955
2006-03-09,102.0,14.823371028389678
2006-03-10,78.6,11.422715321876751
2006-03-11,65.9,9.577060301675292
2006-03-12,56.7,8.240050365781322
2006-03-13,54.2,7.876732448418829
2006-03-14,70.5,10.245565269622277
2006-03-15,71.3,10.361827003178274
2006-03-16,120.0,17.43926003339962
2006-03-17,148.0,21.508420707859532
2006-03-18,105.0,15.259352529224667
2006-03-19,79.7,11.582575205516248
2006-03-20,69.5,10.100238102677281
2006-03-21,61.0,8.864957183644806
2006-03-22,54.3,7.891265165113328
2006-03-23,52.5,7.629676264612334
2006-03-24,73.9,10.739677637235268
2006-03-25,88.4,12.846921557937721
2006-03-26,93.0,13.515426525884706
2006-03-27,80.4,11.684304222377747
2006-03-28,72.8,10.57981775359577
2006-03-29,70.5,10.245565269622277
2006-03-30,67.6,9.824116485481785
2006-03-31,77.0,11.190191854764757
2006-04-01,110.0,15.985988363949652
2006-04-02,120.0,17.43926003339962
2006-04-03,174.0,25.28692704842945
2006-04-04,153.0,22.235056542584516
2006-04-05,107.0,15.550006863114662
2006-04-06,79.9,11.611640638905248
2006-04-07,68.0,9.882247352259785
2006-04-08,65.5,9.518929434897293
2006-04-09,66.2,9.620658451758791
2006-04-10,66.1,9.60612573506429
2006-04-11,70.7,10.274630703011276
2006-04-12,114.0,16.56729703172964
2006-04-13,118.0,17.148605699509627
2006-04-14,93.0,13.515426525884706
2006-04-15,96.8,14.067669760275693
2006-04-16,114.0,16.56729703172964
2006-04-17,99.7,14.489118544416185
2006-04-18,81.3,11.815098672628242
2006-04-19,69.5,10.100238102677281
2006-04-20,61.0,8.864957183644806
2006-04-21,53.7,7.804068864946331
2006-04-22,48.4,7.033834880137847
2006-04-23,43.6,6.336264478801862
2006-04-24,39.2,5.696824944243876
2006-04-25,35.7,5.188179859936388
2006-04-26,32.4,4.708600209017898
2006-04-27,29.4,4.272618708182907
2006-04-28,27.0,3.9238335075149147
2006-04-29,24.9,3.618646456930421
2006-04-30,23.0,3.3425248397349274
2006-05-01,21.3,3.095468655928433
2006-05-02,19.9,2.892010622205437
2006-05-03,18.5,2.6885525884824415
2006-05-04,17.3,2.5141599881484455
2006-05-05,16.3,2.3688328212034486
2006-05-06,15.3,2.2235056542584517
2006-05-07,14.5,2.1072439207024543
2006-05-08,13.7,1.9909821871464566
2006-05-09,13.0,1.8892531702849589
2006-05-10,12.4,1.802056870117961
2006-05-11,11.8,1.7148605699509627
2006-05-12,11.4,1.656729703172964
2006-05-13,10.9,1.5840661197004655
2006-05-14,10.4,1.5114025362279673
2006-05-15,10.1,1.467804386144468
2006-05-16,9.67,1.4053137043581194
2006-05-17,9.33,1.3559024675968205
2006-05-18,8.98,1.3050379591660717
2006-05-19,8.92,1.2963183291493718
2006-05-20,9.07,1.3181174041911214
2006-05-21,8.69,1.2628930807520224
2006-05-22,8.54,1.2410940057102728
2006-05-23,8.71,1.2657996240909226
2006-05-24,9.5,1.3806080859774699
2006-05-25,7.99,1.1611640638905247
2006-05-26,7.61,1.105939740451426
2006-05-27,7.41,1.0768743070624265
2006-05-28,7.05,1.0245565269622277
2006-05-29,6.82,0.9911312785648785
2006-05-30,6.57,0.9547994868286293
2006-05-31,6.39,0.9286405967785297
2006-06-01,6.31,0.91701442342293
2006-06-02,6.12,0.8894022617033807
2006-06-03,5.89,0.8559770133060314
2006-06-04,5.83,0.8472573832893315
2006-06-05,5.6,0.8138321348919823
2006-06-06,5.4,0.784766701502983
2006-06-07,5.25,0.7629676264612334
2006-06-08,5.19,0.7542479964445337
2006-06-09,5.14,0.7469816380972837
2006-06-10,4.98,0.7237292913860843
2006-06-11,4.84,0.7033834880137847
2006-06-12,4.93,0.7164629330388343
2006-06-13,4.85,0.7048367596832346
2006-06-14,4.8,0.6975704013359848
2006-06-15,4.7,0.6830376846414852
2006-06-16,4.42,0.642346077896886
2006-06-17,4.23,0.6147339161773366
2006-06-18,4.21,0.6118273728384367
2006-06-19,4.15,0.603107742821737
2006-06-20,4.01,0.5827619394494373
2006-06-21,3.86,0.5609628644076878
2006-06-22,3.74,0.5435236043742883
2006-06-23,3.58,0.5202712576630887
2006-06-24,3.42,0.49701891095188916
2006-06-25,3.28,0.4766731075795896
2006-06-26,3.14,0.45632730420729006
2006-06-27,3.06,0.44470113085169033
2006-06-28,3.07,0.44615440252114025
2006-06-29,2.92,0.42435532747939075
2006-06-30,2.92,0.42435532747939075
2006-07-01,2.9,0.4214487841404908
2006-07-02,2.78,0.4040095241070912
2006-07-03,2.73,0.39674316575984137
2006-07-04,2.67,0.3880235357431415
2006-07-05,2.66,0.3865702640736916
2006-07-06,2.65,0.38511699240424163
2006-07-07,2.58,0.37494409071809187
2006-07-08,2.45,0.35605155901524227
2006-07-09,2.32,0.33715902731239267
2006-07-10,2.27,0.3298926689651428
2006-07-11,2.2,0.3197197672789931
2006-07-12,2.17,0.3153599522706431
2006-07-13,2.15,0.31245340893174317
2006-07-14,2.05,0.2979206922372435
2006-07-15,1.95,0.2833879755427438
2006-07-16,1.84,0.2674019871787942
2006-07-17,1.76,0.2557758138231944
2006-07-18,1.68,0.2441496404675947
2006-07-19,1.6,0.23252346711199495
2006-07-20,1.56,0.22671038043419509
2006-07-21,1.52,0.2208972937563952
2006-07-22,1.48,0.21508420707859532
2006-07-23,1.43,0.20781784873134548
2006-07-24,1.38,0.20055149038409562
2006-07-25,1.33,0.1932851320368458
2006-07-26,1.29,0.18747204535904594
2006-07-27,1.26,0.18311223035069601
2006-07-28,1.25,0.18165895868124604
2006-07-29,1.22,0.17729914367289615
2006-07-30,1.2,0.1743926003339962
2006-07-31,1.2,0.1743926003339962
2006-08-01,1.23,0.17875241534234612
2006-08-02,1.19,0.17293932866454623
2006-08-03,1.16,0.16857951365619633
2006-08-04,1.13,0.1642196986478464
2006-08-05,1.11,0.1613131553089465
2006-08-06,1.11,0.1613131553089465
2006-08-07,1.1,0.15985988363949655
2006-08-08,1.12,0.16276642697839647
2006-08-09,1.08,0.1569533403005966
2006-08-10,1.02,0.14823371028389679
2006-08-11,0.99,0.14387389527554686
2006-08-12,0.97,0.14096735193664692
2006-08-13,0.95,0.138060808597747
2006-08-14,0.93,0.13515426525884708
2006-08-15,0.92,0.1337009935893971
2006-08-16,0.91,0.13224772191994713
2006-08-17,0.91,0.13224772191994713
2006-08-18,0.85,0.1235280919032473
2006-08-19,0.85,0.1235280919032473
2006-08-20,0.85,0.1235280919032473
2006-08-21,0.83,0.12062154856434737
2006-08-22,0.83,0.12062154856434737
2006-08-23,0.81,0.11771500522544745
2006-08-24,0.81,0.11771500522544745
2006-08-25,0.81,0.11771500522544745
2006-08-26,0.79,0.1148084618865475
2006-08-27,0.76,0.1104486468781976
2006-08-28,0.74,0.10754210353929766
2006-08-29,0.74,0.10754210353929766
2006-08-30,0.71,0.10318228853094775
2006-08-31,0.71,0.10318228853094775
2006-09-01,0.69,0.10027574519204781
2006-09-02,0.68,0.09882247352259786
2006-09-03,0.66,0.09591593018369791
2006-09-04,0.65,0.09446265851424795
2006-09-05,0.65,0.09446265851424795
2006-09-06,0.61,0.08864957183644807
2006-09-07,0.56,0.08138321348919823
2006-09-08,0.55,0.07992994181974827
2006-09-09,0.54,0.0784766701502983
2006-09-10,0.58,0.08428975682809817
2006-09-11,0.57,0.0828364851586482
2006-09-12,0.52,0.07557012681139835
2006-09-13,0.5,0.07266358347249842
2006-09-14,0.5,0.07266358347249842
2006-09-15,0.58,0.08428975682809817
2006-09-16,0.66,0.09591593018369791
2006-09-17,0.66,0.09591593018369791
2006-09-18,0.63,0.09155611517534801
2006-09-19,0.62,0.09010284350589803
2006-09-20,0.59,0.08574302849754813
2006-09-21,0.58,0.08428975682809817
2006-09-22,0.6,0.0871963001669981
2006-09-23,0.58,0.08428975682809817
2006-09-24,0.57,0.0828364851586482
2006-09-25,0.57,0.0828364851586482
2006-09-26,0.55,0.07992994181974827
2006-09-27,0.51,0.07411685514194839
2006-09-28,0.46,0.06685049679469855
2006-09-29,0.46,0.06685049679469855
2006-09-30,0.47,0.06830376846414851
2006-10-01,0.54,0.0784766701502983
2006-10-02,0.58,0.08428975682809817
2006-10-03,0.62,0.09010284350589803
2006-10-04,0.67,0.09736920185314789
2006-10-05,0.83,0.12062154856434737
2006-10-06,0.85,0.1235280919032473
2006-10-07,0.79,0.1148084618865475
2006-10-08,0.67,0.09736920185314789
2006-10-09,0.6,0.0871963001669981
2006-10-10,0.55,0.07992994181974827
2006-10-11,0.56,0.08138321348919823
2006-10-12,0.54,0.0784766701502983
2006-10-13,0.56,0.08138321348919823
2006-10-14,0.57,0.0828364851586482
2006-10-15,0.63,0.09155611517534801
2006-10-16,0.71,0.10318228853094775
2006-10-17,0.73,0.10608883186984769
2006-10-18,0.73,0.10608883186984769
2006-10-19,0.7,0.10172901686149778
2006-10-20,0.74,0.10754210353929766
2006-10-21,0.8,0.11626173355599748
2006-10-22,0.79,0.1148084618865475
2006-10-23,0.82,0.1191682768948974
2006-10-24,0.84,0.12207482023379734
2006-10-25,0.82,0.1191682768948974
2006-10-26,0.83,0.12062154856434737
2006-10-27,0.85,0.1235280919032473
2006-10-28,0.86,0.12498136357269728
2006-10-29,0.87,0.12643463524214724
2006-10-30,0.92,0.1337009935893971
2006-10-31,0.98,0.1424206236060969
2006-11-01,1.03,0.14968698195334676
2006-11-02,1.46,0.21217766373969538
2006-11-03,1.89,0.274668345526044
2006-11-04,1.86,0.27030853051769416
2006-11-05,1.59,0.23107019544254498
2006-11-06,1.5,0.21799075041749527
2006-11-07,1.66,0.24124309712869474
2006-11-08,2.42,0.35169174400689235
2006-11-09,2.03,0.29501414889834354
2006-11-10,1.81,0.2630421721704443
2006-11-11,3.52,0.5115516276463888
2006-11-12,2.33,0.33861229898184264
2006-11-13,8.49,1.2338276473630232
2006-11-14,9.22,1.339916479232871
2006-11-15,3.59,0.5217245293325387
2006-11-16,8.79,1.2774257974465222
2006-11-17,5.0,0.7266358347249842
2006-11-18,3.53,0.5130048993158388
2006-11-19,2.86,0.41563569746269097
2006-11-20,2.66,0.3865702640736916
2006-11-21,2.72,0.39528989409039145
2006-11-22,4.6,0.6685049679469854
2006-11-23,8.83,1.283238884124322
2006-11-24,5.27,0.7658741698001332
2006-11-25,4.12,0.598747927813387
2006-11-26,6.67,0.9693322035231289
2006-11-27,10.2,1.4823371028389676
2006-11-28,7.42,1.0783275787318765
2006-11-29,5.63,0.8181919499003322
2006-11-30,4.69,0.6815844129720352
2006-12-01,4.17,0.6060142861606368
2006-12-02,3.66,0.5318974310186885
2006-12-03,3.4,0.4941123676129892
2006-12-04,3.07,0.44615440252114025
2006-12-05,2.82,0.4098226107848911
2006-12-06,2.7,0.3923833507514915
2006-12-07,2.57,0.37349081904864184
2006-12-08,2.52,0.36622446070139203
2006-12-09,5.38,0.7818601581640829
2006-12-10,17.2,2.4996272714539454
2006-12-11,20.1,2.921076055594437
2006-12-12,35.4,5.144581709852888
2006-12-13,43.0,6.249068178634864
2006-12-14,56.9,8.26911579917032
2006-12-15,67.6,9.824116485481785
2006-12-16,44.1,6.408928062274361
2006-12-17,30.3,4.403413158433405
2006-12-18,22.7,3.298926689651428
2006-12-19,18.2,2.6449544383989423
2006-12-20,15.0,2.1799075041749525
2006-12-21,28.0,4.069160674459911
2006-12-22,28.2,4.098226107848911
2006-12-23,24.8,3.604113740235922
2006-12-24,21.9,3.1826649560954308
2006-12-25,19.3,2.804814322038439
2006-12-26,72.0,10.463556020039773
2006-12-27,122.0,17.729914367289613
2006-12-28,76.2,11.07393012120876
2006-12-29,53.5,7.775003431557331
2006-12-30,40.7,5.914815694661372
2006-12-31,32.7,4.752198359101397
2007-01-01,27.2,3.9528989409039137
2007-01-02,23.4,3.400655706512926
2007-01-03,42.7,6.205470028551366
2007-01-04,68.0,9.882247352259785
2007-01-05,56.7,8.240050365781322
2007-01-06,47.6,6.91757314658185
2007-01-07,40.0,5.813086677799873
2007-01-08,34.2,4.970189109518892
2007-01-09,29.6,4.301684141571907
2007-01-10,25.9,3.763973623875418
2007-01-11,23.2,3.3715902731239265
2007-01-12,20.7,3.0082723557614344
2007-01-13,18.8,2.7321507385659407
2007-01-14,17.3,2.5141599881484455
2007-01-15,15.8,2.29616923773095
2007-01-16,14.6,2.121776637396954
2007-01-17,13.6,1.9764494704519568
2007-01-18,12.7,1.8456550202014597
2007-01-19,11.9,1.7293932866454624
2007-01-20,11.2,1.6276642697839645
2007-01-21,10.6,1.5404679696169665
2007-01-22,10.1,1.467804386144468
2007-01-23,9.61,1.3965940743414196
2007-01-24,9.2,1.3370099358939709
2007-01-25,8.77,1.2745192541076222
2007-01-26,8.39,1.2192949306685235
2007-01-27,8.02,1.1655238788988747
2007-01-28,7.69,1.1175659138070257
2007-01-29,7.34,1.0667014053762767
2007-01-30,7.06,1.0260097986316776
2007-01-31,6.81,0.9896780068954284
2007-02-01,6.57,0.9547994868286293
2007-02-02,6.31,0.91701442342293
2007-02-03,6.08,0.8835891750255808
2007-02-04,5.85,0.8501639266282315
2007-02-05,5.64,0.8196452215697821
2007-02-06,5.45,0.7920330598502328
2007-02-07,7.92,1.150991162204375
2007-02-08,14.8,2.1508420707859535
2007-02-09,36.3,5.275376160103384
2007-02-10,73.0,10.60888318698477
2007-02-11,147.0,21.363093540914534
2007-02-12,101.0,14.678043861444682
2007-02-13,78.0,11.335519021709754
2007-02-14,62.3,9.053882500673303
2007-02-15,50.5,7.339021930722341
2007-02-16,42.0,6.103741011689867
2007-02-17,36.1,5.246310726714386
2007-02-18,31.5,4.577805758767401
2007-02-19,27.8,4.040095241070913
2007-02-20,25.2,3.6622446070139203
2007-02-21,45.5,6.612386095997356
2007-02-22,83.8,12.178416589990734
2007-02-23,74.4,10.812341220707765
2007-02-24,100.0,14.532716694499683
2007-02-25,177.0,25.72290854926444
2007-02-26,141.0,20.491130539244555
2007-02-27,116.0,16.857951365619634
2007-02-28,92.3,13.413697509023208
2007-03-01,78.8,11.45178075526575
2007-03-02,72.4,10.521686886817772
2007-03-03,71.9,10.449023303345273
2007-03-04,76.7,11.146593704681258
2007-03-05,79.0,11.48084618865475
2007-03-06,76.3,11.088462837903258
2007-03-07,72.6,10.550752320206769
2007-03-08,66.8,9.707854751925789
2007-03-09,58.3,8.472573832893316
2007-03-10,50.8,7.382620080805839
2007-03-11,45.6,6.626918812691856
2007-03-12,41.3,6.0020119948283694
2007-03-13,36.9,5.362572460270383
2007-03-14,32.7,4.752198359101397
2007-03-15,29.3,4.258085991488407
2007-03-16,26.5,3.8511699240424164
2007-03-17,24.2,3.5169174400689234
2007-03-18,22.1,3.2117303894844302
2007-03-19,20.7,3.0082723557614344
2007-03-20,19.9,2.892010622205437
2007-03-21,18.0,2.6158890050099433
2007-03-22,16.5,2.3978982545924477
2007-03-23,15.4,2.2380383709529514
2007-03-24,14.6,2.121776637396954
2007-03-25,13.7,1.9909821871464566
2007-03-26,15.9,2.3107019544254497
2007-03-27,14.8,2.1508420707859535
2007-03-28,13.1,1.9037858869794586
2007-03-29,12.3,1.7875241534234612
2007-03-30,11.7,1.700327853256463
2007-03-31,11.1,1.6131315530894648
2007-04-01,10.6,1.5404679696169665
2007-04-02,10.2,1.4823371028389676
2007-04-03,9.78,1.421299692722069
2007-04-04,9.39,1.3646220976135204
2007-04-05,9.05,1.3152108608522215
2007-04-06,8.78,1.2759725257770722
2007-04-07,8.69,1.2628930807520224
2007-04-08,8.33,1.2105753006518236
2007-04-09,8.12,1.1800565955933742
2007-04-10,7.69,1.1175659138070257
2007-04-11,9.76,1.4183931493831692
2007-04-12,8.95,1.3006781441577215
2007-04-13,8.05,1.1698836939072246
2007-04-14,8.34,1.2120285723212736
2007-04-15,7.75,1.1262855438237256
2007-04-16,7.33,1.065248133706827
2007-04-17,7.13,1.0361827003178274
2007-04-18,7.0,1.0172901686149778
2007-04-19,6.92,1.0056639952593782
2007-04-20,6.77,0.9838649202176285
2007-04-21,11.6,1.6857951365619632
2007-04-22,26.6,3.865702640736916
2007-04-23,18.9,2.74668345526044
2007-04-24,16.0,2.3252346711199494
2007-04-25,14.3,2.078178487313455
2007-04-26,12.7,1.8456550202014597
2007-04-27,11.9,1.7293932866454624
2007-04-28,11.1,1.6131315530894648
2007-04-29,10.5,1.5259352529224668
2007-04-30,9.86,1.4329258660776687
2007-05-01,10.5,1.5259352529224668
2007-05-02,12.4,1.802056870117961
2007-05-03,10.8,1.569533403005966
2007-05-04,11.7,1.700327853256463
2007-05-05,10.8,1.569533403005966
2007-05-06,10.3,1.4968698195334675
2007-05-07,9.85,1.4314725944082187
2007-05-08,9.39,1.3646220976135204
2007-05-09,9.01,1.3093977741744214
2007-05-10,8.5,1.2352809190324732
2007-05-11,8.03,1.1669771505683246
2007-05-12,7.8,1.1335519021709752
2007-05-13,7.51,1.0914070237569262
2007-05-14,7.2,1.0463556020039773
2007-05-15,6.86,0.9969443652426784
2007-05-16,6.62,0.9620658451758791
2007-05-17,6.4,0.9300938684479798
2007-05-18,6.2,0.9010284350589804
2007-05-19,5.85,0.8501639266282315
2007-05-20,5.59,0.8123788632225323
2007-05-21,5.38,0.7818601581640829
2007-05-22,5.16,0.7498881814361837
2007-05-23,5.05,0.733902193072234
2007-05-24,5.05,0.733902193072234
2007-05-25,4.92,0.7150096613693845
2007-05-26,4.74,0.6888507713192851
2007-05-27,4.6,0.6685049679469854
2007-05-28,4.43,0.643799349566336
2007-05-29,4.31,0.6263600895329363
2007-05-30,4.16,0.6045610144911868
2007-05-31,4.09,0.594388112805037
2007-06-01,3.97,0.5769488527716374
2007-06-02,3.83,0.5566030493993379
2007-06-03,3.75,0.5449768760437381
2007-06-04,3.74,0.5435236043742883
2007-06-05,3.92,0.5696824944243876
2007-06-06,3.73,0.5420703327048382
2007-06-07,3.6,0.5231778010019886
2007-06-08,3.43,0.4984721826213392
2007-06-09,3.27,0.47521983591013967
2007-06-10,3.19,0.46359366255453993
2007-06-11,3.11,0.45196748919894014
2007-06-12,2.97,0.4316216858266406
2007-06-13,2.86,0.41563569746269097
2007-06-14,2.74,0.3981964374292914
2007-06-15,2.64,0.38366372073479166
2007-06-16,2.57,0.37349081904864184
2007-06-17,2.55,0.3705842757097419
2007-06-18,2.53,0.36767773237084195
2007-06-19,2.47,0.3589581023541422
2007-06-20,2.42,0.35169174400689235
2007-06-21,2.38,0.34587865732909245
2007-06-22,2.34,0.34006557065129256
2007-06-23,2.26,0.3284393972956928
2007-06-24,2.21,0.321173038948443
2007-06-25,2.18,0.31681322394009315
2007-06-26,2.1,0.30518705058449336
2007-06-27,2.03,0.29501414889834354
2007-06-28,2.1,0.30518705058449336
2007-06-29,2.14,0.31100013726229325
2007-06-30,2.14,0.31100013726229325
2007-07-01,2.05,0.2979206922372435
2007-07-02,1.97,0.28629451888164376
2007-07-03,1.9,0.276121617195494
2007-07-04,1.82,0.26449544383989426
2007-07-05,1.74,0.2528692704842945
2007-07-06,1.64,0.2383365537897948
2007-07-07,1.57,0.22816365210364503
2007-07-08,1.62,0.2354300104508949
2007-07-09,1.57,0.22816365210364503
2007-07-10,1.54,0.22380383709529514
2007-07-11,1.69,0.24560291213704466
2007-07-12,1.74,0.2528692704842945
2007-07-13,1.72,0.24996272714539455
2007-07-14,1.62,0.2354300104508949
2007-07-15,1.49,0.2165374787480453
2007-07-16,1.45,0.2107243920702454
2007-07-17,1.48,0.21508420707859532
2007-07-18,2.03,0.29501414889834354
2007-07-19,1.84,0.2674019871787942
2007-07-20,1.71,0.24850945547594458
2007-07-21,1.62,0.2354300104508949
2007-07-22,1.57,0.22816365210364503
2007-07-23,1.48,0.21508420707859532
2007-07-24,1.43,0.20781784873134548
2007-07-25,1.36,0.19764494704519572
2007-07-26,1.28,0.18601877368959596
2007-07-27,1.22,0.17729914367289615
2007-07-28,1.17,0.17003278532564628
2007-07-29,1.23,0.17875241534234612
2007-07-30,1.21,0.17584587200344617
2007-07-31,1.16,0.16857951365619633
2007-08-01,1.09,0.15840661197004657
2007-08-02,1.05,0.15259352529224668
2007-08-03,1.02,0.14823371028389679
2007-08-04,0.97,0.14096735193664692
2007-08-05,0.97,0.14096735193664692
2007-08-06,1.0,0.14532716694499684
2007-08-07,1.06,0.15404679696169665
2007-08-08,1.11,0.1613131553089465
2007-08-09,1.08,0.1569533403005966
2007-08-10,0.97,0.14096735193664692
2007-08-11,0.94,0.13660753692829702
2007-08-12,0.94,0.13660753692829702
2007-08-13,0.93,0.13515426525884708
2007-08-14,0.89,0.12934117858104718
2007-08-15,0.87,0.12643463524214724
2007-08-16,0.87,0.12643463524214724
2007-08-17,0.86,0.12498136357269728
2007-08-18,0.79,0.1148084618865475
2007-08-19,0.8,0.11626173355599748
2007-08-20,0.82,0.1191682768948974
2007-08-21,0.8,0.11626173355599748
2007-08-22,0.76,0.1104486468781976
2007-08-23,0.71,0.10318228853094775
2007-08-24,0.67,0.09736920185314789
2007-08-25,0.64,0.09300938684479798
2007-08-26,0.58,0.08428975682809817
2007-08-27,0.55,0.07992994181974827
2007-08-28,0.53,0.07702339848084833
2007-08-29,0.51,0.07411685514194839
2007-08-30,0.48,0.06975704013359849
2007-08-31,0.46,0.06685049679469855
2007-09-01,0.46,0.06685049679469855
2007-09-02,0.46,0.06685049679469855
2007-09-03,0.42,0.06103741011689867
2007-09-04,0.43,0.06249068178634864
2007-09-05,0.46,0.06685049679469855
2007-09-06,0.42,0.06103741011689867
2007-09-07,0.41,0.0595841384474487
2007-09-08,0.44,0.0639439534557986
2007-09-09,0.39,0.05667759510854877
2007-09-10,0.36,0.05231778010019886
2007-09-11,0.35,0.05086450843074889
2007-09-12,0.34,0.04941123676129893
2007-09-13,0.41,0.0595841384474487
2007-09-14,0.44,0.0639439534557986
2007-09-15,0.46,0.06685049679469855
2007-09-16,0.46,0.06685049679469855
2007-09-17,0.44,0.0639439534557986
2007-09-18,0.4,0.05813086677799874
2007-09-19,0.4,0.05813086677799874
2007-09-20,0.39,0.05667759510854877
2007-09-21,0.38,0.0552243234390988
2007-09-22,0.37,0.05377105176964883
2007-09-23,0.45,0.06539722512524858
2007-09-24,0.46,0.06685049679469855
2007-09-25,0.43,0.06249068178634864
2007-09-26,0.4,0.05813086677799874
2007-09-27,0.4,0.05813086677799874
2007-09-28,0.38,0.0552243234390988
2007-09-29,0.41,0.0595841384474487
2007-09-30,0.41,0.0595841384474487
2007-10-01,0.62,0.09010284350589803
2007-10-02,0.58,0.08428975682809817
2007-10-03,0.57,0.0828364851586482
2007-10-04,0.59,0.08574302849754813
2007-10-05,0.65,0.09446265851424795
2007-10-06,0.66,0.09591593018369791
2007-10-07,0.64,0.09300938684479798
2007-10-08,0.64,0.09300938684479798
2007-10-09,1.22,0.17729914367289615
2007-10-10,3.14,0.45632730420729006
2007-10-11,1.98,0.28774779055109373
2007-10-12,3.35,0.4868460092657394
2007-10-13,2.58,0.37494409071809187
2007-10-14,1.42,0.2063645770618955
2007-10-15,1.33,0.1932851320368458
2007-10-16,1.44,0.20927112040079543
2007-10-17,2.84,0.412729154123791
2007-10-18,5.05,0.733902193072234
2007-10-19,40.1,5.8276193944943735
2007-10-20,18.4,2.6740198717879418
2007-10-21,8.83,1.283238884124322
2007-10-22,5.91,0.8588835566449313
2007-10-23,4.66,0.6772245979636853
2007-10-24,3.89,0.5653226794160378
2007-10-25,3.34,0.4853927375962894
2007-10-26,2.89,0.4199955124710409
2007-10-27,2.58,0.37494409071809187
2007-10-28,2.35,0.3415188423207426
2007-10-29,2.21,0.321173038948443
2007-10-30,2.1,0.30518705058449336
2007-10-31,2.0,0.2906543338899937
2007-11-01,1.89,0.274668345526044
2007-11-02,1.76,0.2557758138231944
2007-11-03,1.66,0.24124309712869474
2007-11-04,1.6,0.23252346711199495
2007-11-05,1.52,0.2208972937563952
2007-11-06,1.44,0.20927112040079543
2007-11-07,1.42,0.2063645770618955
2007-11-08,1.34,0.19473840370629578
2007-11-09,1.34,0.19473840370629578
2007-11-10,1.85,0.2688552588482442
2007-11-11,2.22,0.322626310617893
2007-11-12,1.9,0.276121617195494
2007-11-13,2.06,0.2993739639066935
2007-11-14,1.82,0.26449544383989426
2007-11-15,1.66,0.24124309712869474
2007-11-16,1.56,0.22671038043419509
2007-11-17,1.48,0.21508420707859532
2007-11-18,1.6,0.23252346711199495
2007-11-19,3.87,0.5624161360771378
2007-11-20,3.66,0.5318974310186885
2007-11-21,2.72,0.39528989409039145
2007-11-22,2.37,0.34442538565964254
2007-11-23,2.16,0.3139066806011932
2007-11-24,1.98,0.28774779055109373
2007-11-25,1.83,0.26594871550934424
2007-11-26,1.71,0.24850945547594458
2007-11-27,1.66,0.24124309712869474
2007-11-28,1.56,0.22671038043419509
2007-11-29,1.52,0.2208972937563952
2007-11-30,1.44,0.20927112040079543
2007-12-01,1.44,0.20927112040079543
2007-12-02,1.46,0.21217766373969538
2007-12-03,12.8,1.8601877368959596
2007-12-04,51.3,7.455283664278338
2007-12-05,22.0,3.1971976727899305
2007-12-06,15.9,2.3107019544254497
2007-12-07,13.7,1.9909821871464566
2007-12-08,11.5,1.6712624198674637
2007-12-09,10.1,1.467804386144468
2007-12-10,8.95,1.3006781441577215
2007-12-11,7.68,1.1161126421375758
2007-12-12,6.78,0.9853181918870786
2007-12-13,6.19,0.8995751633895305
2007-12-14,5.64,0.8196452215697821
2007-12-15,5.4,0.784766701502983
2007-12-16,6.11,0.8879489900339307
2007-12-17,8.76,1.2730659824381723
2007-12-18,36.2,5.260843443408886
2007-12-19,47.0,6.830376846414851
2007-12-20,87.9,12.774257974465224
2007-12-21,56.1,8.152854065614322
2007-12-22,38.7,5.624161360771378
2007-12-23,30.0,4.359815008349905
2007-12-24,25.7,3.7349081904864185
2007-12-25,21.7,3.1535995227064313
2007-12-26,19.0,2.7612161719549397
2007-12-27,17.4,2.528692704842945
2007-12-28,17.9,2.601356288315443
2007-12-29,22.4,3.255328539567929
2007-12-30,25.5,3.7058427570974195
2007-12-31,24.6,3.5750483068469223
2008-01-01,22.8,3.313459406345928
2008-01-02,20.9,3.037337789150434
2008-01-03,42.1,6.118273728384367
2008-01-04,282.0,40.98226107848911
2008-01-05,170.0,24.70561838064946
2008-01-06,111.0,16.13131553089465
2008-01-07,83.8,12.178416589990734
2008-01-08,141.0,20.491130539244555
2008-01-09,157.0,22.816365210364502
2008-01-10,126.0,18.311223035069602
2008-01-11,106.0,15.404679696169666
2008-01-12,86.4,12.556267224047728
2008-01-13,73.9,10.739677637235268
2008-01-14,64.4,9.359069551257797
2008-01-15,55.7,8.094723198836324
2008-01-16,48.0,6.975704013359849
2008-01-17,41.8,6.074675578300868
2008-01-18,36.7,5.333507026881384
2008-01-19,32.0,4.650469342239899
2008-01-20,28.8,4.185422408015909
2008-01-21,25.7,3.7349081904864185
2008-01-22,23.3,3.3861229898184266
2008-01-23,21.7,3.1535995227064313
2008-01-24,20.3,2.950141488983436
2008-01-25,20.7,3.0082723557614344
2008-01-26,48.4,7.033834880137847
2008-01-27,46.1,6.699582396164354
2008-01-28,43.3,6.292666328718362
2008-01-29,43.9,6.379862628885361
2008-01-30,44.6,6.481591645746859
2008-01-31,230.0,33.42524839734927
2008-02-01,229.0,33.27992123040428
2008-02-02,186.0,27.030853051769412
2008-02-03,357.0,51.88179859936387
2008-02-04,213.0,30.954686559284326
2008-02-05,120.0,17.43926003339962
2008-02-06,84.9,12.338276473630232
2008-02-07,68.6,9.969443652426783
2008-02-08,58.8,8.545237416365813
2008-02-09,52.4,7.615143547917834
2008-02-10,49.3,7.164629330388344
2008-02-11,46.8,6.801311413025852
2008-02-12,44.0,6.394395345579861
2008-02-13,40.8,5.92934841135587
2008-02-14,36.6,5.318974310186885
2008-02-15,32.2,4.679534775628898
2008-02-16,28.9,4.199955124710408
2008-02-17,26.3,3.822104490653417
2008-02-18,24.2,3.5169174400689234
2008-02-19,23.3,3.3861229898184266
2008-02-20,21.3,3.095468655928433
2008-02-21,20.0,2.9065433388999367
2008-02-22,19.5,2.8338797554274384
2008-02-23,21.0,3.0518705058449336
2008-02-24,128.0,18.601877368959595
2008-02-25,138.0,20.055149038409564
2008-02-26,87.5,12.716127107687223
2008-02-27,66.3,9.63519116845329
2008-02-28,54.2,7.876732448418829
2008-02-29,45.4,6.597853379302856
2008-03-01,39.7,5.7694885277163745
2008-03-02,34.7,5.04285269299139
2008-03-03,30.8,4.476076741905903
2008-03-04,27.9,4.054627957765412
2008-03-05,25.1,3.647711890319421
2008-03-06,22.6,3.284393972956929
2008-03-07,20.8,3.0228050724559345
2008-03-08,19.4,2.8193470387329382
2008-03-09,18.0,2.6158890050099433
2008-03-10,16.9,2.456029121370446
2008-03-11,15.9,2.3107019544254497
2008-03-12,15.0,2.1799075041749525
2008-03-13,14.8,2.1508420707859535
2008-03-14,17.5,2.5432254215374446
2008-03-15,18.5,2.6885525884824415
2008-03-16,17.2,2.4996272714539454
2008-03-17,16.1,2.339767387814449
2008-03-18,15.3,2.2235056542584517
2008-03-19,15.0,2.1799075041749525
2008-03-20,14.2,2.063645770618955
2008-03-21,14.0,2.0345803372299556
2008-03-22,12.8,1.8601877368959596
2008-03-23,12.3,1.7875241534234612
2008-03-24,12.0,1.7439260033399622
2008-03-25,11.4,1.656729703172964
2008-03-26,11.7,1.700327853256463
2008-03-27,11.0,1.5985988363949653
2008-03-28,11.7,1.700327853256463
2008-03-29,12.3,1.7875241534234612
2008-03-30,11.3,1.6421969864784645
2008-03-31,10.8,1.569533403005966
2008-04-01,10.4,1.5114025362279673
2008-04-02,10.1,1.467804386144468
2008-04-03,9.72,1.4125800627053693
2008-04-04,9.4,1.3660753692829704
2008-04-05,9.2,1.3370099358939709
2008-04-06,9.14,1.3282903058772713
2008-04-07,8.45,1.228014560685223
2008-04-08,8.13,1.1815098672628244
2008-04-09,7.87,1.143724803857125
2008-04-10,7.65,1.1117528271292259
2008-04-11,7.53,1.0943135670958262
2008-04-12,7.28,1.057981775359577
2008-04-13,7.04,1.0231032552927777
2008-04-14,6.86,0.9969443652426784
2008-04-15,6.74,0.9795051052092787
2008-04-16,6.53,0.9489864001508294
2008-04-17,6.38,0.9271873251090799
2008-04-18,6.3,0.9155611517534801
2008-04-19,6.15,0.8937620767117306
2008-04-20,6.08,0.8835891750255808
2008-04-21,5.91,0.8588835566449313
2008-04-22,9.3,1.3515426525884706
2008-04-23,8.91,1.2948650574799219
2008-04-24,7.51,1.0914070237569262
2008-04-25,6.86,0.9969443652426784
2008-04-26,6.48,0.9417200418035796
2008-04-27,6.3,0.9155611517534801
2008-04-28,6.05,0.8792293600172308
2008-04-29,5.94,0.8632433716532812
2008-04-30,5.8,0.8428975682809816
2008-05-01,5.6,0.8138321348919823
2008-05-02,5.4,0.784766701502983
2008-05-03,5.22,0.7586078114528835
2008-05-04,5.14,0.7469816380972837
2008-05-05,5.01,0.7280891063944341
2008-05-06,4.95,0.7193694763777344
2008-05-07,4.84,0.7033834880137847
2008-05-08,4.74,0.6888507713192851
2008-05-09,4.63,0.6728647829553354
2008-05-10,4.52,0.6568787945913857
2008-05-11,4.4,0.6394395345579862
2008-05-12,4.3,0.6249068178634863
2008-05-13,4.15,0.603107742821737
2008-05-14,4.03,0.5856684827883373
2008-05-15,3.93,0.5711357660938376
2008-05-16,3.84,0.5580563210687879
2008-05-17,3.78,0.549336691052088
2008-05-18,3.64,0.5289908876797885
2008-05-19,3.75,0.5449768760437381
2008-05-20,3.64,0.5289908876797885
2008-05-21,3.62,0.5260843443408886
2008-05-22,3.66,0.5318974310186885
2008-05-23,3.67,0.5333507026881383
2008-05-24,3.79,0.550789962721538
2008-05-25,3.8,0.552243234390988
2008-05-26,3.68,0.5348039743575884
2008-05-27,3.67,0.5333507026881383
2008-05-28,3.67,0.5333507026881383
2008-05-29,3.59,0.5217245293325387
2008-05-30,3.42,0.49701891095188916
2008-05-31,3.27,0.47521983591013967
2008-06-01,3.21,0.4665002058934398
2008-06-02,3.1,0.4505142175294902
2008-06-03,3.09,0.4490609458600402
2008-06-04,3.08,0.4476076741905903
2008-06-05,3.0,0.43598150083499054
2008-06-06,3.0,0.43598150083499054
2008-06-07,2.96,0.43016841415719065
2008-06-08,2.94,0.4272618708182907
2008-06-09,2.8,0.4069160674459911
2008-06-10,2.74,0.3981964374292914
2008-06-11,2.68,0.38947680741259155
2008-06-12,2.63,0.3822104490653417
2008-06-13,2.52,0.36622446070139203
2008-06-14,2.45,0.35605155901524227
2008-06-15,2.36,0.3429721139901925
2008-06-16,2.33,0.33861229898184264
2008-06-17,2.27,0.3298926689651428
2008-06-18,2.19,0.31826649560954307
2008-06-19,2.14,0.31100013726229325
2008-06-20,2.16,0.3139066806011932
2008-06-21,2.12,0.3080935939233933
2008-06-22,2.05,0.2979206922372435
2008-06-23,2.01,0.2921076055594436
2008-06-24,1.95,0.2833879755427438
2008-06-25,1.96,0.2848412472121938
2008-06-26,1.93,0.2804814322038439
2008-06-27,1.9,0.276121617195494
2008-06-28,1.81,0.2630421721704443
2008-06-29,1.77,0.2572290854926444
2008-06-30,1.72,0.24996272714539455
2008-07-01,1.73,0.25141599881484455
2008-07-02,1.67,0.2426963687981447
2008-07-03,1.65,0.23978982545924477
2008-07-04,1.7,0.2470561838064946
2008-07-05,1.68,0.2441496404675947
2008-07-06,1.62,0.2354300104508949
2008-07-07,1.52,0.2208972937563952
2008-07-08,1.36,0.19764494704519572
2008-07-09,1.28,0.18601877368959596
2008-07-10,1.19,0.17293932866454623
2008-07-11,1.18,0.17148605699509625
2008-07-12,1.19,0.17293932866454623
2008-07-13,1.16,0.16857951365619633
2008-07-14,1.14,0.1656729703172964
2008-07-15,1.12,0.16276642697839647
2008-07-16,1.12,0.16276642697839647
2008-07-17,1.08,0.1569533403005966
2008-07-18,1.03,0.14968698195334676
2008-07-19,1.01,0.1467804386144468
2008-07-20,1.01,0.1467804386144468
2008-07-21,1.03,0.14968698195334676
2008-07-22,1.02,0.14823371028389679
2008-07-23,1.0,0.14532716694499684
2008-07-24,0.97,0.14096735193664692
2008-07-25,0.94,0.13660753692829702
2008-07-26,0.96,0.13951408026719697
2008-07-27,0.97,0.14096735193664692
2008-07-28,0.98,0.1424206236060969
2008-07-29,0.97,0.14096735193664692
2008-07-30,0.94,0.13660753692829702
2008-07-31,0.94,0.13660753692829702
2008-08-01,0.92,0.1337009935893971
2008-08-02,0.93,0.13515426525884708
2008-08-03,0.86,0.12498136357269728
2008-08-04,0.77,0.11190191854764757
2008-08-05,0.74,0.10754210353929766
2008-08-06,0.72,0.10463556020039771
2008-08-07,0.7,0.10172901686149778
2008-08-08,0.68,0.09882247352259786
2008-08-09,0.7,0.10172901686149778
2008-08-10,0.71,0.10318228853094775
2008-08-11,0.69,0.10027574519204781
2008-08-12,0.64,0.09300938684479798
2008-08-13,0.61,0.08864957183644807
2008-08-14,0.57,0.0828364851586482
2008-08-15,0.51,0.07411685514194839
2008-08-16,0.5,0.07266358347249842
2008-08-17,0.48,0.06975704013359849
2008-08-18,0.57,0.0828364851586482
2008-08-19,0.66,0.09591593018369791
2008-08-20,0.69,0.10027574519204781
2008-08-21,0.71,0.10318228853094775
2008-08-22,0.72,0.10463556020039771
2008-08-23,0.69,0.10027574519204781
2008-08-24,0.7,0.10172901686149778
2008-08-25,0.66,0.09591593018369791
2008-08-26,0.7,0.10172901686149778
2008-08-27,0.69,0.10027574519204781
2008-08-28,0.64,0.09300938684479798
2008-08-29,0.63,0.09155611517534801
2008-08-30,0.62,0.09010284350589803
2008-08-31,0.62,0.09010284350589803
2008-09-01,0.64,0.09300938684479798
2008-09-02,0.64,0.09300938684479798
2008-09-03,0.65,0.09446265851424795
2008-09-04,0.64,0.09300938684479798
2008-09-05,0.61,0.08864957183644807
2008-09-06,0.58,0.08428975682809817
2008-09-07,0.55,0.07992994181974827
2008-09-08,0.53,0.07702339848084833
2008-09-09,0.56,0.08138321348919823
2008-09-10,0.6,0.0871963001669981
2008-09-11,0.58,0.08428975682809817
2008-09-12,0.53,0.07702339848084833
2008-09-13,0.53,0.07702339848084833
2008-09-14,0.52,0.07557012681139835
2008-09-15,0.51,0.07411685514194839
2008-09-16,0.52,0.07557012681139835
2008-09-17,0.54,0.0784766701502983
2008-09-18,0.65,0.09446265851424795
2008-09-19,0.71,0.10318228853094775
2008-09-20,0.88,0.1278879069115972
2008-09-21,0.88,0.1278879069115972
2008-09-22,0.82,0.1191682768948974
2008-09-23,0.77,0.11190191854764757
2008-09-24,0.73,0.10608883186984769
2008-09-25,0.71,0.10318228853094775
2008-09-26,0.72,0.10463556020039771
2008-09-27,0.71,0.10318228853094775
2008-09-28,0.71,0.10318228853094775
2008-09-29,0.69,0.10027574519204781
2008-09-30,0.71,0.10318228853094775
2008-10-01,0.72,0.10463556020039771
2008-10-02,1.17,0.17003278532564628
2008-10-03,2.82,0.4098226107848911
2008-10-04,5.14,0.7469816380972837
2008-10-05,2.55,0.3705842757097419
2008-10-06,1.51,0.21944402208694522
2008-10-07,1.04,0.1511402536227967
2008-10-08,0.82,0.1191682768948974
2008-10-09,0.72,0.10463556020039771
2008-10-10,0.72,0.10463556020039771
2008-10-11,0.72,0.10463556020039771
2008-10-12,0.72,0.10463556020039771
2008-10-13,0.67,0.09736920185314789
2008-10-14,0.67,0.09736920185314789
2008-10-15,0.69,0.10027574519204781
2008-10-16,0.67,0.09736920185314789
2008-10-17,0.67,0.09736920185314789
2008-10-18,0.67,0.09736920185314789
2008-10-19,0.67,0.09736920185314789
2008-10-20,0.68,0.09882247352259786
2008-10-21,0.72,0.10463556020039771
2008-10-22,0.74,0.10754210353929766
2008-10-23,0.73,0.10608883186984769
2008-10-24,0.76,0.1104486468781976
2008-10-25,0.81,0.11771500522544745
2008-10-26,0.88,0.1278879069115972
2008-10-27,1.01,0.1467804386144468
2008-10-28,1.03,0.14968698195334676
2008-10-29,1.03,0.14968698195334676
2008-10-30,1.05,0.15259352529224668
2008-10-31,2.33,0.33861229898184264
2008-11-01,7.04,1.0231032552927777
2008-11-02,15.5,2.252571087647451
2008-11-03,14.5,2.1072439207024543
2008-11-04,15.0,2.1799075041749525
2008-11-05,7.66,1.1132060987986758
2008-11-06,5.73,0.8327246665948319
2008-11-07,4.44,0.645252621235786
2008-11-08,4.36,0.6336264478801863
2008-11-09,4.98,0.7237292913860843
2008-11-10,4.1,0.595841384474487
2008-11-11,3.46,0.5028319976296891
2008-11-12,3.17,0.46068711921564
2008-11-13,2.87,0.41708896913214094
2008-11-14,2.6,0.3778506340569918
2008-11-15,2.34,0.34006557065129256
2008-11-16,2.1,0.30518705058449336
2008-11-17,1.91,0.27757488886494397
2008-11-18,1.72,0.24996272714539455
2008-11-19,1.59,0.23107019544254498
2008-11-20,1.85,0.2688552588482442
2008-11-21,1.72,0.24996272714539455
2008-11-22,1.54,0.22380383709529514
2008-11-23,1.43,0.20781784873134548
2008-11-24,1.33,0.1932851320368458
2008-11-25,1.25,0.18165895868124604
2008-11-26,1.21,0.17584587200344617
2008-11-27,1.14,0.1656729703172964
2008-11-28,1.06,0.15404679696169665
2008-11-29,1.04,0.1511402536227967
2008-11-30,0.98,0.1424206236060969
2008-12-01,0.95,0.138060808597747
2008-12-02,0.94,0.13660753692829702
2008-12-03,0.89,0.12934117858104718
2008-12-04,0.89,0.12934117858104718
2008-12-05,0.84,0.12207482023379734
2008-12-06,0.81,0.11771500522544745
2008-12-07,0.77,0.11190191854764757
2008-12-08,0.74,0.10754210353929766
2008-12-09,0.74,0.10754210353929766
2008-12-10,0.71,0.10318228853094775
2008-12-11,0.68,0.09882247352259786
2008-12-12,0.7,0.10172901686149778
2008-12-13,0.76,0.1104486468781976
2008-12-14,1.03,0.14968698195334676
2008-12-15,1.45,0.2107243920702454
2008-12-16,1.17,0.17003278532564628
2008-12-17,1.1,0.15985988363949655
2008-12-18,2.12,0.3080935939233933
2008-12-19,6.42,0.9330004117868796
2008-12-20,3.99,0.5798553961105374
2008-12-21,23.0,3.3425248397349274
2008-12-22,25.6,3.7203754737919192
2008-12-23,15.8,2.29616923773095
2008-12-24,39.2,5.696824944243876
2008-12-25,77.9,11.320986305015255
2008-12-26,39.3,5.711357660938376
2008-12-27,32.6,4.737665642406897
2008-12-28,66.5,9.66425660184229
2008-12-29,75.0,10.899537520874762
2008-12-30,58.6,8.516171982976815
2008-12-31,43.3,6.292666328718362
2009-01-01,33.4,4.853927375962894
2009-01-02,49.9,7.251825630555342
2009-01-03,44.1,6.408928062274361
2009-01-04,36.3,5.275376160103384
2009-01-05,32.6,4.737665642406897
2009-01-06,27.3,3.967431657598414
2009-01-07,24.0,3.4878520066799243
2009-01-08,21.9,3.1826649560954308
2009-01-09,19.1,2.77574888864944
2009-01-10,17.0,2.4705618380649463
2009-01-11,15.2,2.208972937563952
2009-01-12,13.6,1.9764494704519568
2009-01-13,12.3,1.7875241534234612
2009-01-14,11.3,1.6421969864784645
2009-01-15,10.3,1.4968698195334675
2009-01-16,9.64,1.4009538893497695
2009-01-17,9.0,1.3079445025049716
2009-01-18,8.43,1.2251080173463234
2009-01-19,7.86,1.1422715321876753
2009-01-20,7.36,1.0696079487151768
2009-01-21,6.96,1.011477081937178
2009-01-22,7.25,1.0536219603512271
2009-01-23,6.42,0.9330004117868796
2009-01-24,6.06,0.8806826316866808
2009-01-25,5.81,0.8443508399504316
2009-01-26,5.54,0.8051125048752825
2009-01-27,5.2,0.7557012681139836
2009-01-28,4.93,0.7164629330388343
2009-01-29,4.74,0.6888507713192851
2009-01-30,4.53,0.6583320662608357
2009-01-31,4.34,0.6307199045412862
2009-02-01,4.15,0.603107742821737
2009-02-02,3.96,0.5754955811021875
2009-02-03,3.81,0.553696506060438
2009-02-04,3.65,0.5304441593492385
2009-02-05,4.71,0.6844909563109352
2009-02-06,9.89,1.4372856810860188
2009-02-07,6.73,0.9780518335398288
2009-02-08,5.99,0.8705097300005311
2009-02-09,5.57,0.8094723198836324
2009-02-10,5.89,0.8559770133060314
2009-02-11,10.0,1.4532716694499683
2009-02-12,12.3,1.7875241534234612
2009-02-13,15.5,2.252571087647451
2009-02-14,17.9,2.601356288315443
2009-02-15,27.4,3.981964374292913
2009-02-16,42.0,6.103741011689867
2009-02-17,46.0,6.685049679469855
2009-02-18,39.9,5.798553961105374
2009-02-19,34.9,5.07191812638039
2009-02-20,32.1,4.665002058934399
2009-02-21,31.7,4.6068711921564
2009-02-22,131.0,19.037858869794587
2009-02-23,228.0,33.13459406345928
2009-02-24,212.0,30.80935939233933
2009-02-25,110.0,15.985988363949652
2009-02-26,90.7,13.181174041911214
2009-02-27,75.0,10.899537520874762
2009-02-28,63.1,9.170144234229301
2009-03-01,55.6,8.080190482141825
2009-03-02,102.0,14.823371028389678
2009-03-03,111.0,16.13131553089465
2009-03-04,108.0,15.695334030059659
2009-03-05,86.8,12.614398090825725
2009-03-06,69.9,10.15836896945528
2009-03-07,58.0,8.428975682809817
2009-03-08,49.0,7.121031180304845
2009-03-09,42.1,6.118273728384367
2009-03-10,36.9,5.362572460270383
2009-03-11,33.1,4.8103292258793955
2009-03-12,29.8,4.3307495749609055
2009-03-13,26.8,3.894768074125915
2009-03-14,24.6,3.5750483068469223
2009-03-15,29.6,4.301684141571907
2009-03-16,67.0,9.736920185314789
2009-03-17,73.4,10.667014053762768
2009-03-18,61.8,8.981218917200804
2009-03-19,51.7,7.513414531056337
2009-03-20,43.8,6.3653299121908615
2009-03-21,39.5,5.740423094327375
2009-03-22,39.3,5.711357660938376
2009-03-23,35.1,5.100983559769389
2009-03-24,33.3,4.839394659268394
2009-03-25,31.7,4.6068711921564
2009-03-26,29.9,4.345282291655406
2009-03-27,27.5,3.996497090987413
2009-03-28,25.4,3.6913100404029193
2009-03-29,23.4,3.400655706512926
2009-03-30,21.6,3.139066806011932
2009-03-31,20.0,2.9065433388999367
2009-04-01,18.6,2.7030853051769412
2009-04-02,17.6,2.5577581382319448
2009-04-03,16.5,2.3978982545924477
2009-04-04,15.5,2.252571087647451
2009-04-05,14.6,2.121776637396954
2009-04-06,13.7,1.9909821871464566
2009-04-07,13.3,1.932851320368458
2009-04-08,12.9,1.8747204535904594
2009-04-09,14.9,2.1653747874804528
2009-04-10,13.9,2.0200476205354563
2009-04-11,12.4,1.802056870117961
2009-04-12,11.7,1.700327853256463
2009-04-13,11.3,1.6421969864784645
2009-04-14,10.9,1.5840661197004655
2009-04-15,10.5,1.5259352529224668
2009-04-16,10.1,1.467804386144468
2009-04-17,9.78,1.421299692722069
2009-04-18,9.44,1.37188845596077
2009-04-19,9.05,1.3152108608522215
2009-04-20,8.68,1.2614398090825725
2009-04-21,8.38,1.2178416589990737
2009-04-22,8.02,1.1655238788988747
2009-04-23,7.64,1.1102995554597759
2009-04-24,7.25,1.0536219603512271
2009-04-25,7.05,1.0245565269622277
2009-04-26,6.8,0.9882247352259784
2009-04-27,6.61,0.9606125735064291
2009-04-28,6.44,0.9359069551257797
2009-04-29,6.27,0.9112013367451302
2009-04-30,6.14,0.8923088050422805
2009-05-01,7.77,1.1291920871626253
2009-05-02,12.1,1.7584587200344617
2009-05-03,13.5,1.9619167537574573
2009-05-04,62.0,9.010284350589805
2009-05-05,177.0,25.72290854926444
2009-05-06,90.5,13.152108608522214
2009-05-07,65.5,9.518929434897293
2009-05-08,52.9,7.687807131390333
2009-05-09,44.0,6.394395345579861
2009-05-10,37.6,5.464301477131881
2009-05-11,32.7,4.752198359101397
2009-05-12,28.8,4.185422408015909
2009-05-13,25.5,3.7058427570974195
2009-05-14,22.8,3.313459406345928
2009-05-15,20.8,3.0228050724559345
2009-05-16,19.0,2.7612161719549397
2009-05-17,17.4,2.528692704842945
2009-05-18,16.1,2.339767387814449
2009-05-19,14.9,2.1653747874804528
2009-05-20,14.0,2.0345803372299556
2009-05-21,13.2,1.9183186036739581
2009-05-22,12.5,1.8165895868124604
2009-05-23,11.9,1.7293932866454624
2009-05-24,11.3,1.6421969864784645
2009-05-25,10.8,1.569533403005966
2009-05-26,10.3,1.4968698195334675
2009-05-27,9.8,1.424206236060969
2009-05-28,9.34,1.3573557392662705
2009-05-29,8.79,1.2774257974465222
2009-05-30,8.29,1.2047622139740237
2009-05-31,7.57,1.100126653773626
2009-06-01,7.35,1.0681546770457266
2009-06-02,7.08,1.0289163419705776
2009-06-03,6.84,0.9940378219037783
2009-06-04,6.75,0.9809583768787287
2009-06-05,6.54,0.9504396718202793
2009-06-06,6.09,0.8850424466950307
2009-06-07,5.79,0.8414442966115318
2009-06-08,5.47,0.7949396031891327
2009-06-09,5.28,0.7673274414695833
2009-06-10,5.15,0.7484349097667338
2009-06-11,4.96,0.7208227480471843
2009-06-12,4.77,0.6932105863276349
2009-06-13,4.61,0.6699582396164355
2009-06-14,4.52,0.6568787945913857
2009-06-15,4.4,0.6394395345579862
2009-06-16,4.34,0.6307199045412862
2009-06-17,4.15,0.603107742821737
2009-06-18,3.97,0.5769488527716374
2009-06-19,3.84,0.5580563210687879
2009-06-20,3.81,0.553696506060438
2009-06-21,3.69,0.5362572460270383
2009-06-22,3.58,0.5202712576630887
2009-06-23,3.38,0.4912058242740893
2009-06-24,3.23,0.46940674923233977
2009-06-25,3.16,0.45923384754619
2009-06-26,3.12,0.45342076086839017
2009-06-27,3.01,0.43743477250444046
2009-06-28,2.84,0.412729154123791
2009-06-29,2.72,0.39528989409039145
2009-06-30,2.61,0.37930390572644174
2009-07-01,2.52,0.36622446070139203
2009-07-02,2.42,0.35169174400689235
2009-07-03,2.35,0.3415188423207426
2009-07-04,2.31,0.3357057556429427
2009-07-05,2.26,0.3284393972956928
2009-07-06,2.25,0.3269861256262429
2009-07-07,2.21,0.321173038948443
2009-07-08,2.15,0.31245340893174317
2009-07-09,2.07,0.30082723557614344
2009-07-10,2.05,0.2979206922372435
2009-07-11,2.02,0.2935608772288936
2009-07-12,2.01,0.2921076055594436
2009-07-13,1.91,0.27757488886494397
2009-07-14,1.79,0.26013562883154434
2009-07-15,1.68,0.2441496404675947
2009-07-16,1.6,0.23252346711199495
2009-07-17,1.58,0.229616923773095
2009-07-18,1.52,0.2208972937563952
2009-07-19,1.46,0.21217766373969538
2009-07-20,1.4,0.20345803372299556
2009-07-21,1.36,0.19764494704519572
2009-07-22,1.37,0.1990982187146457
2009-07-23,1.39,0.2020047620535456
2009-07-24,1.38,0.20055149038409562
2009-07-25,1.33,0.1932851320368458
2009-07-26,1.26,0.18311223035069601
2009-07-27,1.21,0.17584587200344617
2009-07-28,1.17,0.17003278532564628
2009-07-29,1.18,0.17148605699509625
2009-07-30,1.17,0.17003278532564628
2009-07-31,1.15,0.16712624198674636
2009-08-01,1.12,0.16276642697839647
2009-08-02,1.09,0.15840661197004657
2009-08-03,1.13,0.1642196986478464
2009-08-04,1.18,0.17148605699509625
2009-08-05,1.21,0.17584587200344617
2009-08-06,1.29,0.18747204535904594
2009-08-07,1.34,0.19473840370629578
2009-08-08,1.28,0.18601877368959596
2009-08-09,1.17,0.17003278532564628
2009-08-10,1.11,0.1613131553089465
2009-08-11,1.07,0.15550006863114663
2009-08-12,1.01,0.1467804386144468
2009-08-13,0.99,0.14387389527554686
2009-08-14,0.99,0.14387389527554686
2009-08-15,1.01,0.1467804386144468
2009-08-16,1.01,0.1467804386144468
2009-08-17,0.96,0.13951408026719697
2009-08-18,0.9,0.13079445025049716
2009-08-19,0.87,0.12643463524214724
2009-08-20,0.84,0.12207482023379734
2009-08-21,0.81,0.11771500522544745
2009-08-22,0.78,0.11335519021709754
2009-08-23,0.78,0.11335519021709754
2009-08-24,0.75,0.10899537520874764
2009-08-25,0.72,0.10463556020039771
2009-08-26,0.7,0.10172901686149778
2009-08-27,0.68,0.09882247352259786
2009-08-28,0.67,0.09736920185314789
2009-08-29,0.65,0.09446265851424795
2009-08-30,0.64,0.09300938684479798
2009-08-31,0.65,0.09446265851424795
2009-09-01,0.7,0.10172901686149778
2009-09-02,0.68,0.09882247352259786
2009-09-03,0.63,0.09155611517534801
2009-09-04,0.63,0.09155611517534801
2009-09-05,0.64,0.09300938684479798
2009-09-06,0.66,0.09591593018369791
2009-09-07,0.64,0.09300938684479798
2009-09-08,0.61,0.08864957183644807
2009-09-09,0.56,0.08138321348919823
2009-09-10,0.52,0.07557012681139835
2009-09-11,0.51,0.07411685514194839
2009-09-12,0.44,0.0639439534557986
2009-09-13,0.67,0.09736920185314789
2009-09-14,1.0,0.14532716694499684
2009-09-15,0.88,0.1278879069115972
2009-09-16,0.8,0.11626173355599748
2009-09-17,0.78,0.11335519021709754
2009-09-18,0.71,0.10318228853094775
2009-09-19,0.58,0.08428975682809817
2009-09-20,0.57,0.0828364851586482
2009-09-21,0.52,0.07557012681139835
2009-09-22,0.5,0.07266358347249842
2009-09-23,0.47,0.06830376846414851
2009-09-24,0.46,0.06685049679469855
2009-09-25,0.44,0.0639439534557986
2009-09-26,0.41,0.0595841384474487
2009-09-27,0.38,0.0552243234390988
2009-09-28,0.36,0.05231778010019886
2009-09-29,0.39,0.05667759510854877
2009-09-30,0.46,0.06685049679469855
2009-10-01,0.49,0.07121031180304845
2009-10-02,0.46,0.06685049679469855
2009-10-03,0.49,0.07121031180304845
2009-10-04,0.58,0.08428975682809817
2009-10-05,0.64,0.09300938684479798
2009-10-06,0.67,0.09736920185314789
2009-10-07,0.66,0.09591593018369791
2009-10-08,0.66,0.09591593018369791
2009-10-09,0.65,0.09446265851424795
2009-10-10,0.66,0.09591593018369791
2009-10-11,0.66,0.09591593018369791
2009-10-12,0.72,0.10463556020039771
2009-10-13,4.7,0.6830376846414852
2009-10-14,12.8,1.8601877368959596
2009-10-15,4.77,0.6932105863276349
2009-10-16,2.6,0.3778506340569918
2009-10-17,1.93,0.2804814322038439
2009-10-18,1.52,0.2208972937563952
2009-10-19,1.98,0.28774779055109373
2009-10-20,1.97,0.28629451888164376
2009-10-21,1.64,0.2383365537897948
2009-10-22,1.4,0.20345803372299556
2009-10-23,1.27,0.184565502020146
2009-10-24,1.17,0.17003278532564628
2009-10-25,1.11,0.1613131553089465
2009-10-26,1.05,0.15259352529224668
2009-10-27,0.98,0.1424206236060969
2009-10-28,0.98,0.1424206236060969
2009-10-29,0.98,0.1424206236060969
2009-10-30,0.98,0.1424206236060969
2009-10-31,0.98,0.1424206236060969
2009-11-01,0.97,0.14096735193664692
2009-11-02,0.9,0.13079445025049716
2009-11-03,0.89,0.12934117858104718
2009-11-04,0.87,0.12643463524214724
2009-11-05,0.98,0.1424206236060969
2009-11-06,2.33,0.33861229898184264
2009-11-07,2.12,0.3080935939233933
2009-11-08,1.64,0.2383365537897948
2009-11-09,1.39,0.2020047620535456
2009-11-10,1.34,0.19473840370629578
2009-11-11,1.24,0.18020568701179607
2009-11-12,1.16,0.16857951365619633
2009-11-13,1.15,0.16712624198674636
2009-11-14,1.1,0.15985988363949655
2009-11-15,1.06,0.15404679696169665
2009-11-16,1.05,0.15259352529224668
2009-11-17,2.37,0.34442538565964254
2009-11-18,2.95,0.4287151424877407
2009-11-19,2.31,0.3357057556429427
2009-11-20,7.98,1.1597107922210748
2009-11-21,8.91,1.2948650574799219
2009-11-22,8.9,1.293411785810472
2009-11-23,6.86,0.9969443652426784
2009-11-24,5.0,0.7266358347249842
2009-11-25,4.08,0.5929348411355871
2009-11-26,3.48,0.505738540968589
2009-11-27,4.14,0.6016544711522869
2009-11-28,3.6,0.5231778010019886
2009-11-29,3.33,0.4839394659268395
2009-11-30,3.01,0.43743477250444046
2009-12-01,2.74,0.3981964374292914
2009-12-02,2.52,0.36622446070139203
2009-12-03,2.33,0.33861229898184264
2009-12-04,2.17,0.3153599522706431
2009-12-05,2.14,0.31100013726229325
2009-12-06,2.03,0.29501414889834354
2009-12-07,1.97,0.28629451888164376
2009-12-08,1.88,0.27321507385659405
2009-12-09,1.77,0.2572290854926444
2009-12-10,1.75,0.25432254215374445
2009-12-11,2.28,0.3313459406345928
2009-12-12,7.37,1.0710612203846268
2009-12-13,10.8,1.569533403005966
2009-12-14,7.38,1.0725144920540766
2009-12-15,11.2,1.6276642697839645
2009-12-16,38.0,5.5224323439098795
2009-12-17,17.6,2.5577581382319448
2009-12-18,12.2,1.7729914367289614
2009-12-19,9.72,1.4125800627053693
2009-12-20,9.28,1.3486361092495707
2009-12-21,19.5,2.8338797554274384
2009-12-22,21.6,3.139066806011932
2009-12-23,15.1,2.1944402208694522
2009-12-24,12.3,1.7875241534234612
2009-12-25,10.5,1.5259352529224668
2009-12-26,9.38,1.3631688259440704
2009-12-27,10.2,1.4823371028389676
2009-12-28,9.08,1.3195706758605712
2009-12-29,8.94,1.2992248724882716
2009-12-30,9.0,1.3079445025049716
2009-12-31,9.54,1.3864211726552698
2010-01-01,63.2,9.1846769509238
2010-01-02,56.5,8.210984932392321
2010-01-03,36.3,5.275376160103384
2010-01-04,23.7,3.444253856596425
2010-01-05,16.9,2.456029121370446
2010-01-06,14.0,2.0345803372299556
2010-01-07,12.3,1.7875241534234612
2010-01-08,11.1,1.6131315530894648
2010-01-09,10.1,1.467804386144468
2010-01-10,9.44,1.37188845596077
2010-01-11,8.93,1.2977716008188218
2010-01-12,43.1,6.263600895329364
2010-01-13,89.9,13.064912308355217
2010-01-14,69.4,10.08570538598278
2010-01-15,50.5,7.339021930722341
2010-01-16,39.5,5.740423094327375
2010-01-17,41.4,6.016544711522869
2010-01-18,71.1,10.332761569789275
2010-01-19,160.0,23.252346711199493
2010-01-20,212.0,30.80935939233933
2010-01-21,261.0,37.93039057264418
2010-01-22,156.0,22.671038043419507
2010-01-23,110.0,15.985988363949652
2010-01-24,109.0,15.840661197004655
2010-01-25,296.0,43.016841415719064
2010-01-26,300.0,43.59815008349905
2010-01-27,167.0,24.26963687981447
2010-01-28,109.0,15.840661197004655
2010-01-29,86.4,12.556267224047728
2010-01-30,73.8,10.725144920540766
2010-01-31,63.3,9.1992096676183
2010-02-01,58.8,8.545237416365813
2010-02-02,55.0,7.992994181974826
2010-02-03,55.8,8.109255915530824
2010-02-04,60.8,8.835891750255808
2010-02-05,89.8,13.050379591660716
2010-02-06,87.3,12.687061674298224
2010-02-07,77.6,11.277388154931753
2010-02-08,69.2,10.056639952593782
2010-02-09,62.3,9.053882500673303
2010-02-10,54.9,7.9784614652803265
2010-02-11,50.8,7.382620080805839
2010-02-12,47.8,6.946638579970848
2010-02-13,43.9,6.379862628885361
2010-02-14,40.9,5.9438811280503705
2010-02-15,38.3,5.566030493993378
2010-02-16,35.2,5.1155162764638895
2010-02-17,32.7,4.752198359101397
2010-02-18,30.5,4.432478591822403
2010-02-19,28.6,4.15635697462691
2010-02-20,26.9,3.909300790820415
2010-02-21,25.2,3.6622446070139203
2010-02-22,23.6,3.4297211399019254
2010-02-23,28.5,4.14182425793241
2010-02-24,35.2,5.1155162764638895
2010-02-25,31.8,4.621403908850899
2010-02-26,66.6,9.678789318536788
2010-02-27,89.1,12.948650574799217
2010-02-28,72.9,10.594350470290271
2010-03-01,60.2,8.74869545008881
2010-03-02,61.6,8.952153483811806
2010-03-03,63.7,9.257340534396299
2010-03-04,56.4,8.196452215697821
2010-03-05,51.9,7.542479964445335
2010-03-06,45.8,6.6559842460808545
2010-03-07,40.7,5.914815694661372
2010-03-08,37.3,5.420703327048382
2010-03-09,33.7,4.897525526046394
2010-03-10,31.3,4.548740325378401
2010-03-11,28.6,4.15635697462691
2010-03-12,55.8,8.109255915530824
2010-03-13,67.8,9.853181918870785
2010-03-14,58.9,8.559770133060313
2010-03-15,50.1,7.280891063944342
2010-03-16,42.8,6.220002745245864
2010-03-17,37.7,5.478834193826382
2010-03-18,33.5,4.868460092657394
2010-03-19,29.7,4.316216858266406
2010-03-20,26.7,3.8802353574314155
2010-03-21,24.6,3.5750483068469223
2010-03-22,22.4,3.255328539567929
2010-03-23,20.5,2.9792069223724353
2010-03-24,19.4,2.8193470387329382
2010-03-25,20.8,3.0228050724559345
2010-03-26,19.0,2.7612161719549397
2010-03-27,17.3,2.5141599881484455
2010-03-28,16.8,2.441496404675947
2010-03-29,33.5,4.868460092657394
2010-03-30,67.7,9.838649202176287
2010-03-31,63.3,9.1992096676183
2010-04-01,56.1,8.152854065614322
2010-04-02,85.7,12.45453820718623
2010-04-03,104.0,15.114025362279671
2010-04-04,87.3,12.687061674298224
2010-04-05,79.0,11.48084618865475
2010-04-06,71.4,10.376359719872775
2010-04-07,64.7,9.402667701341295
2010-04-08,59.5,8.646966433227313
2010-04-09,53.4,7.760470714862831
2010-04-10,47.8,6.946638579970848
2010-04-11,51.7,7.513414531056337
2010-04-12,97.9,14.227529643915192
2010-04-13,99.8,14.503651261110685
2010-04-14,78.8,11.45178075526575
2010-04-15,64.9,9.431733134730296
2010-04-16,54.5,7.920330598502328
2010-04-17,46.9,6.815844129720351
2010-04-18,40.9,5.9438811280503705
2010-04-19,36.5,5.304441593492385
2010-04-20,38.0,5.5224323439098795
2010-04-21,33.3,4.839394659268394
2010-04-22,30.5,4.432478591822403
2010-04-23,27.9,4.054627957765412
2010-04-24,25.7,3.7349081904864185
2010-04-25,23.8,3.458786573290925
2010-04-26,22.5,3.2698612562624287
2010-04-27,127.0,18.456550202014597
2010-04-28,134.0,19.473840370629578
2010-04-29,104.0,15.114025362279671
2010-04-30,80.4,11.684304222377747
2010-05-01,65.1,9.460798568119293
2010-05-02,53.6,7.78953614825183
2010-05-03,45.3,6.583320662608356
2010-05-04,39.4,5.725890377632875
2010-05-05,35.1,5.100983559769389
2010-05-06,31.3,4.548740325378401
2010-05-07,28.5,4.14182425793241
2010-05-08,26.2,3.807571773958917
2010-05-09,24.2,3.5169174400689234
2010-05-10,28.0,4.069160674459911
2010-05-11,24.2,3.5169174400689234
2010-05-12,21.6,3.139066806011932
2010-05-13,20.3,2.950141488983436
2010-05-14,19.2,2.790281605343939
2010-05-15,17.9,2.601356288315443
2010-05-16,17.0,2.4705618380649463
2010-05-17,17.1,2.485094554759446
2010-05-18,16.2,2.354300104508949
2010-05-19,16.1,2.339767387814449
2010-05-20,15.4,2.2380383709529514
2010-05-21,14.6,2.121776637396954
2010-05-22,14.1,2.0491130539244553
2010-05-23,13.4,1.9473840370629576
2010-05-24,12.9,1.8747204535904594
2010-05-25,14.2,2.063645770618955
2010-05-26,15.7,2.28163652103645
2010-05-27,16.3,2.3688328212034486
2010-05-28,16.9,2.456029121370446
2010-05-29,16.5,2.3978982545924477
2010-05-30,16.0,2.3252346711199494
2010-05-31,15.4,2.2380383709529514
2010-06-01,14.8,2.1508420707859535
2010-06-02,14.6,2.121776637396954
2010-06-03,14.4,2.0927112040079545
2010-06-04,26.4,3.8366372073479162
2010-06-05,26.9,3.909300790820415
2010-06-06,24.8,3.604113740235922
2010-06-07,23.1,3.357057556429427
2010-06-08,21.3,3.095468655928433
2010-06-09,20.6,2.993739639066935
2010-06-10,18.7,2.717618021871441
2010-06-11,17.2,2.4996272714539454
2010-06-12,15.9,2.3107019544254497
2010-06-13,14.7,2.1363093540914533
2010-06-14,13.6,1.9764494704519568
2010-06-15,12.7,1.8456550202014597
2010-06-16,11.9,1.7293932866454624
2010-06-17,11.3,1.6421969864784645
2010-06-18,10.8,1.569533403005966
2010-06-19,10.3,1.4968698195334675
2010-06-20,9.87,1.4343791377471187
2010-06-21,9.52,1.3835146293163698
2010-06-22,9.1,1.3224772191994711
2010-06-23,8.78,1.2759725257770722
2010-06-24,8.44,1.2265612890157733
2010-06-25,8.14,1.1829631389322743
2010-06-26,7.78,1.1306453588320755
2010-06-27,7.45,1.0826873937402264
2010-06-28,7.14,1.0376359719872774
2010-06-29,6.86,0.9969443652426784
2010-06-30,6.61,0.9606125735064291
2010-07-01,6.38,0.9271873251090799
2010-07-02,6.22,0.9039349783978803
2010-07-03,6.0,0.8719630016699811
2010-07-04,5.73,0.8327246665948319
2010-07-05,5.52,0.8022059615363825
2010-07-06,5.36,0.7789536148251831
2010-07-07,5.18,0.7527947247750836
2010-07-08,4.98,0.7237292913860843
2010-07-09,4.78,0.694663857997085
2010-07-10,4.59,0.6670516962775355
2010-07-11,4.4,0.6394395345579862
2010-07-12,4.32,0.6278133612023864
2010-07-13,4.33,0.6292666328718364
2010-07-14,4.21,0.6118273728384367
2010-07-15,4.01,0.5827619394494373
2010-07-16,3.85,0.5595095927382379
2010-07-17,3.67,0.5333507026881383
2010-07-18,3.53,0.5130048993158388
2010-07-19,3.46,0.5028319976296891
2010-07-20,3.48,0.505738540968589
2010-07-21,3.36,0.4882992809351894
2010-07-22,3.24,0.4708600209017898
2010-07-23,3.12,0.45342076086839017
2010-07-24,3.01,0.43743477250444046
2010-07-25,2.94,0.4272618708182907
2010-07-26,2.94,0.4272618708182907
2010-07-27,2.95,0.4287151424877407
2010-07-28,2.91,0.42290205580994084
2010-07-29,2.77,0.40255625243764126
2010-07-30,2.69,0.39093007908204147
2010-07-31,2.63,0.3822104490653417
2010-08-01,2.58,0.37494409071809187
2010-08-02,2.58,0.37494409071809187
2010-08-03,2.47,0.3589581023541422
2010-08-04,2.39,0.3473319289985425
2010-08-05,2.31,0.3357057556429427
2010-08-06,2.24,0.32553285395679293
2010-08-07,2.22,0.322626310617893
2010-08-08,2.27,0.3298926689651428
2010-08-09,2.19,0.31826649560954307
2010-08-10,2.15,0.31245340893174317
2010-08-11,2.09,0.3037337789150434
2010-08-12,2.08,0.3022805072455934
2010-08-13,2.07,0.30082723557614344
2010-08-14,2.05,0.2979206922372435
2010-08-15,2.02,0.2935608772288936
2010-08-16,1.94,0.28193470387329383
2010-08-17,1.89,0.274668345526044
2010-08-18,1.89,0.274668345526044
2010-08-19,1.91,0.27757488886494397
2010-08-20,1.8,0.2615889005009943
2010-08-21,1.77,0.2572290854926444
2010-08-22,1.77,0.2572290854926444
2010-08-23,1.69,0.24560291213704466
2010-08-24,1.7,0.2470561838064946
2010-08-25,1.61,0.23397673878144493
2010-08-26,1.53,0.22235056542584516
2010-08-27,1.53,0.22235056542584516
2010-08-28,1.54,0.22380383709529514
2010-08-29,1.57,0.22816365210364503
2010-08-30,1.57,0.22816365210364503
2010-08-31,1.57,0.22816365210364503
2010-09-01,1.4,0.20345803372299556
2010-09-02,1.29,0.18747204535904594
2010-09-03,1.23,0.17875241534234612
2010-09-04,1.17,0.17003278532564628
2010-09-05,1.17,0.17003278532564628
2010-09-06,1.2,0.1743926003339962
2010-09-07,1.18,0.17148605699509625
2010-09-08,1.28,0.18601877368959596
2010-09-09,1.31,0.19037858869794586
2010-09-10,1.33,0.1932851320368458
2010-09-11,1.26,0.18311223035069601
2010-09-12,1.09,0.15840661197004657
2010-09-13,1.02,0.14823371028389679
2010-09-14,1.0,0.14532716694499684
2010-09-15,0.96,0.13951408026719697
2010-09-16,0.95,0.138060808597747
2010-09-17,1.02,0.14823371028389679
2010-09-18,1.1,0.15985988363949655
2010-09-19,1.93,0.2804814322038439
2010-09-20,1.76,0.2557758138231944
2010-09-21,1.5,0.21799075041749527
2010-09-22,1.27,0.184565502020146
2010-09-23,1.29,0.18747204535904594
2010-09-24,1.21,0.17584587200344617
2010-09-25,1.14,0.1656729703172964
2010-09-26,1.08,0.1569533403005966
2010-09-27,1.02,0.14823371028389679
2010-09-28,0.97,0.14096735193664692
2010-09-29,0.92,0.1337009935893971
2010-09-30,0.86,0.12498136357269728
2010-10-01,0.82,0.1191682768948974
2010-10-02,0.8,0.11626173355599748
2010-10-03,0.72,0.10463556020039771
2010-10-04,0.72,0.10463556020039771
2010-10-05,0.74,0.10754210353929766
2010-10-06,0.73,0.10608883186984769
2010-10-07,0.76,0.1104486468781976
2010-10-08,0.79,0.1148084618865475
2010-10-09,0.79,0.1148084618865475
2010-10-10,0.81,0.11771500522544745
2010-10-11,0.78,0.11335519021709754
2010-10-12,0.72,0.10463556020039771
2010-10-13,0.66,0.09591593018369791
2010-10-14,0.59,0.08574302849754813
2010-10-15,0.58,0.08428975682809817
2010-10-16,0.57,0.0828364851586482
2010-10-17,0.55,0.07992994181974827
2010-10-18,0.59,0.08574302849754813
2010-10-19,0.58,0.08428975682809817
2010-10-20,0.58,0.08428975682809817
2010-10-21,0.59,0.08574302849754813
2010-10-22,0.78,0.11335519021709754
2010-10-23,3.2,0.4650469342239899
2010-10-24,82.0,11.916827689489741
2010-10-25,32.0,4.650469342239899
2010-10-26,11.7,1.700327853256463
2010-10-27,8.06,1.1713369655766745
2010-10-28,25.6,3.7203754737919192
2010-10-29,39.8,5.784021244410874
2010-10-30,27.4,3.981964374292913
2010-10-31,20.0,2.9065433388999367
2010-11-01,14.4,2.0927112040079545
2010-11-02,11.7,1.700327853256463
2010-11-03,10.1,1.467804386144468
2010-11-04,8.75,1.2716127107687223
2010-11-05,7.69,1.1175659138070257
2010-11-06,6.97,1.0129303536066279
2010-11-07,24.4,3.545982873457923
2010-11-08,18.0,2.6158890050099433
2010-11-09,16.0,2.3252346711199494
2010-11-10,16.6,2.412430971286948
2010-11-11,14.3,2.078178487313455
2010-11-12,12.9,1.8747204535904594
2010-11-13,11.7,1.700327853256463
2010-11-14,10.7,1.555000686311466
2010-11-15,9.84,1.430019322738769
2010-11-16,8.99,1.3064912308355217
2010-11-17,8.18,1.188776225610074
2010-11-18,7.58,1.101579925443076
2010-11-19,7.24,1.0521686886817772
2010-11-20,9.24,1.3428230225717708
2010-11-21,10.1,1.467804386144468
2010-11-22,11.2,1.6276642697839645
2010-11-23,39.9,5.798553961105374
2010-11-24,31.6,4.5923384754619
2010-11-25,24.8,3.604113740235922
2010-11-26,20.7,3.0082723557614344
2010-11-27,27.1,3.9383662242094144
2010-11-28,26.4,3.8366372073479162
2010-11-29,24.1,3.502384723374424
2010-11-30,21.6,3.139066806011932
2010-12-01,22.1,3.2117303894844302
2010-12-02,30.9,4.490609458600402
2010-12-03,38.2,5.55149777729888
2010-12-04,35.2,5.1155162764638895
2010-12-05,31.6,4.5923384754619
2010-12-06,43.8,6.3653299121908615
2010-12-07,43.2,6.278133612023864
2010-12-08,47.6,6.91757314658185
2010-12-09,51.3,7.455283664278338
2010-12-10,51.0,7.411685514194839
2010-12-11,45.6,6.626918812691856
2010-12-12,40.3,5.856684827883372
2010-12-13,36.7,5.333507026881384
2010-12-14,82.8,12.033089423045737
2010-12-15,74.8,10.870472087485764
2010-12-16,58.0,8.428975682809817
2010-12-17,42.0,6.103741011689867
2010-12-18,44.0,6.394395345579861
2010-12-19,95.0,13.8060808597747
2010-12-20,170.0,24.70561838064946
2010-12-21,140.0,20.345803372299557
2010-12-22,130.0,18.89253170284959
2010-12-23,99.9,14.518183977805185
2010-12-24,75.3,10.943135670958261
2010-12-25,60.0,8.71963001669981
2010-12-26,76.9,11.175659138070257
2010-12-27,78.9,11.466313471960252
2010-12-28,130.0,18.89253170284959
2010-12-29,319.0,46.35936625545399
2010-12-30,167.0,24.26963687981447
2010-12-31,100.0,14.532716694499683
2011-01-01,75.4,10.957668387652763
2011-01-02,60.9,8.850424466950308
2011-01-03,50.7,7.36808736411134
2011-01-04,43.5,6.321731762107363
2011-01-05,38.4,5.580563210687878
2011-01-06,34.5,5.013787259602391
2011-01-07,31.2,4.534207608683901
2011-01-08,28.5,4.14182425793241
2011-01-09,26.0,3.7785063405699177
2011-01-10,23.9,3.473319289985424
2011-01-11,22.7,3.298926689651428
2011-01-12,22.0,3.1971976727899305
2011-01-13,36.7,5.333507026881384
2011-01-14,38.9,5.653226794160377
2011-01-15,35.7,5.188179859936388
2011-01-16,32.9,4.781263792490396
2011-01-17,30.2,4.3888804417389045
2011-01-18,27.8,4.040095241070913
2011-01-19,25.5,3.7058427570974195
2011-01-20,23.5,3.4151884232074257
2011-01-21,21.8,3.168132239400931
2011-01-22,20.2,2.935608772288936
2011-01-23,18.6,2.7030853051769412
2011-01-24,17.4,2.528692704842945
2011-01-25,16.3,2.3688328212034486
2011-01-26,15.3,2.2235056542584517
2011-01-27,14.4,2.0927112040079545
2011-01-28,13.8,2.0055149038409565
2011-01-29,13.6,1.9764494704519568
2011-01-30,19.2,2.790281605343939
2011-01-31,14.8,2.1508420707859535
2011-02-01,13.8,2.0055149038409565
2011-02-02,12.9,1.8747204535904594
2011-02-03,12.3,1.7875241534234612
2011-02-04,11.8,1.7148605699509627
2011-02-05,11.4,1.656729703172964
2011-02-06,11.0,1.5985988363949653
2011-02-07,10.7,1.555000686311466
2011-02-08,10.3,1.4968698195334675
2011-02-09,9.97,1.4489118544416186
2011-02-10,9.6,1.3951408026719696
2011-02-11,9.2,1.3370099358939709
2011-02-12,8.88,1.290505242471572
2011-02-13,8.59,1.248360364057523
2011-02-14,13.2,1.9183186036739581
2011-02-15,90.0,13.079445025049715
2011-02-16,126.0,18.311223035069602
2011-02-17,89.1,12.948650574799217
2011-02-18,72.8,10.57981775359577
2011-02-19,59.6,8.661499149921811
2011-02-20,49.0,7.121031180304845
2011-02-21,42.0,6.103741011689867
2011-02-22,37.1,5.391637893659383
2011-02-23,33.6,4.882992809351894
2011-02-24,31.7,4.6068711921564
2011-02-25,30.3,4.403413158433405
2011-02-26,28.0,4.069160674459911
2011-02-27,26.2,3.807571773958917
2011-02-28,26.5,3.8511699240424164
2011-03-01,28.7,4.170889691321409
2011-03-02,53.5,7.775003431557331
2011-03-03,66.7,9.69332203523129
2011-03-04,60.2,8.74869545008881
2011-03-05,58.0,8.428975682809817
2011-03-06,80.9,11.756967805850245
2011-03-07,77.3,11.233790004848256
2011-03-08,68.3,9.925845502343284
2011-03-09,59.5,8.646966433227313
2011-03-10,61.3,8.908555333728305
2011-03-11,59.4,8.632433716532812
2011-03-12,55.0,7.992994181974826
2011-03-13,60.4,8.777760883477809
2011-03-14,68.2,9.911312785648784
2011-03-15,88.0,12.788790691159722
2011-03-16,164.0,23.833655378979483
2011-03-17,135.0,19.619167537574572
2011-03-18,136.0,19.76449470451957
2011-03-19,138.0,20.055149038409564
2011-03-20,193.0,28.04814322038439
2011-03-21,180.0,26.15889005009943
2011-03-22,122.0,17.729914367289613
2011-03-23,115.0,16.712624198674636
2011-03-24,210.0,30.518705058449335
2011-03-25,222.0,32.2626310617893
2011-03-26,270.0,39.238335075149145
2011-03-27,213.0,30.954686559284326
2011-03-28,168.0,24.41496404675947
2011-03-29,121.0,17.584587200344618
2011-03-30,96.3,13.995006176803194
2011-03-31,96.5,14.024071610192195
2011-04-01,96.4,14.009538893497696
2011-04-02,87.2,12.672528957603724
2011-04-03,70.3,10.216499836233277
2011-04-04,57.7,8.385377532726318
2011-04-05,50.7,7.36808736411134
2011-04-06,45.1,6.554255229219358
2011-04-07,40.7,5.914815694661372
2011-04-08,36.0,5.2317780100198865
2011-04-09,31.8,4.621403908850899
2011-04-10,28.6,4.15635697462691
2011-04-11,26.4,3.8366372073479162
2011-04-12,24.9,3.618646456930421
2011-04-13,24.5,3.5605155901524226
2011-04-14,22.2,3.2262631061789295
2011-04-15,22.1,3.2117303894844302
2011-04-16,21.5,3.124534089317432
2011-04-17,22.0,3.1971976727899305
2011-04-18,24.0,3.4878520066799243
2011-04-19,23.1,3.357057556429427
2011-04-20,21.9,3.1826649560954308
2011-04-21,21.4,3.110001372622932
2011-04-22,19.5,2.8338797554274384
2011-04-23,18.2,2.6449544383989423
2011-04-24,18.0,2.6158890050099433
2011-04-25,19.6,2.848412472121938
2011-04-26,18.8,2.7321507385659407
2011-04-27,17.7,2.572290854926444
2011-04-28,16.9,2.456029121370446
2011-04-29,16.0,2.3252346711199494
2011-04-30,15.2,2.208972937563952
2011-05-01,14.5,2.1072439207024543
2011-05-02,13.8,2.0055149038409565
2011-05-03,13.2,1.9183186036739581
2011-05-04,12.6,1.8311223035069601
2011-05-05,12.0,1.7439260033399622
2011-05-06,11.6,1.6857951365619632
2011-05-07,11.2,1.6276642697839645
2011-05-08,11.0,1.5985988363949653
2011-05-09,10.6,1.5404679696169665
2011-05-10,10.2,1.4823371028389676
2011-05-11,9.82,1.427112779399869
2011-05-12,9.51,1.3820613576469198
2011-05-13,9.23,1.3413697509023208
2011-05-14,8.98,1.3050379591660717
2011-05-15,10.4,1.5114025362279673
2011-05-16,9.66,1.4038604326886694
2011-05-17,9.57,1.3907809876636197
2011-05-18,9.08,1.3195706758605712
2011-05-19,8.45,1.228014560685223
2011-05-20,8.07,1.1727902372461245
2011-05-21,7.77,1.1291920871626253
2011-05-22,7.54,1.0957668387652761
2011-05-23,7.31,1.0623415903679267
2011-05-24,7.09,1.0303696136400275
2011-05-25,7.57,1.100126653773626
2011-05-26,7.37,1.0710612203846268
2011-05-27,8.16,1.1858696822711743
2011-05-28,8.04,1.1684304222377744
2011-05-29,7.71,1.1204724571459257
2011-05-30,7.34,1.0667014053762767
2011-05-31,9.54,1.3864211726552698
2011-06-01,10.2,1.4823371028389676
2011-06-02,9.75,1.4169398777137192
2011-06-03,9.74,1.4154866060442692
2011-06-04,9.78,1.421299692722069
2011-06-05,10.8,1.569533403005966
2011-06-06,11.7,1.700327853256463
2011-06-07,11.1,1.6131315530894648
2011-06-08,10.7,1.555000686311466
2011-06-09,10.2,1.4823371028389676
2011-06-10,9.71,1.4111267910359193
2011-06-11,9.34,1.3573557392662705
2011-06-12,8.96,1.3021314158271717
2011-06-13,8.55,1.242547277379723
2011-06-14,8.13,1.1815098672628244
2011-06-15,7.78,1.1306453588320755
2011-06-16,7.5,1.0899537520874762
2011-06-17,7.21,1.0478088736734272
2011-06-18,6.96,1.011477081937178
2011-06-19,6.67,0.9693322035231289
2011-06-20,6.44,0.9359069551257797
2011-06-21,6.29,0.9141078800840301
2011-06-22,6.19,0.8995751633895305
2011-06-23,5.99,0.8705097300005311
2011-06-24,5.83,0.8472573832893315
2011-06-25,5.66,0.8225517649086821
2011-06-26,5.47,0.7949396031891327
2011-06-27,5.3,0.7702339848084833
2011-06-28,5.88,0.8545237416365814
2011-06-29,5.7,0.828364851586482
2011-06-30,4.99,0.7251825630555343
2011-07-01,4.67,0.6786778696331353
2011-07-02,4.45,0.646705892905236
2011-07-03,4.26,0.6190937311856864
2011-07-04,4.13,0.6002011994828369
2011-07-05,4.04,0.5871217544577872
2011-07-06,3.97,0.5769488527716374
2011-07-07,3.87,0.5624161360771378
2011-07-08,3.77,0.5478834193826381
2011-07-09,3.65,0.5304441593492385
2011-07-10,3.56,0.5173647143241887
2011-07-11,3.49,0.507191812638039
2011-07-12,3.45,0.5013787259602391
2011-07-13,3.41,0.49556563928243924
2011-07-14,3.35,0.4868460092657394
2011-07-15,3.27,0.47521983591013967
2011-07-16,3.18,0.46214039088508996
2011-07-17,3.25,0.4723132925712397
2011-07-18,3.27,0.47521983591013967
2011-07-19,3.17,0.46068711921564
2011-07-20,2.95,0.4287151424877407
2011-07-21,2.66,0.3865702640736916
2011-07-22,2.55,0.3705842757097419
2011-07-23,2.51,0.36477118903194206
2011-07-24,2.49,0.36186464569304216
2011-07-25,2.37,0.34442538565964254
2011-07-26,2.35,0.3415188423207426
2011-07-27,2.24,0.32553285395679293
2011-07-28,2.13,0.3095468655928432
2011-07-29,2.04,0.29646742056779357
2011-07-30,2.02,0.2935608772288936
2011-07-31,2.0,0.2906543338899937
2011-08-01,2.0,0.2906543338899937
2011-08-02,1.93,0.2804814322038439
2011-08-03,1.87,0.27176180218714413
2011-08-04,1.84,0.2674019871787942
2011-08-05,1.84,0.2674019871787942
2011-08-06,1.77,0.2572290854926444
2011-08-07,1.68,0.2441496404675947
2011-08-08,1.61,0.23397673878144493
2011-08-09,1.58,0.229616923773095
2011-08-10,1.53,0.22235056542584516
2011-08-11,1.55,0.2252571087647451
2011-08-12,1.51,0.21944402208694522
2011-08-13,1.49,0.2165374787480453
2011-08-14,1.46,0.21217766373969538
2011-08-15,1.49,0.2165374787480453
2011-08-16,1.46,0.21217766373969538
2011-08-17,1.42,0.2063645770618955
2011-08-18,1.39,0.2020047620535456
2011-08-19,1.4,0.20345803372299556
2011-08-20,1.37,0.1990982187146457
2011-08-21,1.37,0.1990982187146457
2011-08-22,1.35,0.19619167537574575
2011-08-23,1.35,0.19619167537574575
2011-08-24,1.27,0.184565502020146
2011-08-25,1.25,0.18165895868124604
2011-08-26,1.26,0.18311223035069601
2011-08-27,1.23,0.17875241534234612
2011-08-28,1.2,0.1743926003339962
2011-08-29,1.21,0.17584587200344617
2011-08-30,1.29,0.18747204535904594
2011-08-31,1.26,0.18311223035069601
2011-09-01,1.23,0.17875241534234612
2011-09-02,1.18,0.17148605699509625
2011-09-03,1.12,0.16276642697839647
2011-09-04,1.09,0.15840661197004657
2011-09-05,1.07,0.15550006863114663
2011-09-06,1.06,0.15404679696169665
2011-09-07,1.01,0.1467804386144468
2011-09-08,0.98,0.1424206236060969
2011-09-09,0.96,0.13951408026719697
2011-09-10,0.92,0.1337009935893971
2011-09-11,0.91,0.13224772191994713
2011-09-12,0.97,0.14096735193664692
2011-09-13,0.99,0.14387389527554686
2011-09-14,0.94,0.13660753692829702
2011-09-15,0.93,0.13515426525884708
2011-09-16,0.93,0.13515426525884708
2011-09-17,0.92,0.1337009935893971
2011-09-18,0.88,0.1278879069115972
2011-09-19,0.86,0.12498136357269728
2011-09-20,0.84,0.12207482023379734
2011-09-21,0.79,0.1148084618865475
2011-09-22,0.78,0.11335519021709754
2011-09-23,0.76,0.1104486468781976
2011-09-24,0.74,0.10754210353929766
2011-09-25,0.98,0.1424206236060969
2011-09-26,0.98,0.1424206236060969
2011-09-27,0.97,0.14096735193664692
2011-09-28,0.96,0.13951408026719697
2011-09-29,0.93,0.13515426525884708
2011-09-30,0.87,0.12643463524214724
2011-10-01,0.99,0.14387389527554686
2011-10-02,1.36,0.19764494704519572
2011-10-03,3.54,0.5144581709852888
2011-10-04,3.68,0.5348039743575884
2011-10-05,7.85,1.140818260518225
2011-10-06,4.46,0.6481591645746859
2011-10-07,3.23,0.46940674923233977
2011-10-08,2.72,0.39528989409039145
2011-10-09,2.46,0.35750483068469224
2011-10-10,9.3,1.3515426525884706
2011-10-11,7.3,1.060888318698477
2011-10-12,4.35,0.6321731762107362
2011-10-13,3.16,0.45923384754619
2011-10-14,2.5,0.3633179173624921
2011-10-15,2.12,0.3080935939233933
2011-10-16,1.89,0.274668345526044
2011-10-17,1.8,0.2615889005009943
2011-10-18,1.73,0.25141599881484455
2011-10-19,1.6,0.23252346711199495
2011-10-20,1.57,0.22816365210364503
2011-10-21,1.47,0.21363093540914535
2011-10-22,1.43,0.20781784873134548
2011-10-23,1.35,0.19619167537574575
2011-10-24,1.33,0.1932851320368458
2011-10-25,1.26,0.18311223035069601
2011-10-26,1.26,0.18311223035069601
2011-10-27,1.24,0.18020568701179607
2011-10-28,1.24,0.18020568701179607
2011-10-29,1.23,0.17875241534234612
2011-10-30,1.22,0.17729914367289615
2011-10-31,1.19,0.17293932866454623
2011-11-01,1.15,0.16712624198674636
2011-11-02,1.14,0.1656729703172964
2011-11-03,1.22,0.17729914367289615
2011-11-04,1.25,0.18165895868124604
2011-11-05,1.68,0.2441496404675947
2011-11-06,1.9,0.276121617195494
2011-11-07,1.6,0.23252346711199495
2011-11-08,1.45,0.2107243920702454
2011-11-09,1.37,0.1990982187146457
2011-11-10,1.34,0.19473840370629578
2011-11-11,1.39,0.2020047620535456
2011-11-12,1.54,0.22380383709529514
2011-11-13,1.54,0.22380383709529514
2011-11-14,1.35,0.19619167537574575
2011-11-15,1.24,0.18020568701179607
2011-11-16,1.24,0.18020568701179607
2011-11-17,1.39,0.2020047620535456
2011-11-18,2.26,0.3284393972956928
2011-11-19,2.23,0.32407958228734296
2011-11-20,3.0,0.43598150083499054
2011-11-21,2.29,0.33279921230404275
2011-11-22,5.82,0.8458041116198817
2011-11-23,10.3,1.4968698195334675
2011-11-24,21.3,3.095468655928433
2011-11-25,10.4,1.5114025362279673
2011-11-26,7.39,1.0739677637235265
2011-11-27,5.96,0.8661499149921812
2011-11-28,4.99,0.7251825630555343
2011-11-29,4.33,0.6292666328718364
2011-11-30,3.8,0.552243234390988
2011-12-01,3.38,0.4912058242740893
2011-12-02,3.06,0.44470113085169033
2011-12-03,2.78,0.4040095241070912
2011-12-04,2.57,0.37349081904864184
2011-12-05,2.38,0.34587865732909245
2011-12-06,2.19,0.31826649560954307
2011-12-07,2.1,0.30518705058449336
2011-12-08,2.01,0.2921076055594436
2011-12-09,1.9,0.276121617195494
2011-12-10,1.81,0.2630421721704443
2011-12-11,1.77,0.2572290854926444
2011-12-12,1.68,0.2441496404675947
2011-12-13,1.63,0.23688328212034482
2011-12-14,1.56,0.22671038043419509
2011-12-15,2.05,0.2979206922372435
2011-12-16,1.69,0.24560291213704466
2011-12-17,1.5,0.21799075041749527
2011-12-18,1.44,0.20927112040079543
2011-12-19,1.41,0.20491130539244554
2011-12-20,1.34,0.19473840370629578
2011-12-21,1.28,0.18601877368959596
2011-12-22,1.24,0.18020568701179607
2011-12-23,1.15,0.16712624198674636
2011-12-24,1.15,0.16712624198674636
2011-12-25,1.15,0.16712624198674636
2011-12-26,1.15,0.16712624198674636
2011-12-27,1.14,0.1656729703172964
2011-12-28,1.12,0.16276642697839647
2011-12-29,1.23,0.17875241534234612
2011-12-30,3.61,0.5246310726714386
2011-12-31,3.64,0.5289908876797885
2012-01-01,2.73,0.39674316575984137
2012-01-02,2.5,0.3633179173624921
2012-01-03,2.27,0.3298926689651428
2012-01-04,2.1,0.30518705058449336
2012-01-05,1.9,0.276121617195494
2012-01-06,1.8,0.2615889005009943
2012-01-07,1.72,0.24996272714539455
2012-01-08,1.65,0.23978982545924477
2012-01-09,1.55,0.2252571087647451
2012-01-10,1.51,0.21944402208694522
2012-01-11,1.44,0.20927112040079543
2012-01-12,1.41,0.20491130539244554
2012-01-13,1.34,0.19473840370629578
2012-01-14,1.34,0.19473840370629578
2012-01-15,1.26,0.18311223035069601
2012-01-16,1.24,0.18020568701179607
2012-01-17,1.24,0.18020568701179607
2012-01-18,1.54,0.22380383709529514
2012-01-19,37.0,5.377105176964883
2012-01-20,157.0,22.816365210364502
2012-01-21,218.0,31.68132239400931
2012-01-22,84.5,12.280145606852233
2012-01-23,94.7,13.7624827096912
2012-01-24,66.4,9.649723885147791
2012-01-25,48.5,7.048367596832347
2012-01-26,40.6,5.900282977966872
2012-01-27,34.3,4.984721826213391
2012-01-28,29.5,4.287151424877407
2012-01-29,25.9,3.763973623875418
2012-01-30,23.0,3.3425248397349274
2012-01-31,20.6,2.993739639066935
2012-02-01,22.0,3.1971976727899305
2012-02-02,18.2,2.6449544383989423
2012-02-03,16.8,2.441496404675947
2012-02-04,15.5,2.252571087647451
2012-02-05,14.5,2.1072439207024543
2012-02-06,13.7,1.9909821871464566
2012-02-07,14.9,2.1653747874804528
2012-02-08,14.1,2.0491130539244553
2012-02-09,13.1,1.9037858869794586
2012-02-10,14.0,2.0345803372299556
2012-02-11,14.7,2.1363093540914533
2012-02-12,14.4,2.0927112040079545
2012-02-13,21.6,3.139066806011932
2012-02-14,23.5,3.4151884232074257
2012-02-15,22.5,3.2698612562624287
2012-02-16,20.5,2.9792069223724353
2012-02-17,18.9,2.74668345526044
2012-02-18,17.7,2.572290854926444
2012-02-19,16.5,2.3978982545924477
2012-02-20,15.5,2.252571087647451
2012-02-21,14.4,2.0927112040079545
2012-02-22,13.5,1.9619167537574573
2012-02-23,12.8,1.8601877368959596
2012-02-24,12.2,1.7729914367289614
2012-02-25,11.6,1.6857951365619632
2012-02-26,11.1,1.6131315530894648
2012-02-27,10.7,1.555000686311466
2012-02-28,12.4,1.802056870117961
2012-02-29,29.1,4.229020558099408
2012-03-01,44.3,6.43799349566336
2012-03-02,44.1,6.408928062274361
2012-03-03,37.4,5.435236043742882
2012-03-04,33.2,4.824861942573896
2012-03-05,29.6,4.301684141571907
2012-03-06,26.7,3.8802353574314155
2012-03-07,23.5,3.4151884232074257
2012-03-08,20.8,3.0228050724559345
2012-03-09,18.7,2.717618021871441
2012-03-10,17.6,2.5577581382319448
2012-03-11,18.0,2.6158890050099433
2012-03-12,16.3,2.3688328212034486
2012-03-13,51.8,7.527947247750836
2012-03-14,50.0,7.266358347249842
2012-03-15,52.3,7.600610831223334
2012-03-16,126.0,18.311223035069602
2012-03-17,156.0,22.671038043419507
2012-03-18,95.7,13.907809876636199
2012-03-19,68.7,9.983976369121283
2012-03-20,55.2,8.022059615363826
2012-03-21,48.9,7.106498463610345
2012-03-22,56.0,8.138321348919822
2012-03-23,48.3,7.019302163443347
2012-03-24,47.4,6.88850771319285
2012-03-25,44.9,6.525189795830358
2012-03-26,43.4,6.307199045412863
2012-03-27,173.0,25.141599881484453
2012-03-28,312.0,45.342076086839015
2012-03-29,190.0,27.6121617195494
2012-03-30,308.0,44.76076741905903
2012-03-31,291.0,42.29020558099408
2012-04-01,250.0,36.33179173624921
2012-04-02,162.0,23.543001045089486
2012-04-03,103.0,14.968698195334674
2012-04-04,77.0,11.190191854764757
2012-04-05,63.8,9.271873251090797
2012-04-06,53.7,7.804068864946331
2012-04-07,46.6,6.772245979636853
2012-04-08,41.4,6.016544711522869
2012-04-09,37.0,5.377105176964883
2012-04-10,37.1,5.391637893659383
2012-04-11,38.3,5.566030493993378
2012-04-12,53.5,7.775003431557331
2012-04-13,73.4,10.667014053762768
2012-04-14,73.3,10.652481337068268
2012-04-15,64.8,9.417200418035796
2012-04-16,56.0,8.138321348919822
2012-04-17,48.1,6.990236730054348
2012-04-18,42.7,6.205470028551366
2012-04-19,38.6,5.609628644076878
2012-04-20,34.4,4.999254542907891
2012-04-21,30.7,4.461544025211403
2012-04-22,27.9,4.054627957765412
2012-04-23,25.7,3.7349081904864185
2012-04-24,23.8,3.458786573290925
2012-04-25,23.2,3.3715902731239265
2012-04-26,26.3,3.822104490653417
2012-04-27,22.5,3.2698612562624287
2012-04-28,20.9,3.037337789150434
2012-04-29,19.5,2.8338797554274384
2012-04-30,18.3,2.6594871550934425
2012-05-01,17.4,2.528692704842945
2012-05-02,16.5,2.3978982545924477
2012-05-03,18.0,2.6158890050099433
2012-05-04,16.4,2.383365537897948
2012-05-05,15.3,2.2235056542584517
2012-05-06,14.4,2.0927112040079545
2012-05-07,13.8,2.0055149038409565
2012-05-08,13.2,1.9183186036739581
2012-05-09,12.7,1.8456550202014597
2012-05-10,12.2,1.7729914367289614
2012-05-11,11.7,1.700327853256463
2012-05-12,11.2,1.6276642697839645
2012-05-13,10.8,1.569533403005966
2012-05-14,10.5,1.5259352529224668
2012-05-15,10.2,1.4823371028389676
2012-05-16,9.77,1.4198464210526192
2012-05-17,9.41,1.3675286409524203
2012-05-18,9.02,1.3108510458438714
2012-05-19,8.68,1.2614398090825725
2012-05-20,8.42,1.2236547456768734
2012-05-21,8.17,1.1873229539406243
2012-05-22,8.0,1.1626173355599747
2012-05-23,7.77,1.1291920871626253
2012-05-24,7.55,1.0972201104347261
2012-05-25,7.41,1.0768743070624265
2012-05-26,7.22,1.0492621453428772
2012-05-27,6.94,1.0085705385982782
2012-05-28,6.77,0.9838649202176285
2012-05-29,6.53,0.9489864001508294
2012-05-30,6.27,0.9112013367451302
2012-05-31,6.02,0.8748695450088809
2012-06-01,5.81,0.8443508399504316
2012-06-02,5.65,0.8210984932392322
2012-06-03,5.65,0.8210984932392322
2012-06-04,6.35,0.9228275101007298
2012-06-05,6.23,0.9053882500673304
2012-06-06,5.65,0.8210984932392322
2012-06-07,5.4,0.784766701502983
2012-06-08,5.29,0.7687807131390333
2012-06-09,5.13,0.7455283664278337
2012-06-10,4.92,0.7150096613693845
2012-06-11,4.73,0.6873974996498351
2012-06-12,4.62,0.6714115112858854
2012-06-13,4.52,0.6568787945913857
2012-06-14,4.35,0.6321731762107362
2012-06-15,4.23,0.6147339161773366
2012-06-16,4.11,0.5972946561439371
2012-06-17,3.95,0.5740423094327375
2012-06-18,3.86,0.5609628644076878
2012-06-19,3.77,0.5478834193826381
2012-06-20,3.63,0.5275376160103386
2012-06-21,3.57,0.5188179859936387
2012-06-22,3.89,0.5653226794160378
2012-06-23,4.22,0.6132806445078867
2012-06-24,3.8,0.552243234390988
2012-06-25,3.7,0.5377105176964884
2012-06-26,3.76,0.5464301477131881
2012-06-27,3.5,0.5086450843074889
2012-06-28,3.36,0.4882992809351894
2012-06-29,3.2,0.4650469342239899
2012-06-30,3.2,0.4650469342239899
2012-07-01,3.1,0.4505142175294902
2012-07-02,3.0,0.43598150083499054
2012-07-03,2.85,0.414182425793241
2012-07-04,2.76,0.40110298076819123
2012-07-05,2.65,0.38511699240424163
2012-07-06,2.61,0.37930390572644174
2012-07-07,2.47,0.3589581023541422
2012-07-08,2.36,0.3429721139901925
2012-07-09,2.37,0.34442538565964254
2012-07-10,2.33,0.33861229898184264
2012-07-11,2.24,0.32553285395679293
2012-07-12,2.14,0.31100013726229325
2012-07-13,2.08,0.3022805072455934
2012-07-14,2.05,0.2979206922372435
2012-07-15,2.0,0.2906543338899937
2012-07-16,1.95,0.2833879755427438
2012-07-17,2.08,0.3022805072455934
2012-07-18,2.25,0.3269861256262429
2012-07-19,2.17,0.3153599522706431
2012-07-20,2.02,0.2935608772288936
2012-07-21,1.91,0.27757488886494397
2012-07-22,1.86,0.27030853051769416
2012-07-23,1.79,0.26013562883154434
2012-07-24,1.62,0.2354300104508949
2012-07-25,1.55,0.2252571087647451
2012-07-26,1.5,0.21799075041749527
2012-07-27,1.49,0.2165374787480453
2012-07-28,1.47,0.21363093540914535
2012-07-29,1.48,0.21508420707859532
2012-07-30,1.48,0.21508420707859532
2012-07-31,1.44,0.20927112040079543
2012-08-01,1.37,0.1990982187146457
2012-08-02,1.31,0.19037858869794586
2012-08-03,1.28,0.18601877368959596
2012-08-04,1.26,0.18311223035069601
2012-08-05,1.28,0.18601877368959596
2012-08-06,1.3,0.1889253170284959
2012-08-07,1.27,0.184565502020146
2012-08-08,1.24,0.18020568701179607
2012-08-09,1.19,0.17293932866454623
2012-08-10,1.17,0.17003278532564628
2012-08-11,1.15,0.16712624198674636
2012-08-12,1.12,0.16276642697839647
2012-08-13,1.08,0.1569533403005966
2012-08-14,1.05,0.15259352529224668
2012-08-15,1.01,0.1467804386144468
2012-08-16,1.0,0.14532716694499684
2012-08-17,1.02,0.14823371028389679
2012-08-18,1.02,0.14823371028389679
2012-08-19,1.04,0.1511402536227967
2012-08-20,1.01,0.1467804386144468
2012-08-21,1.0,0.14532716694499684
2012-08-22,1.0,0.14532716694499684
2012-08-23,0.97,0.14096735193664692
2012-08-24,0.96,0.13951408026719697
2012-08-25,0.93,0.13515426525884708
2012-08-26,0.93,0.13515426525884708
2012-08-27,0.97,0.14096735193664692
2012-08-28,0.93,0.13515426525884708
2012-08-29,0.91,0.13224772191994713
2012-08-30,0.85,0.1235280919032473
2012-08-31,0.82,0.1191682768948974
2012-09-01,0.85,0.1235280919032473
2012-09-02,0.81,0.11771500522544745
2012-09-03,0.8,0.11626173355599748
2012-09-04,0.77,0.11190191854764757
2012-09-05,0.74,0.10754210353929766
2012-09-06,0.71,0.10318228853094775
2012-09-07,0.72,0.10463556020039771
2012-09-08,0.73,0.10608883186984769
2012-09-09,0.68,0.09882247352259786
2012-09-10,0.69,0.10027574519204781
2012-09-11,0.67,0.09736920185314789
2012-09-12,0.64,0.09300938684479798
2012-09-13,0.58,0.08428975682809817
2012-09-14,0.58,0.08428975682809817
2012-09-15,0.57,0.0828364851586482
2012-09-16,0.57,0.0828364851586482
2012-09-17,0.58,0.08428975682809817
2012-09-18,0.58,0.08428975682809817
2012-09-19,0.59,0.08574302849754813
2012-09-20,0.63,0.09155611517534801
2012-09-21,0.59,0.08574302849754813
2012-09-22,0.53,0.07702339848084833
2012-09-23,0.51,0.07411685514194839
2012-09-24,0.5,0.07266358347249842
2012-09-25,0.48,0.06975704013359849
2012-09-26,0.46,0.06685049679469855
2012-09-27,0.46,0.06685049679469855
2012-09-28,0.51,0.07411685514194839
2012-09-29,0.49,0.07121031180304845
2012-09-30,0.47,0.06830376846414851
2012-10-01,0.48,0.06975704013359849
2012-10-02,0.46,0.06685049679469855
2012-10-03,0.46,0.06685049679469855
2012-10-04,0.42,0.06103741011689867
2012-10-05,0.42,0.06103741011689867
2012-10-06,0.5,0.07266358347249842
2012-10-07,0.57,0.0828364851586482
2012-10-08,0.58,0.08428975682809817
2012-10-09,0.58,0.08428975682809817
2012-10-10,0.61,0.08864957183644807
2012-10-11,0.58,0.08428975682809817
2012-10-12,0.58,0.08428975682809817
2012-10-13,0.64,0.09300938684479798
2012-10-14,0.7,0.10172901686149778
2012-10-15,0.67,0.09736920185314789
2012-10-16,0.68,0.09882247352259786
2012-10-17,0.69,0.10027574519204781
2012-10-18,0.61,0.08864957183644807
2012-10-19,0.54,0.0784766701502983
2012-10-20,0.52,0.07557012681139835
2012-10-21,0.51,0.07411685514194839
2012-10-22,1.43,0.20781784873134548
2012-10-23,1.8,0.2615889005009943
2012-10-24,3.11,0.45196748919894014
2012-10-25,1.89,0.274668345526044
2012-10-26,1.33,0.1932851320368458
2012-10-27,1.2,0.1743926003339962
2012-10-28,1.06,0.15404679696169665
2012-10-29,1.0,0.14532716694499684
2012-10-30,1.01,0.1467804386144468
2012-10-31,2.38,0.34587865732909245
2012-11-01,2.98,0.4330749574960906
2012-11-02,2.34,0.34006557065129256
2012-11-03,1.69,0.24560291213704466
2012-11-04,1.4,0.20345803372299556
2012-11-05,1.3,0.1889253170284959
2012-11-06,1.2,0.1743926003339962
2012-11-07,1.2,0.1743926003339962
2012-11-08,1.6,0.23252346711199495
2012-11-09,1.72,0.24996272714539455
2012-11-10,1.64,0.2383365537897948
2012-11-11,1.47,0.21363093540914535
2012-11-12,1.34,0.19473840370629578
2012-11-13,1.75,0.25432254215374445
2012-11-14,1.83,0.26594871550934424
2012-11-15,1.71,0.24850945547594458
2012-11-16,1.54,0.22380383709529514
2012-11-17,9.35,1.3588090109357205
2012-11-18,7.38,1.0725144920540766
2012-11-19,5.07,0.736808736411134
2012-11-20,23.1,3.357057556429427
2012-11-21,22.7,3.298926689651428
2012-11-22,11.4,1.656729703172964
2012-11-23,7.46,1.0841406654096764
2012-11-24,5.6,0.8138321348919823
2012-11-25,4.59,0.6670516962775355
2012-11-26,3.93,0.5711357660938376
2012-11-27,3.41,0.49556563928243924
2012-11-28,7.95,1.1553509772127248
2012-11-29,42.6,6.190937311856866
2012-11-30,129.0,18.747204535904594
2012-12-01,86.8,12.614398090825725
2012-12-02,562.0,81.67386782308823
2012-12-03,166.0,24.124309712869476
2012-12-04,109.0,15.840661197004655
2012-12-05,171.0,24.85094554759446
2012-12-06,109.0,15.840661197004655
2012-12-07,73.2,10.63794862037377
2012-12-08,54.6,7.934863315196828
2012-12-09,42.6,6.190937311856866
2012-12-10,35.0,5.086450843074889
2012-12-11,30.9,4.490609458600402
2012-12-12,27.4,3.981964374292913
2012-12-13,23.7,3.444253856596425
2012-12-14,21.4,3.110001372622932
2012-12-15,20.2,2.935608772288936
2012-12-16,27.6,4.011029807681913
2012-12-17,101.0,14.678043861444682
2012-12-18,70.5,10.245565269622277
2012-12-19,55.4,8.051125048752825
2012-12-20,70.4,10.231032552927779
2012-12-21,246.0,35.75048306846922
2012-12-22,212.0,30.80935939233933
2012-12-23,334.0,48.53927375962894
2012-12-24,264.0,38.36637207347916
2012-12-25,155.0,22.52571087647451
2012-12-26,162.0,23.543001045089486
2012-12-27,128.0,18.601877368959595
2012-12-28,95.1,13.8206135764692
2012-12-29,74.4,10.812341220707765
2012-12-30,59.9,8.70509730000531
2012-12-31,50.4,7.324489214027841
2013-01-01,43.7,6.350797195496362
2013-01-02,38.3,5.566030493993378
2013-01-03,34.3,4.984721826213391
2013-01-04,31.1,4.519674891989402
2013-01-05,28.7,4.170889691321409
2013-01-06,26.2,3.807571773958917
2013-01-07,24.1,3.502384723374424
2013-01-08,22.5,3.2698612562624287
2013-01-09,21.4,3.110001372622932
2013-01-10,20.1,2.921076055594437
2013-01-11,18.9,2.74668345526044
2013-01-12,17.8,2.586823571620944
2013-01-13,16.9,2.456029121370446
2013-01-14,16.0,2.3252346711199494
2013-01-15,15.3,2.2235056542584517
2013-01-16,14.6,2.121776637396954
2013-01-17,14.0,2.0345803372299556
2013-01-18,13.3,1.932851320368458
2013-01-19,12.8,1.8601877368959596
2013-01-20,12.3,1.7875241534234612
2013-01-21,11.9,1.7293932866454624
2013-01-22,11.5,1.6712624198674637
2013-01-23,12.3,1.7875241534234612
2013-01-24,12.0,1.7439260033399622
2013-01-25,11.0,1.5985988363949653
2013-01-26,10.7,1.555000686311466
2013-01-27,10.2,1.4823371028389676
2013-01-28,9.84,1.430019322738769
2013-01-29,9.52,1.3835146293163698
2013-01-30,8.96,1.3021314158271717
2013-01-31,8.61,1.2512669073964227
2013-02-01,8.37,1.2163883873296235
2013-02-02,8.03,1.1669771505683246
2013-02-03,7.64,1.1102995554597759
2013-02-04,7.42,1.0783275787318765
2013-02-05,7.19,1.0449023303345273
2013-02-06,6.89,1.001304180251028
2013-02-07,8.15,1.1844164106017243
2013-02-08,7.28,1.057981775359577
2013-02-09,6.96,1.011477081937178
2013-02-10,6.69,0.9722387468620289
2013-02-11,6.46,0.9388134984646795
2013-02-12,6.22,0.9039349783978803
2013-02-13,6.06,0.8806826316866808
2013-02-14,5.87,0.8530704699671314
2013-02-15,5.71,0.829818123255932
2013-02-16,5.58,0.8109255915530824
2013-02-17,5.45,0.7920330598502328
2013-02-18,5.33,0.7745937998168332
2013-02-19,6.23,0.9053882500673304
2013-02-20,5.57,0.8094723198836324
2013-02-21,5.4,0.784766701502983
2013-02-22,5.24,0.7615143547917834
2013-02-23,5.2,0.7557012681139836
2013-02-24,5.01,0.7280891063944341
2013-02-25,4.84,0.7033834880137847
2013-02-26,4.76,0.6917573146581849
2013-02-27,4.6,0.6685049679469854
2013-02-28,4.59,0.6670516962775355
2013-03-01,4.45,0.646705892905236
2013-03-02,4.4,0.6394395345579862
2013-03-03,4.35,0.6321731762107362
2013-03-04,4.22,0.6132806445078867
2013-03-05,6.89,1.001304180251028
2013-03-06,31.4,4.5632730420729
2013-03-07,25.0,3.633179173624921
2013-03-08,20.4,2.964674205677935
2013-03-09,17.2,2.4996272714539454
2013-03-10,15.2,2.208972937563952
2013-03-11,13.9,2.0200476205354563
2013-03-12,12.9,1.8747204535904594
2013-03-13,11.9,1.7293932866454624
2013-03-14,11.1,1.6131315530894648
2013-03-15,10.4,1.5114025362279673
2013-03-16,9.73,1.4140333343748193
2013-03-17,8.95,1.3006781441577215
2013-03-18,8.53,1.2396407340408229
2013-03-19,8.28,1.2033089423045737
2013-03-20,20.8,3.0228050724559345
2013-03-21,18.9,2.74668345526044
2013-03-22,17.0,2.4705618380649463
2013-03-23,15.6,2.2671038043419505
2013-03-24,14.3,2.078178487313455
2013-03-25,13.4,1.9473840370629576
2013-03-26,12.6,1.8311223035069601
2013-03-27,12.2,1.7729914367289614
2013-03-28,11.5,1.6712624198674637
2013-03-29,10.9,1.5840661197004655
2013-03-30,10.4,1.5114025362279673
2013-03-31,10.3,1.4968698195334675
2013-04-01,9.81,1.425659507730419
2013-04-02,9.28,1.3486361092495707
2013-04-03,8.92,1.2963183291493718
2013-04-04,16.5,2.3978982545924477
2013-04-05,23.0,3.3425248397349274
2013-04-06,23.9,3.473319289985424
2013-04-07,25.9,3.763973623875418
2013-04-08,34.7,5.04285269299139
2013-04-09,32.5,4.723132925712397
2013-04-10,28.7,4.170889691321409
2013-04-11,25.7,3.7349081904864185
2013-04-12,22.9,3.3279921230404272
2013-04-13,20.2,2.935608772288936
2013-04-14,18.4,2.6740198717879418
2013-04-15,17.0,2.4705618380649463
2013-04-16,15.6,2.2671038043419505
2013-04-17,14.5,2.1072439207024543
2013-04-18,13.6,1.9764494704519568
2013-04-19,12.5,1.8165895868124604
2013-04-20,11.8,1.7148605699509627
2013-04-21,11.2,1.6276642697839645
2013-04-22,10.7,1.555000686311466
2013-04-23,10.2,1.4823371028389676
2013-04-24,9.74,1.4154866060442692
2013-04-25,9.29,1.3500893809190204
2013-04-26,8.87,1.2890519708021217
2013-04-27,8.26,1.2004023989656738
2013-04-28,7.88,1.145178075526575
2013-04-29,7.57,1.100126653773626
2013-04-30,7.3,1.060888318698477
2013-05-01,6.96,1.011477081937178
2013-05-02,6.62,0.9620658451758791
2013-05-03,6.5,0.9446265851424794
2013-05-04,6.46,0.9388134984646795
2013-05-05,6.3,0.9155611517534801
2013-05-06,6.39,0.9286405967785297
2013-05-07,6.22,0.9039349783978803
2013-05-08,5.92,0.8603368283143813
2013-05-09,5.45,0.7920330598502328
2013-05-10,5.45,0.7920330598502328
2013-05-11,5.24,0.7615143547917834
2013-05-12,5.0,0.7266358347249842
2013-05-13,4.89,0.7106498463610345
2013-05-14,4.73,0.6873974996498351
2013-05-15,4.57,0.6641451529386356
2013-05-16,4.58,0.6655984246080855
2013-05-17,4.58,0.6655984246080855
2013-05-18,4.54,0.6597853379302856
2013-05-19,4.37,0.6350797195496362
2013-05-20,4.22,0.6132806445078867
2013-05-21,4.13,0.6002011994828369
2013-05-22,4.11,0.5972946561439371
2013-05-23,4.05,0.5885750261272372
2013-05-24,3.98,0.5784021244410874
2013-05-25,3.79,0.550789962721538
2013-05-26,3.67,0.5333507026881383
2013-05-27,4.41,0.640892806227436
2013-05-28,4.4,0.6394395345579862
2013-05-29,3.97,0.5769488527716374
2013-05-30,3.77,0.5478834193826381
2013-05-31,3.58,0.5202712576630887
2013-06-01,3.42,0.49701891095188916
2013-06-02,3.28,0.4766731075795896
2013-06-03,3.24,0.4708600209017898
2013-06-04,3.1,0.4505142175294902
2013-06-05,2.98,0.4330749574960906
2013-06-06,2.92,0.42435532747939075
2013-06-07,2.78,0.4040095241070912
2013-06-08,2.65,0.38511699240424163
2013-06-09,2.56,0.3720375473791919
2013-06-10,2.61,0.37930390572644174
2013-06-11,2.63,0.3822104490653417
2013-06-12,2.49,0.36186464569304216
2013-06-13,2.47,0.3589581023541422
2013-06-14,2.4,0.3487852006679924
2013-06-15,2.34,0.34006557065129256
2013-06-16,2.26,0.3284393972956928
2013-06-17,2.2,0.3197197672789931
2013-06-18,2.2,0.3197197672789931
2013-06-19,2.25,0.3269861256262429
2013-06-20,2.23,0.32407958228734296
2013-06-21,2.16,0.3139066806011932
2013-06-22,2.04,0.29646742056779357
2013-06-23,2.07,0.30082723557614344
2013-06-24,2.21,0.321173038948443
2013-06-25,4.64,0.6743180546247853
2013-06-26,6.5,0.9446265851424794
2013-06-27,4.08,0.5929348411355871
2013-06-28,3.03,0.4403413158433404
2013-06-29,2.57,0.37349081904864184
2013-06-30,2.34,0.34006557065129256
2013-07-01,2.19,0.31826649560954307
2013-07-02,2.05,0.2979206922372435
2013-07-03,1.99,0.2892010622205437
2013-07-04,1.97,0.28629451888164376
2013-07-05,1.91,0.27757488886494397
2013-07-06,1.88,0.27321507385659405
2013-07-07,1.81,0.2630421721704443
2013-07-08,1.75,0.25432254215374445
2013-07-09,1.62,0.2354300104508949
2013-07-10,1.52,0.2208972937563952
2013-07-11,1.48,0.21508420707859532
2013-07-12,1.46,0.21217766373969538
2013-07-13,1.4,0.20345803372299556
2013-07-14,1.36,0.19764494704519572
2013-07-15,1.3,0.1889253170284959
2013-07-16,1.29,0.18747204535904594
2013-07-17,1.29,0.18747204535904594
2013-07-18,1.26,0.18311223035069601
2013-07-19,1.17,0.17003278532564628
2013-07-20,1.11,0.1613131553089465
2013-07-21,1.05,0.15259352529224668
2013-07-22,1.08,0.1569533403005966
2013-07-23,1.0,0.14532716694499684
2013-07-24,1.01,0.1467804386144468
2013-07-25,0.97,0.14096735193664692
2013-07-26,0.88,0.1278879069115972
2013-07-27,0.82,0.1191682768948974
2013-07-28,0.77,0.11190191854764757
2013-07-29,0.75,0.10899537520874764
2013-07-30,0.75,0.10899537520874764
2013-07-31,0.82,0.1191682768948974
2013-08-01,0.83,0.12062154856434737
2013-08-02,0.84,0.12207482023379734
2013-08-03,0.81,0.11771500522544745
2013-08-04,0.77,0.11190191854764757
2013-08-05,0.75,0.10899537520874764
2013-08-06,0.76,0.1104486468781976
2013-08-07,0.78,0.11335519021709754
2013-08-08,0.86,0.12498136357269728
2013-08-09,0.92,0.1337009935893971
2013-08-10,0.88,0.1278879069115972
2013-08-11,0.82,0.1191682768948974
2013-08-12,0.77,0.11190191854764757
2013-08-13,0.7,0.10172901686149778
2013-08-14,0.64,0.09300938684479798
2013-08-15,0.64,0.09300938684479798
2013-08-16,0.64,0.09300938684479798
2013-08-17,0.62,0.09010284350589803
2013-08-18,0.65,0.09446265851424795
2013-08-19,0.62,0.09010284350589803
2013-08-20,0.58,0.08428975682809817
2013-08-21,0.58,0.08428975682809817
2013-08-22,0.58,0.08428975682809817
2013-08-23,0.58,0.08428975682809817
2013-08-24,0.56,0.08138321348919823
2013-08-25,0.58,0.08428975682809817
2013-08-26,0.62,0.09010284350589803
2013-08-27,0.62,0.09010284350589803
2013-08-28,0.59,0.08574302849754813
2013-08-29,0.6,0.0871963001669981
2013-08-30,0.62,0.09010284350589803
2013-08-31,0.59,0.08574302849754813
2013-09-01,0.57,0.0828364851586482
2013-09-02,0.58,0.08428975682809817
2013-09-03,0.57,0.0828364851586482
2013-09-04,0.58,0.08428975682809817
2013-09-05,0.58,0.08428975682809817
2013-09-06,0.57,0.0828364851586482
2013-09-07,0.53,0.07702339848084833
2013-09-08,0.51,0.07411685514194839
2013-09-09,0.52,0.07557012681139835
2013-09-10,0.49,0.07121031180304845
2013-09-11,0.5,0.07266358347249842
2013-09-12,0.54,0.0784766701502983
2013-09-13,0.53,0.07702339848084833
2013-09-14,0.49,0.07121031180304845
2013-09-15,0.51,0.07411685514194839
2013-09-16,0.51,0.07411685514194839
2013-09-17,0.52,0.07557012681139835
2013-09-18,0.53,0.07702339848084833
2013-09-19,0.52,0.07557012681139835
2013-09-20,0.65,0.09446265851424795
2013-09-21,1.66,0.24124309712869474
2013-09-22,1.18,0.17148605699509625
2013-09-23,1.06,0.15404679696169665
2013-09-24,0.97,0.14096735193664692
2013-09-25,0.93,0.13515426525884708
2013-09-26,0.89,0.12934117858104718
2013-09-27,0.87,0.12643463524214724
2013-09-28,0.82,0.1191682768948974
2013-09-29,3.96,0.5754955811021875
2013-09-30,11.1,1.6131315530894648
2013-10-01,4.39,0.6379862628885361
2013-10-02,2.62,0.3807571773958917
2013-10-03,1.9,0.276121617195494
2013-10-04,1.56,0.22671038043419509
2013-10-05,1.38,0.20055149038409562
2013-10-06,1.19,0.17293932866454623
2013-10-07,1.14,0.1656729703172964
2013-10-08,1.06,0.15404679696169665
2013-10-09,1.06,0.15404679696169665
2013-10-10,0.99,0.14387389527554686
2013-10-11,0.91,0.13224772191994713
2013-10-12,0.9,0.13079445025049716
2013-10-13,0.95,0.138060808597747
2013-10-14,0.91,0.13224772191994713
2013-10-15,0.88,0.1278879069115972
2013-10-16,0.85,0.1235280919032473
2013-10-17,0.81,0.11771500522544745
2013-10-18,0.77,0.11190191854764757
2013-10-19,0.74,0.10754210353929766
2013-10-20,0.74,0.10754210353929766
2013-10-21,0.75,0.10899537520874764
2013-10-22,0.7,0.10172901686149778
2013-10-23,0.69,0.10027574519204781
2013-10-24,0.69,0.10027574519204781
2013-10-25,0.69,0.10027574519204781
2013-10-26,0.67,0.09736920185314789
2013-10-27,0.77,0.11190191854764757
2013-10-28,0.86,0.12498136357269728
2013-10-29,0.83,0.12062154856434737
2013-10-30,0.89,0.12934117858104718
2013-10-31,0.9,0.13079445025049716
2013-11-01,0.89,0.12934117858104718
2013-11-02,0.88,0.1278879069115972
2013-11-03,0.81,0.11771500522544745
2013-11-04,0.81,0.11771500522544745
2013-11-05,0.81,0.11771500522544745
2013-11-06,0.81,0.11771500522544745
2013-11-07,0.81,0.11771500522544745
2013-11-08,0.81,0.11771500522544745
2013-11-09,0.78,0.11335519021709754
2013-11-10,0.73,0.10608883186984769
2013-11-11,0.67,0.09736920185314789
2013-11-12,0.67,0.09736920185314789
2013-11-13,0.67,0.09736920185314789
2013-11-14,0.67,0.09736920185314789
2013-11-15,0.67,0.09736920185314789
2013-11-16,0.65,0.09446265851424795
2013-11-17,0.67,0.09736920185314789
2013-11-18,0.68,0.09882247352259786
2013-11-19,3.26,0.47376656424068964
2013-11-20,5.67,0.8240050365781321
2013-11-21,2.76,0.40110298076819123
2013-11-22,1.98,0.28774779055109373
2013-11-23,1.57,0.22816365210364503
2013-11-24,1.35,0.19619167537574575
2013-11-25,1.23,0.17875241534234612
2013-11-26,1.15,0.16712624198674636
2013-11-27,1.13,0.1642196986478464
2013-11-28,1.06,0.15404679696169665
2013-11-29,0.96,0.13951408026719697
2013-11-30,0.89,0.12934117858104718
2013-12-01,0.89,0.12934117858104718
2013-12-02,0.89,0.12934117858104718
2013-12-03,0.89,0.12934117858104718
2013-12-04,0.87,0.12643463524214724
2013-12-05,0.82,0.1191682768948974
2013-12-06,1.13,0.1642196986478464
2013-12-07,1.39,0.2020047620535456
2013-12-08,1.12,0.16276642697839647
2013-12-09,0.98,0.1424206236060969
2013-12-10,0.94,0.13660753692829702
2013-12-11,0.9,0.13079445025049716
2013-12-12,0.89,0.12934117858104718
2013-12-13,0.89,0.12934117858104718
2013-12-14,0.89,0.12934117858104718
2013-12-15,0.84,0.12207482023379734
2013-12-16,0.81,0.11771500522544745
2013-12-17,0.81,0.11771500522544745
2013-12-18,0.81,0.11771500522544745
2013-12-19,0.75,0.10899537520874764
2013-12-20,0.74,0.10754210353929766
2013-12-21,0.74,0.10754210353929766
2013-12-22,0.74,0.10754210353929766
2013-12-23,0.74,0.10754210353929766
2013-12-24,0.68,0.09882247352259786
2013-12-25,0.67,0.09736920185314789
2013-12-26,0.63,0.09155611517534801
2013-12-27,0.61,0.08864957183644807
2013-12-28,0.61,0.08864957183644807
2013-12-29,0.61,0.08864957183644807
2013-12-30,0.61,0.08864957183644807
2013-12-31,0.61,0.08864957183644807
2014-01-01,0.6,0.0871963001669981
2014-01-02,0.6,0.0871963001669981
2014-01-03,0.59,0.08574302849754813
2014-01-04,0.58,0.08428975682809817
2014-01-05,0.55,0.07992994181974827
2014-01-06,0.54,0.0784766701502983
2014-01-07,0.54,0.0784766701502983
2014-01-08,0.55,0.07992994181974827
2014-01-09,0.61,0.08864957183644807
2014-01-10,0.61,0.08864957183644807
2014-01-11,1.27,0.184565502020146
2014-01-12,1.19,0.17293932866454623
2014-01-13,0.99,0.14387389527554686
2014-01-14,0.83,0.12062154856434737
2014-01-15,0.74,0.10754210353929766
2014-01-16,0.67,0.09736920185314789
2014-01-17,0.67,0.09736920185314789
2014-01-18,0.61,0.08864957183644807
2014-01-19,0.61,0.08864957183644807
2014-01-20,0.61,0.08864957183644807
2014-01-21,0.6,0.0871963001669981
2014-01-22,0.58,0.08428975682809817
2014-01-23,0.56,0.08138321348919823
2014-01-24,0.55,0.07992994181974827
2014-01-25,0.54,0.0784766701502983
2014-01-26,0.55,0.07992994181974827
2014-01-27,0.54,0.0784766701502983
2014-01-28,0.67,0.09736920185314789
2014-01-29,1.66,0.24124309712869474
2014-01-30,1.4,0.20345803372299556
2014-01-31,1.12,0.16276642697839647
2014-02-01,0.88,0.1278879069115972
2014-02-02,0.86,0.12498136357269728
2014-02-03,0.75,0.10899537520874764
2014-02-04,0.71,0.10318228853094775
2014-02-05,0.72,0.10463556020039771
2014-02-06,1.31,0.19037858869794586
2014-02-07,8.61,1.2512669073964227
2014-02-08,44.3,6.43799349566336
2014-02-09,49.9,7.251825630555342
2014-02-10,50.6,7.35355464741684
2014-02-11,20.6,2.993739639066935
2014-02-12,13.2,1.9183186036739581
2014-02-13,12.1,1.7584587200344617
2014-02-14,14.0,2.0345803372299556
2014-02-15,32.5,4.723132925712397
2014-02-16,52.7,7.658741698001334
2014-02-17,30.5,4.432478591822403
2014-02-18,21.2,3.080935939233933
2014-02-19,17.7,2.572290854926444
2014-02-20,13.8,2.0055149038409565
2014-02-21,11.6,1.6857951365619632
2014-02-22,10.1,1.467804386144468
2014-02-23,8.82,1.281785612454872
2014-02-24,7.82,1.1364584455098754
2014-02-25,7.07,1.0274630703011276
2014-02-26,7.0,1.0172901686149778
2014-02-27,28.4,4.12729154123791
2014-02-28,31.5,4.577805758767401
2014-03-01,26.1,3.7930390572644175
2014-03-02,23.6,3.4297211399019254
2014-03-03,115.0,16.712624198674636
2014-03-04,169.0,24.560291213704467
2014-03-05,110.0,15.985988363949652
2014-03-06,130.0,18.89253170284959
2014-03-07,85.7,12.45453820718623
2014-03-08,59.2,8.603368283143814
2014-03-09,47.4,6.88850771319285
2014-03-10,50.4,7.324489214027841
2014-03-11,40.9,5.9438811280503705
2014-03-12,35.2,5.1155162764638895
2014-03-13,30.7,4.461544025211403
2014-03-14,26.5,3.8511699240424164
2014-03-15,22.9,3.3279921230404272
2014-03-16,20.2,2.935608772288936
2014-03-17,18.3,2.6594871550934425
2014-03-18,16.5,2.3978982545924477
2014-03-19,15.0,2.1799075041749525
2014-03-20,13.8,2.0055149038409565
2014-03-21,12.8,1.8601877368959596
2014-03-22,11.8,1.7148605699509627
2014-03-23,11.0,1.5985988363949653
2014-03-24,10.2,1.4823371028389676
2014-03-25,12.1,1.7584587200344617
2014-03-26,15.6,2.2671038043419505
2014-03-27,17.2,2.4996272714539454
2014-03-28,53.1,7.716872564779332
2014-03-29,216.0,31.390668060119317
2014-03-30,117.0,17.00327853256463
2014-03-31,82.7,12.018556706351239
2014-04-01,85.6,12.440005490491728
2014-04-02,84.4,12.265612890157733
2014-04-03,71.0,10.318228853094775
2014-04-04,57.5,8.356312099337318
2014-04-05,47.4,6.88850771319285
2014-04-06,39.5,5.740423094327375
2014-04-07,33.9,4.9265909594353925
2014-04-08,29.6,4.301684141571907
2014-04-09,26.1,3.7930390572644175
2014-04-10,23.4,3.400655706512926
2014-04-11,21.3,3.095468655928433
2014-04-12,19.3,2.804814322038439
2014-04-13,17.6,2.5577581382319448
2014-04-14,16.1,2.339767387814449
2014-04-15,14.8,2.1508420707859535
2014-04-16,13.9,2.0200476205354563
2014-04-17,13.1,1.9037858869794586
2014-04-18,12.3,1.7875241534234612
2014-04-19,11.5,1.6712624198674637
2014-04-20,10.8,1.569533403005966
2014-04-21,10.3,1.4968698195334675
2014-04-22,10.0,1.4532716694499683
2014-04-23,9.54,1.3864211726552698
2014-04-24,9.98,1.4503651261110686
2014-04-25,10.0,1.4532716694499683
2014-04-26,9.09,1.3210239475300212
2014-04-27,8.71,1.2657996240909226
2014-04-28,8.09,1.1756967805850245
2014-04-29,7.62,1.107393012120876
2014-04-30,7.25,1.0536219603512271
2014-05-01,6.9,1.0027574519204783
2014-05-02,6.65,0.966425660184229
2014-05-03,6.46,0.9388134984646795
2014-05-04,6.48,0.9417200418035796
2014-05-05,6.22,0.9039349783978803
2014-05-06,5.98,0.8690564583310811
2014-05-07,5.75,0.8356312099337319
2014-05-08,5.74,0.8341779382642819
2014-05-09,5.94,0.8632433716532812
2014-05-10,5.4,0.784766701502983
2014-05-11,5.15,0.7484349097667338
2014-05-12,4.93,0.7164629330388343
2014-05-13,4.72,0.685944227980385
2014-05-14,4.52,0.6568787945913857
2014-05-15,4.33,0.6292666328718364
2014-05-16,4.2,0.6103741011689867
2014-05-17,4.14,0.6016544711522869
2014-05-18,4.06,0.5900282977966871
2014-05-19,4.02,0.5842152111188872
2014-05-20,3.95,0.5740423094327375
2014-05-21,3.79,0.550789962721538
2014-05-22,3.62,0.5260843443408886
2014-05-23,3.45,0.5013787259602391
2014-05-24,3.33,0.4839394659268395
2014-05-25,3.28,0.4766731075795896
2014-05-26,3.17,0.46068711921564
2014-05-27,3.14,0.45632730420729006
2014-05-28,3.02,0.43888804417389043
2014-05-29,2.99,0.43452822916554057
2014-05-30,2.87,0.41708896913214094
2014-05-31,2.84,0.412729154123791
2014-06-01,2.7,0.3923833507514915
2014-06-02,2.66,0.3865702640736916
2014-06-03,2.57,0.37349081904864184
2014-06-04,2.51,0.36477118903194206
2014-06-05,2.42,0.35169174400689235
2014-06-06,2.33,0.33861229898184264
2014-06-07,2.26,0.3284393972956928
2014-06-08,2.18,0.31681322394009315
2014-06-09,2.1,0.30518705058449336
2014-06-10,2.04,0.29646742056779357
2014-06-11,2.0,0.2906543338899937
2014-06-12,1.99,0.2892010622205437
2014-06-13,1.98,0.28774779055109373
2014-06-14,1.96,0.2848412472121938
2014-06-15,1.89,0.274668345526044
2014-06-16,1.86,0.27030853051769416
2014-06-17,1.83,0.26594871550934424
2014-06-18,1.8,0.2615889005009943
2014-06-19,1.73,0.25141599881484455
2014-06-20,1.69,0.24560291213704466
2014-06-21,1.64,0.2383365537897948
2014-06-22,1.6,0.23252346711199495
2014-06-23,1.54,0.22380383709529514
2014-06-24,1.52,0.2208972937563952
2014-06-25,1.51,0.21944402208694522
2014-06-26,1.61,0.23397673878144493
2014-06-27,1.66,0.24124309712869474
2014-06-28,1.62,0.2354300104508949
2014-06-29,1.52,0.2208972937563952
2014-06-30,1.41,0.20491130539244554
2014-07-01,1.3,0.1889253170284959
2014-07-02,1.25,0.18165895868124604
2014-07-03,1.21,0.17584587200344617
2014-07-04,1.18,0.17148605699509625
2014-07-05,1.13,0.1642196986478464
2014-07-06,1.08,0.1569533403005966
2014-07-07,1.05,0.15259352529224668
2014-07-08,1.01,0.1467804386144468
2014-07-09,0.98,0.1424206236060969
2014-07-10,0.98,0.1424206236060969
2014-07-11,1.01,0.1467804386144468
2014-07-12,1.02,0.14823371028389679
2014-07-13,0.99,0.14387389527554686
2014-07-14,0.93,0.13515426525884708
2014-07-15,0.91,0.13224772191994713
2014-07-16,0.95,0.138060808597747
2014-07-17,0.97,0.14096735193664692
2014-07-18,0.96,0.13951408026719697
2014-07-19,0.94,0.13660753692829702
2014-07-20,0.9,0.13079445025049716
2014-07-21,0.92,0.1337009935893971
2014-07-22,0.98,0.1424206236060969
2014-07-23,0.99,0.14387389527554686
2014-07-24,0.94,0.13660753692829702
2014-07-25,0.88,0.1278879069115972
2014-07-26,0.82,0.1191682768948974
2014-07-27,0.77,0.11190191854764757
2014-07-28,0.73,0.10608883186984769
2014-07-29,0.7,0.10172901686149778
2014-07-30,0.69,0.10027574519204781
2014-07-31,0.66,0.09591593018369791
2014-08-01,0.64,0.09300938684479798
2014-08-02,0.64,0.09300938684479798
2014-08-03,0.64,0.09300938684479798
2014-08-04,0.65,0.09446265851424795
2014-08-05,0.69,0.10027574519204781
2014-08-06,0.72,0.10463556020039771
2014-08-07,0.67,0.09736920185314789
2014-08-08,0.65,0.09446265851424795
2014-08-09,0.65,0.09446265851424795
2014-08-10,0.66,0.09591593018369791
2014-08-11,0.6,0.0871963001669981
2014-08-12,0.61,0.08864957183644807
2014-08-13,0.66,0.09591593018369791
2014-08-14,0.66,0.09591593018369791
2014-08-15,0.61,0.08864957183644807
2014-08-16,0.59,0.08574302849754813
2014-08-17,0.58,0.08428975682809817
2014-08-18,0.57,0.0828364851586482
2014-08-19,0.56,0.08138321348919823
2014-08-20,0.54,0.0784766701502983
2014-08-21,0.55,0.07992994181974827
2014-08-22,0.53,0.07702339848084833
2014-08-23,0.53,0.07702339848084833
2014-08-24,0.53,0.07702339848084833
2014-08-25,0.51,0.07411685514194839
2014-08-26,0.5,0.07266358347249842
2014-08-27,0.49,0.07121031180304845
2014-08-28,0.47,0.06830376846414851
2014-08-29,0.46,0.06685049679469855
2014-08-30,0.45,0.06539722512524858
2014-08-31,0.46,0.06685049679469855
2014-09-01,0.46,0.06685049679469855
2014-09-02,0.45,0.06539722512524858
2014-09-03,0.43,0.06249068178634864
2014-09-04,0.42,0.06103741011689867
2014-09-05,0.41,0.0595841384474487
2014-09-06,0.43,0.06249068178634864
2014-09-07,0.44,0.0639439534557986
2014-09-08,0.44,0.0639439534557986
2014-09-09,0.45,0.06539722512524858
2014-09-10,0.45,0.06539722512524858
2014-09-11,0.42,0.06103741011689867
2014-09-12,0.42,0.06103741011689867
2014-09-13,0.41,0.0595841384474487
2014-09-14,0.41,0.0595841384474487
2014-09-15,0.41,0.0595841384474487
2014-09-16,0.43,0.06249068178634864
2014-09-17,0.49,0.07121031180304845
2014-09-18,0.76,0.1104486468781976
2014-09-19,0.72,0.10463556020039771
2014-09-20,0.66,0.09591593018369791
2014-09-21,0.59,0.08574302849754813
2014-09-22,0.59,0.08574302849754813
2014-09-23,0.59,0.08574302849754813
2014-09-24,1.26,0.18311223035069601
2014-09-25,1.73,0.25141599881484455
2014-09-26,1.36,0.19764494704519572
2014-09-27,0.97,0.14096735193664692
2014-09-28,0.81,0.11771500522544745
2014-09-29,0.73,0.10608883186984769
2014-09-30,0.69,0.10027574519204781
2014-10-01,0.65,0.09446265851424795
2014-10-02,0.62,0.09010284350589803
2014-10-03,0.59,0.08574302849754813
2014-10-04,0.59,0.08574302849754813
2014-10-05,0.59,0.08574302849754813
2014-10-06,0.59,0.08574302849754813
2014-10-07,0.57,0.0828364851586482
2014-10-08,0.59,0.08574302849754813
2014-10-09,0.59,0.08574302849754813
2014-10-10,0.63,0.09155611517534801
2014-10-11,0.64,0.09300938684479798
2014-10-12,0.64,0.09300938684479798
2014-10-13,0.63,0.09155611517534801
2014-10-14,0.64,0.09300938684479798
2014-10-15,1.22,0.17729914367289615
2014-10-16,0.92,0.1337009935893971
2014-10-17,0.92,0.1337009935893971
2014-10-18,1.19,0.17293932866454623
2014-10-19,1.02,0.14823371028389679
2014-10-20,1.85,0.2688552588482442
2014-10-21,1.88,0.27321507385659405
2014-10-22,1.45,0.2107243920702454
2014-10-23,3.51,0.5100983559769389
2014-10-24,3.58,0.5202712576630887
2014-10-25,12.8,1.8601877368959596
2014-10-26,8.92,1.2963183291493718
2014-10-27,3.91,0.5682292227549377
2014-10-28,2.66,0.3865702640736916
2014-10-29,2.2,0.3197197672789931
2014-10-30,1.95,0.2833879755427438
2014-10-31,4.45,0.646705892905236
2014-11-01,3.61,0.5246310726714386
2014-11-02,2.73,0.39674316575984137
2014-11-03,2.35,0.3415188423207426
2014-11-04,2.09,0.3037337789150434
2014-11-05,1.93,0.2804814322038439
2014-11-06,1.81,0.2630421721704443
2014-11-07,1.71,0.24850945547594458
2014-11-08,1.62,0.2354300104508949
2014-11-09,1.57,0.22816365210364503
2014-11-10,1.51,0.21944402208694522
2014-11-11,1.43,0.20781784873134548
2014-11-12,1.4,0.20345803372299556
2014-11-13,2.16,0.3139066806011932
2014-11-14,1.94,0.28193470387329383
2014-11-15,1.76,0.2557758138231944
2014-11-16,1.63,0.23688328212034482
2014-11-17,1.53,0.22235056542584516
2014-11-18,1.45,0.2107243920702454
2014-11-19,1.93,0.2804814322038439
2014-11-20,3.41,0.49556563928243924
2014-11-21,5.07,0.736808736411134
2014-11-22,65.0,9.446265851424794
2014-11-23,21.5,3.124534089317432
2014-11-24,12.6,1.8311223035069601
2014-11-25,9.25,1.3442762942412207
2014-11-26,7.4,1.0754210353929767
2014-11-27,6.16,0.8952153483811806
2014-11-28,7.61,1.105939740451426
2014-11-29,27.7,4.025562524376412
2014-11-30,33.2,4.824861942573896
2014-12-01,26.6,3.865702640736916
2014-12-02,22.2,3.2262631061789295
2014-12-03,48.5,7.048367596832347
2014-12-04,49.9,7.251825630555342
2014-12-05,46.1,6.699582396164354
2014-12-06,72.0,10.463556020039773
2014-12-07,51.1,7.426218230889338
2014-12-08,75.8,11.01579925443076
2014-12-09,69.0,10.027574519204782
2014-12-10,64.0,9.300938684479798
2014-12-11,198.0,28.774779055109374
2014-12-12,175.0,25.432254215374446
2014-12-13,101.0,14.678043861444682
2014-12-14,68.9,10.013041802510283
2014-12-15,56.6,8.225517649086822
2014-12-16,54.2,7.876732448418829
2014-12-17,113.0,16.421969864784643
2014-12-18,110.0,15.985988363949652
2014-12-19,144.0,20.927112040079546
2014-12-20,131.0,19.037858869794587
2014-12-21,131.0,19.037858869794587
2014-12-22,107.0,15.550006863114662
2014-12-23,80.7,11.727902372461246
2014-12-24,64.2,9.330004117868798
2014-12-25,51.5,7.484349097667337
2014-12-26,43.1,6.263600895329364
2014-12-27,36.8,5.3480397435758835
2014-12-28,32.3,4.694067492323398
2014-12-29,29.1,4.229020558099408
2014-12-30,26.3,3.822104490653417
2014-12-31,23.9,3.473319289985424
2015-01-01,22.0,3.1971976727899305
2015-01-02,20.1,2.921076055594437
2015-01-03,18.5,2.6885525884824415
2015-01-04,17.0,2.4705618380649463
2015-01-05,15.8,2.29616923773095
2015-01-06,14.7,2.1363093540914533
2015-01-07,13.8,2.0055149038409565
2015-01-08,13.1,1.9037858869794586
2015-01-09,12.4,1.802056870117961
2015-01-10,11.9,1.7293932866454624
2015-01-11,11.3,1.6421969864784645
2015-01-12,10.7,1.555000686311466
2015-01-13,10.3,1.4968698195334675
2015-01-14,9.87,1.4343791377471187
2015-01-15,9.42,1.3689819126218703
2015-01-16,13.7,1.9909821871464566
2015-01-17,12.2,1.7729914367289614
2015-01-18,27.9,4.054627957765412
2015-01-19,27.2,3.9528989409039137
2015-01-20,23.4,3.400655706512926
2015-01-21,20.7,3.0082723557614344
2015-01-22,18.6,2.7030853051769412
2015-01-23,16.7,2.426963687981447
2015-01-24,15.3,2.2235056542584517
2015-01-25,14.2,2.063645770618955
2015-01-26,13.3,1.932851320368458
2015-01-27,12.5,1.8165895868124604
2015-01-28,11.8,1.7148605699509627
2015-01-29,11.3,1.6421969864784645
2015-01-30,10.8,1.569533403005966
2015-01-31,10.3,1.4968698195334675
2015-02-01,9.77,1.4198464210526192
2015-02-02,9.66,1.4038604326886694
2015-02-03,9.22,1.339916479232871
2015-02-04,8.86,1.287598699132672
2015-02-05,8.58,1.246907092388073
2015-02-06,151.0,21.944402208694523
2015-02-07,253.0,36.7677732370842
2015-02-08,136.0,19.76449470451957
2015-02-09,232.0,33.71590273123927
2015-02-10,182.0,26.449544383989423
2015-02-11,113.0,16.421969864784643
2015-02-12,76.3,11.088462837903258
2015-02-13,58.0,8.428975682809817
2015-02-14,47.2,6.859442279803851
2015-02-15,39.3,5.711357660938376
2015-02-16,33.7,4.897525526046394
2015-02-17,29.6,4.301684141571907
2015-02-18,26.6,3.865702640736916
2015-02-19,24.3,3.531450156763423
2015-02-20,22.3,3.2407958228734297
2015-02-21,20.7,3.0082723557614344
2015-02-22,19.1,2.77574888864944
2015-02-23,17.5,2.5432254215374446
2015-02-24,16.1,2.339767387814449
2015-02-25,15.0,2.1799075041749525
2015-02-26,14.3,2.078178487313455
2015-02-27,14.0,2.0345803372299556
2015-02-28,13.4,1.9473840370629576
2015-03-01,12.6,1.8311223035069601
2015-03-02,12.0,1.7439260033399622
2015-03-03,11.5,1.6712624198674637
2015-03-04,10.9,1.5840661197004655
2015-03-05,10.4,1.5114025362279673
2015-03-06,10.1,1.467804386144468
2015-03-07,9.71,1.4111267910359193
2015-03-08,9.33,1.3559024675968205
2015-03-09,9.02,1.3108510458438714
2015-03-10,8.74,1.2701594390992723
2015-03-11,8.49,1.2338276473630232
2015-03-12,8.2,1.191682768948974
2015-03-13,8.01,1.1640706072294247
2015-03-14,7.75,1.1262855438237256
2015-03-15,7.57,1.100126653773626
2015-03-16,7.33,1.065248133706827
2015-03-17,7.02,1.0201967119538777
2015-03-18,6.79,0.9867714635565286
2015-03-19,6.59,0.9577060301675292
2015-03-20,6.43,0.9344536834563296
2015-03-21,6.36,0.9242807817701799
2015-03-22,6.82,0.9911312785648785
2015-03-23,7.38,1.0725144920540766
2015-03-24,8.2,1.191682768948974
2015-03-25,7.01,1.0187434402844278
2015-03-26,6.35,0.9228275101007298
2015-03-27,6.0,0.8719630016699811
2015-03-28,5.75,0.8356312099337319
2015-03-29,5.55,0.8065657765447324
2015-03-30,5.34,0.776047071486283
2015-03-31,5.17,0.7513414531056336
2015-04-01,5.0,0.7266358347249842
2015-04-02,4.93,0.7164629330388343
2015-04-03,4.78,0.694663857997085
2015-04-04,4.72,0.685944227980385
2015-04-05,5.7,0.828364851586482
2015-04-06,6.25,0.9082947934062302
2015-04-07,11.7,1.700327853256463
2015-04-08,8.65,1.2570799940742228
2015-04-09,7.56,1.098673382104176
2015-04-10,6.9,1.0027574519204783
2015-04-11,6.52,0.9475331284813793
2015-04-12,6.16,0.8952153483811806
2015-04-13,5.81,0.8443508399504316
2015-04-14,5.69,0.826911579917032
2015-04-15,5.35,0.777500343155733
2015-04-16,5.14,0.7469816380972837
2015-04-17,4.95,0.7193694763777344
2015-04-18,4.79,0.6961171296665348
2015-04-19,4.69,0.6815844129720352
2015-04-20,4.54,0.6597853379302856
2015-04-21,4.39,0.6379862628885361
2015-04-22,4.34,0.6307199045412862
2015-04-23,4.18,0.6074675578300868
2015-04-24,4.12,0.598747927813387
2015-04-25,4.57,0.6641451529386356
2015-04-26,4.05,0.5885750261272372
2015-04-27,3.96,0.5754955811021875
2015-04-28,3.8,0.552243234390988
2015-04-29,3.68,0.5348039743575884
2015-04-30,3.62,0.5260843443408886
2015-05-01,3.47,0.5042852692991391
2015-05-02,3.38,0.4912058242740893
2015-05-03,3.3,0.47957965091848953
2015-05-04,3.2,0.4650469342239899
2015-05-05,3.19,0.46359366255453993
2015-05-06,3.17,0.46068711921564
2015-05-07,3.14,0.45632730420729006
2015-05-08,3.03,0.4403413158433404
2015-05-09,2.99,0.43452822916554057
2015-05-10,2.86,0.41563569746269097
2015-05-11,2.85,0.414182425793241
2015-05-12,2.85,0.414182425793241
2015-05-13,2.85,0.414182425793241
2015-05-14,2.89,0.4199955124710409
2015-05-15,2.87,0.41708896913214094
2015-05-16,2.82,0.4098226107848911
2015-05-17,2.72,0.39528989409039145
2015-05-18,2.69,0.39093007908204147
2015-05-19,2.67,0.3880235357431415
2015-05-20,2.58,0.37494409071809187
2015-05-21,2.55,0.3705842757097419
2015-05-22,2.47,0.3589581023541422
2015-05-23,2.45,0.35605155901524227
2015-05-24,2.36,0.3429721139901925
2015-05-25,2.31,0.3357057556429427
2015-05-26,2.23,0.32407958228734296
2015-05-27,2.18,0.31681322394009315
2015-05-28,2.1,0.30518705058449336
2015-05-29,2.01,0.2921076055594436
2015-05-30,1.96,0.2848412472121938
2015-05-31,1.85,0.2688552588482442
2015-06-01,1.94,0.28193470387329383
2015-06-02,2.06,0.2993739639066935
2015-06-03,2.04,0.29646742056779357
2015-06-04,1.98,0.28774779055109373
2015-06-05,1.87,0.27176180218714413
2015-06-06,1.76,0.2557758138231944
2015-06-07,1.69,0.24560291213704466
2015-06-08,1.59,0.23107019544254498
2015-06-09,1.53,0.22235056542584516
2015-06-10,1.47,0.21363093540914535
2015-06-11,1.45,0.2107243920702454
2015-06-12,1.41,0.20491130539244554
2015-06-13,1.33,0.1932851320368458
2015-06-14,1.28,0.18601877368959596
2015-06-15,1.25,0.18165895868124604
2015-06-16,1.21,0.17584587200344617
2015-06-17,1.18,0.17148605699509625
2015-06-18,1.16,0.16857951365619633
2015-06-19,1.13,0.1642196986478464
2015-06-20,1.11,0.1613131553089465
2015-06-21,1.07,0.15550006863114663
2015-06-22,1.06,0.15404679696169665
2015-06-23,1.04,0.1511402536227967
2015-06-24,1.03,0.14968698195334676
2015-06-25,0.99,0.14387389527554686
2015-06-26,0.95,0.138060808597747
2015-06-27,0.9,0.13079445025049716
2015-06-28,0.91,0.13224772191994713
2015-06-29,0.93,0.13515426525884708
2015-06-30,0.89,0.12934117858104718
2015-07-01,0.84,0.12207482023379734
2015-07-02,0.76,0.1104486468781976
2015-07-03,0.75,0.10899537520874764
2015-07-04,0.75,0.10899537520874764
2015-07-05,0.73,0.10608883186984769
2015-07-06,0.74,0.10754210353929766
2015-07-07,0.75,0.10899537520874764
2015-07-08,0.78,0.11335519021709754
2015-07-09,0.94,0.13660753692829702
2015-07-10,1.12,0.16276642697839647
2015-07-11,1.2,0.1743926003339962
2015-07-12,1.22,0.17729914367289615
2015-07-13,1.15,0.16712624198674636
2015-07-14,1.05,0.15259352529224668
2015-07-15,0.96,0.13951408026719697
2015-07-16,0.89,0.12934117858104718
2015-07-17,0.82,0.1191682768948974
2015-07-18,0.75,0.10899537520874764
2015-07-19,0.75,0.10899537520874764
2015-07-20,0.75,0.10899537520874764
2015-07-21,0.73,0.10608883186984769
2015-07-22,0.72,0.10463556020039771
2015-07-23,0.73,0.10608883186984769
2015-07-24,0.73,0.10608883186984769
2015-07-25,0.71,0.10318228853094775
2015-07-26,0.69,0.10027574519204781
2015-07-27,0.67,0.09736920185314789
2015-07-28,0.66,0.09591593018369791
2015-07-29,0.62,0.09010284350589803
2015-07-30,0.58,0.08428975682809817
2015-07-31,0.55,0.07992994181974827
2015-08-01,0.55,0.07992994181974827
2015-08-02,0.56,0.08138321348919823
2015-08-03,0.6,0.0871963001669981
2015-08-04,0.61,0.08864957183644807
2015-08-05,0.66,0.09591593018369791
2015-08-06,0.6,0.0871963001669981
2015-08-07,0.55,0.07992994181974827
2015-08-08,0.56,0.08138321348919823
2015-08-09,0.54,0.0784766701502983
2015-08-10,0.55,0.07992994181974827
2015-08-11,0.55,0.07992994181974827
2015-08-12,0.55,0.07992994181974827
2015-08-13,0.57,0.0828364851586482
2015-08-14,0.58,0.08428975682809817
2015-08-15,0.57,0.0828364851586482
2015-08-16,0.52,0.07557012681139835
2015-08-17,0.45,0.06539722512524858
2015-08-18,0.43,0.06249068178634864
2015-08-19,0.44,0.0639439534557986
2015-08-20,0.44,0.0639439534557986
2015-08-21,0.47,0.06830376846414851
2015-08-22,0.47,0.06830376846414851
2015-08-23,0.47,0.06830376846414851
2015-08-24,0.48,0.06975704013359849
2015-08-25,0.49,0.07121031180304845
2015-08-26,0.46,0.06685049679469855
2015-08-27,0.46,0.06685049679469855
2015-08-28,0.47,0.06830376846414851
2015-08-29,0.77,0.11190191854764757
2015-08-30,0.62,0.09010284350589803
2015-08-31,0.64,0.09300938684479798
2015-09-01,0.62,0.09010284350589803
2015-09-02,0.59,0.08574302849754813
2015-09-03,0.59,0.08574302849754813
2015-09-04,0.57,0.0828364851586482
2015-09-05,0.58,0.08428975682809817
2015-09-06,0.55,0.07992994181974827
2015-09-07,0.55,0.07992994181974827
2015-09-08,0.54,0.0784766701502983
2015-09-09,0.5,0.07266358347249842
2015-09-10,0.53,0.07702339848084833
2015-09-11,0.57,0.0828364851586482
2015-09-12,0.56,0.08138321348919823
2015-09-13,0.56,0.08138321348919823
2015-09-14,0.65,0.09446265851424795
2015-09-15,0.72,0.10463556020039771
2015-09-16,1.67,0.2426963687981447
2015-09-17,1.2,0.1743926003339962
2015-09-18,0.82,0.1191682768948974
2015-09-19,0.69,0.10027574519204781
2015-09-20,0.61,0.08864957183644807
2015-09-21,0.55,0.07992994181974827
2015-09-22,0.53,0.07702339848084833
2015-09-23,0.5,0.07266358347249842
2015-09-24,0.49,0.07121031180304845
2015-09-25,0.48,0.06975704013359849
2015-09-26,0.47,0.06830376846414851
2015-09-27,0.46,0.06685049679469855
2015-09-28,0.46,0.06685049679469855
2015-09-29,0.44,0.0639439534557986
2015-09-30,0.45,0.06539722512524858
2015-10-01,0.46,0.06685049679469855
2015-10-02,0.45,0.06539722512524858
2015-10-03,0.45,0.06539722512524858
2015-10-04,0.46,0.06685049679469855
2015-10-05,0.43,0.06249068178634864
2015-10-06,0.42,0.06103741011689867
2015-10-07,0.42,0.06103741011689867
2015-10-08,0.42,0.06103741011689867
2015-10-09,0.4,0.05813086677799874
2015-10-10,0.42,0.06103741011689867
2015-10-11,0.44,0.0639439534557986
2015-10-12,0.44,0.0639439534557986
2015-10-13,0.42,0.06103741011689867
2015-10-14,0.42,0.06103741011689867
2015-10-15,0.38,0.0552243234390988
2015-10-16,0.38,0.0552243234390988
2015-10-17,0.48,0.06975704013359849
2015-10-18,0.58,0.08428975682809817
2015-10-19,0.59,0.08574302849754813
2015-10-20,0.55,0.07992994181974827
2015-10-21,0.55,0.07992994181974827
2015-10-22,0.54,0.0784766701502983
2015-10-23,0.53,0.07702339848084833
2015-10-24,0.5,0.07266358347249842
2015-10-25,0.48,0.06975704013359849
2015-10-26,0.54,0.0784766701502983
2015-10-27,0.56,0.08138321348919823
2015-10-28,0.71,0.10318228853094775
2015-10-29,0.65,0.09446265851424795
2015-10-30,0.64,0.09300938684479798
2015-10-31,0.62,0.09010284350589803
2015-11-01,1.01,0.1467804386144468
2015-11-02,0.89,0.12934117858104718
2015-11-03,0.8,0.11626173355599748
2015-11-04,0.75,0.10899537520874764
2015-11-05,0.75,0.10899537520874764
2015-11-06,0.73,0.10608883186984769
2015-11-07,0.75,0.10899537520874764
2015-11-08,1.53,0.22235056542584516
2015-11-09,2.18,0.31681322394009315
2015-11-10,1.55,0.2252571087647451
2015-11-11,1.18,0.17148605699509625
2015-11-12,1.02,0.14823371028389679
2015-11-13,0.96,0.13951408026719697
2015-11-14,0.93,0.13515426525884708
2015-11-15,2.61,0.37930390572644174
2015-11-16,1.89,0.274668345526044
2015-11-17,1.37,0.1990982187146457
2015-11-18,1.16,0.16857951365619633
2015-11-19,1.06,0.15404679696169665
2015-11-20,1.0,0.14532716694499684
2015-11-21,0.96,0.13951408026719697
2015-11-22,0.93,0.13515426525884708
2015-11-23,0.87,0.12643463524214724
2015-11-24,1.5,0.21799075041749527
2015-11-25,1.43,0.20781784873134548
2015-11-26,1.18,0.17148605699509625
2015-11-27,1.04,0.1511402536227967
2015-11-28,0.96,0.13951408026719697
2015-11-29,0.93,0.13515426525884708
2015-11-30,0.94,0.13660753692829702
2015-12-01,0.89,0.12934117858104718
2015-12-02,1.38,0.20055149038409562
2015-12-03,5.68,0.825458308247582
2015-12-04,8.77,1.2745192541076222
2015-12-05,3.55,0.5159114426547388
2015-12-06,16.1,2.339767387814449
2015-12-07,7.24,1.0521686886817772
2015-12-08,6.27,0.9112013367451302
2015-12-09,19.8,2.8774779055109376
2015-12-10,116.0,16.857951365619634
2015-12-11,53.6,7.78953614825183
2015-12-12,32.8,4.766731075795896
2015-12-13,108.0,15.695334030059659
2015-12-14,62.0,9.010284350589805
2015-12-15,37.2,5.4061706103538825
2015-12-16,25.9,3.763973623875418
2015-12-17,22.8,3.313459406345928
2015-12-18,72.2,10.492621453428772
2015-12-19,78.0,11.335519021709754
2015-12-20,72.4,10.521686886817772
2015-12-21,246.0,35.75048306846922
2015-12-22,375.0,54.497687604373816
2015-12-23,193.0,28.04814322038439
2015-12-24,117.0,17.00327853256463
2015-12-25,82.6,12.004023989656739
2015-12-26,63.7,9.257340534396299
2015-12-27,52.0,7.5570126811398355
2015-12-28,43.9,6.379862628885361
2015-12-29,37.8,5.49336691052088
2015-12-30,33.0,4.795796509184895
2015-12-31,29.5,4.287151424877407
2016-01-01,26.6,3.865702640736916
2016-01-02,24.1,3.502384723374424
2016-01-03,22.4,3.255328539567929
2016-01-04,24.7,3.5895810235414216
2016-01-05,57.4,8.341779382642818
2016-01-06,79.4,11.538977055432749
2016-01-07,90.6,13.166641325216712
2016-01-08,72.1,10.478088736734271
2016-01-09,66.8,9.707854751925789
2016-01-10,61.2,8.894022617033807
2016-01-11,52.2,7.586078114528835
2016-01-12,45.4,6.597853379302856
2016-01-13,125.0,18.165895868124604
2016-01-14,136.0,19.76449470451957
2016-01-15,118.0,17.148605699509627
2016-01-16,111.0,16.13131553089465
2016-01-17,299.0,43.452822916554055
2016-01-18,259.0,37.63973623875418
2016-01-19,188.0,27.321507385659405
2016-01-20,165.0,23.978982545924477
2016-01-21,116.0,16.857951365619634
2016-01-22,94.2,13.689819126218703
2016-01-23,144.0,20.927112040079546
2016-01-24,145.0,21.07243920702454
2016-01-25,111.0,16.13131553089465
2016-01-26,83.6,12.149351156601735
2016-01-27,66.0,9.59159301836979
2016-01-28,58.5,8.501639266282314
2016-01-29,140.0,20.345803372299557
2016-01-30,156.0,22.671038043419507
2016-01-31,114.0,16.56729703172964
2016-02-01,85.1,12.367341907019231
2016-02-02,66.5,9.66425660184229
2016-02-03,54.9,7.9784614652803265
2016-02-04,47.1,6.8449095631093515
2016-02-05,42.1,6.118273728384367
2016-02-06,38.0,5.5224323439098795
2016-02-07,34.6,5.028319976296891
2016-02-08,31.6,4.5923384754619
2016-02-09,30.1,4.374347725044405
2016-02-10,27.5,3.996497090987413
2016-02-11,25.0,3.633179173624921
2016-02-12,23.8,3.458786573290925
2016-02-13,22.5,3.2698612562624287
2016-02-14,21.2,3.080935939233933
2016-02-15,20.7,3.0082723557614344
2016-02-16,20.5,2.9792069223724353
2016-02-17,21.0,3.0518705058449336
2016-02-18,27.3,3.967431657598414
2016-02-19,31.6,4.5923384754619
2016-02-20,33.3,4.839394659268394
2016-02-21,30.6,4.447011308516903
2016-02-22,28.8,4.185422408015909
2016-02-23,27.6,4.011029807681913
2016-02-24,25.9,3.763973623875418
2016-02-25,24.4,3.545982873457923
2016-02-26,23.1,3.357057556429427
2016-02-27,21.8,3.168132239400931
2016-02-28,20.9,3.037337789150434
2016-02-29,19.3,2.804814322038439
2016-03-01,17.9,2.601356288315443
2016-03-02,17.6,2.5577581382319448
2016-03-03,26.6,3.865702640736916
2016-03-04,25.1,3.647711890319421
2016-03-05,80.0,11.626173355599747
2016-03-06,189.0,27.466834552604404
2016-03-07,197.0,28.62945188816438
2016-03-08,147.0,21.363093540914534
2016-03-09,97.1,14.111267910359192
2016-03-10,162.0,23.543001045089486
2016-03-11,156.0,22.671038043419507
2016-03-12,167.0,24.26963687981447
2016-03-13,337.0,48.97525526046393
2016-03-14,328.0,47.667310757958965
2016-03-15,193.0,28.04814322038439
2016-03-16,134.0,19.473840370629578
2016-03-17,93.6,13.602622826051704
2016-03-18,71.9,10.449023303345273
2016-03-19,58.4,8.487106549587816
2016-03-20,60.6,8.80682631686681
2016-03-21,87.2,12.672528957603724
2016-03-22,106.0,15.404679696169666
2016-03-23,92.3,13.413697509023208
2016-03-24,76.9,11.175659138070257
2016-03-25,64.6,9.388134984646795
2016-03-26,54.8,7.963928748585826
2016-03-27,46.7,6.786778696331353
2016-03-28,41.2,5.98747927813387
2016-03-29,36.8,5.3480397435758835
2016-03-30,33.1,4.8103292258793955
2016-03-31,30.1,4.374347725044405
2016-04-01,27.7,4.025562524376412
2016-04-02,25.6,3.7203754737919192
2016-04-03,23.9,3.473319289985424
2016-04-04,22.2,3.2262631061789295
2016-04-05,20.7,3.0082723557614344
2016-04-06,19.2,2.790281605343939
2016-04-07,17.9,2.601356288315443
2016-04-08,17.0,2.4705618380649463
2016-04-09,16.2,2.354300104508949
2016-04-10,15.5,2.252571087647451
2016-04-11,14.8,2.1508420707859535
2016-04-12,14.1,2.0491130539244553
2016-04-13,13.8,2.0055149038409565
2016-04-14,14.7,2.1363093540914533
2016-04-15,12.8,1.8601877368959596
2016-04-16,11.9,1.7293932866454624
2016-04-17,11.4,1.656729703172964
2016-04-18,10.8,1.569533403005966
2016-04-19,10.4,1.5114025362279673
2016-04-20,10.1,1.467804386144468
2016-04-21,9.93,1.4430987677638185
2016-04-22,17.0,2.4705618380649463
2016-04-23,13.8,2.0055149038409565
2016-04-24,12.3,1.7875241534234612
2016-04-25,11.4,1.656729703172964
2016-04-26,10.4,1.5114025362279673
2016-04-27,10.5,1.5259352529224668
2016-04-28,9.81,1.425659507730419
2016-04-29,9.44,1.37188845596077
2016-04-30,9.06,1.3166641325216715
2016-05-01,8.78,1.2759725257770722
2016-05-02,8.41,1.2222014740074234
2016-05-03,8.13,1.1815098672628244
2016-05-04,8.01,1.1640706072294247
2016-05-05,8.1,1.1771500522544744
2016-05-06,7.64,1.1102995554597759
2016-05-07,7.3,1.060888318698477
2016-05-08,7.21,1.0478088736734272
2016-05-09,6.82,0.9911312785648785
2016-05-10,6.48,0.9417200418035796
2016-05-11,6.23,0.9053882500673304
2016-05-12,6.0,0.8719630016699811
2016-05-13,5.93,0.8617900999838312
2016-05-14,5.88,0.8545237416365814
2016-05-15,5.82,0.8458041116198817
2016-05-16,5.55,0.8065657765447324
2016-05-17,5.34,0.776047071486283
2016-05-18,5.17,0.7513414531056336
2016-05-19,5.15,0.7484349097667338
2016-05-20,5.16,0.7498881814361837
2016-05-21,5.61,0.8152854065614323
2016-05-22,5.26,0.7644208981306834
2016-05-23,5.08,0.738262008080584
2016-05-24,4.98,0.7237292913860843
2016-05-25,4.85,0.7048367596832346
2016-05-26,4.69,0.6815844129720352
2016-05-27,4.52,0.6568787945913857
2016-05-28,4.35,0.6321731762107362
2016-05-29,4.3,0.6249068178634863
2016-05-30,4.15,0.603107742821737
2016-05-31,4.02,0.5842152111188872
2016-06-01,3.94,0.5725890377632875
2016-06-02,3.78,0.549336691052088
2016-06-03,3.63,0.5275376160103386
2016-06-04,3.61,0.5246310726714386
2016-06-05,3.49,0.507191812638039
2016-06-06,3.45,0.5013787259602391
2016-06-07,3.37,0.48975255260463935
2016-06-08,3.4,0.4941123676129892
2016-06-09,3.45,0.5013787259602391
2016-06-10,3.33,0.4839394659268395
2016-06-11,3.29,0.4781263792490396
2016-06-12,3.17,0.46068711921564
2016-06-13,3.16,0.45923384754619
2016-06-14,3.19,0.46359366255453993
2016-06-15,3.24,0.4708600209017898
2016-06-16,3.47,0.5042852692991391
2016-06-17,4.11,0.5972946561439371
2016-06-18,3.45,0.5013787259602391
2016-06-19,3.15,0.45778057587674004
2016-06-20,3.0,0.43598150083499054
2016-06-21,2.91,0.42290205580994084
2016-06-22,2.81,0.4083693391154411
2016-06-23,2.73,0.39674316575984137
2016-06-24,2.7,0.3923833507514915
2016-06-25,2.65,0.38511699240424163
2016-06-26,2.53,0.36767773237084195
2016-06-27,2.41,0.3502384723374424
2016-06-28,2.34,0.34006557065129256
2016-06-29,2.27,0.3298926689651428
2016-06-30,2.23,0.32407958228734296
2016-07-01,2.1,0.30518705058449336
2016-07-02,2.06,0.2993739639066935
2016-07-03,1.98,0.28774779055109373
2016-07-04,1.96,0.2848412472121938
2016-07-05,1.9,0.276121617195494
2016-07-06,1.88,0.27321507385659405
2016-07-07,1.87,0.27176180218714413
2016-07-08,1.86,0.27030853051769416
2016-07-09,1.92,0.27902816053439394
2016-07-10,1.98,0.28774779055109373
2016-07-11,1.95,0.2833879755427438
2016-07-12,1.89,0.274668345526044
2016-07-13,1.76,0.2557758138231944
2016-07-14,1.62,0.2354300104508949
2016-07-15,1.52,0.2208972937563952
2016-07-16,1.49,0.2165374787480453
2016-07-17,1.46,0.21217766373969538
2016-07-18,1.46,0.21217766373969538
2016-07-19,1.49,0.2165374787480453
2016-07-20,1.48,0.21508420707859532
2016-07-21,1.43,0.20781784873134548
2016-07-22,1.41,0.20491130539244554
2016-07-23,1.35,0.19619167537574575
2016-07-24,1.3,0.1889253170284959
2016-07-25,1.24,0.18020568701179607
2016-07-26,1.16,0.16857951365619633
2016-07-27,1.1,0.15985988363949655
2016-07-28,1.05,0.15259352529224668
2016-07-29,1.02,0.14823371028389679
2016-07-30,0.99,0.14387389527554686
2016-07-31,0.98,0.1424206236060969
2016-08-01,0.98,0.1424206236060969
2016-08-02,0.96,0.13951408026719697
2016-08-03,0.94,0.13660753692829702
2016-08-04,0.95,0.138060808597747
2016-08-05,0.96,0.13951408026719697
2016-08-06,0.98,0.1424206236060969
2016-08-07,0.98,0.1424206236060969
2016-08-08,0.98,0.1424206236060969
2016-08-09,0.99,0.14387389527554686
2016-08-10,0.97,0.14096735193664692
2016-08-11,0.88,0.1278879069115972
2016-08-12,0.86,0.12498136357269728
2016-08-13,0.86,0.12498136357269728
2016-08-14,0.84,0.12207482023379734
2016-08-15,0.84,0.12207482023379734
2016-08-16,0.85,0.1235280919032473
2016-08-17,0.86,0.12498136357269728
2016-08-18,0.86,0.12498136357269728
2016-08-19,0.84,0.12207482023379734
2016-08-20,0.82,0.1191682768948974
2016-08-21,0.81,0.11771500522544745
2016-08-22,0.79,0.1148084618865475
2016-08-23,0.76,0.1104486468781976
2016-08-24,0.74,0.10754210353929766
2016-08-25,0.75,0.10899537520874764
2016-08-26,0.76,0.1104486468781976
2016-08-27,0.77,0.11190191854764757
2016-08-28,0.79,0.1148084618865475
2016-08-29,0.81,0.11771500522544745
2016-08-30,0.83,0.12062154856434737
2016-08-31,0.8,0.11626173355599748
2016-09-01,0.69,0.10027574519204781
2016-09-02,0.56,0.08138321348919823
2016-09-03,0.51,0.07411685514194839
2016-09-04,0.5,0.07266358347249842
2016-09-05,0.49,0.07121031180304845
2016-09-06,0.48,0.06975704013359849
2016-09-07,0.48,0.06975704013359849
2016-09-08,0.48,0.06975704013359849
2016-09-09,0.48,0.06975704013359849
2016-09-10,0.46,0.06685049679469855
2016-09-11,0.44,0.0639439534557986
2016-09-12,0.45,0.06539722512524858
2016-09-13,0.48,0.06975704013359849
2016-09-14,0.54,0.0784766701502983
2016-09-15,0.57,0.0828364851586482
2016-09-16,0.62,0.09010284350589803
2016-09-17,0.61,0.08864957183644807
2016-09-18,0.6,0.0871963001669981
2016-09-19,0.59,0.08574302849754813
2016-09-20,0.6,0.0871963001669981
2016-09-21,0.58,0.08428975682809817
2016-09-22,0.64,0.09300938684479798
2016-09-23,0.67,0.09736920185314789
2016-09-24,0.69,0.10027574519204781
2016-09-25,0.69,0.10027574519204781
2016-09-26,0.66,0.09591593018369791
2016-09-27,0.65,0.09446265851424795
2016-09-28,0.7,0.10172901686149778
2016-09-29,0.72,0.10463556020039771
2016-09-30,0.77,0.11190191854764757
2016-10-01,0.83,0.12062154856434737
2016-10-02,1.33,0.1932851320368458
2016-10-03,1.3,0.1889253170284959
2016-10-04,1.54,0.22380383709529514
2016-10-05,1.35,0.19619167537574575
2016-10-06,1.18,0.17148605699509625
2016-10-07,1.14,0.1656729703172964
2016-10-08,1.11,0.1613131553089465
2016-10-09,1.06,0.15404679696169665
2016-10-10,1.04,0.1511402536227967
2016-10-11,1.03,0.14968698195334676
2016-10-12,1.03,0.14968698195334676
2016-10-13,1.21,0.17584587200344617
2016-10-14,12.3,1.7875241534234612
2016-10-15,7.54,1.0957668387652761
2016-10-16,13.3,1.932851320368458
2016-10-17,16.8,2.441496404675947
2016-10-18,8.5,1.2352809190324732
2016-10-19,5.76,0.8370844816031817
2016-10-20,4.36,0.6336264478801863
2016-10-21,3.55,0.5159114426547388
2016-10-22,3.01,0.43743477250444046
2016-10-23,2.63,0.3822104490653417
2016-10-24,11.9,1.7293932866454624
2016-10-25,14.5,2.1072439207024543
2016-10-26,11.4,1.656729703172964
2016-10-27,32.4,4.708600209017898
2016-10-28,28.9,4.199955124710408
2016-10-29,25.7,3.7349081904864185
2016-10-30,74.9,10.885004804180264
2016-10-31,80.0,11.626173355599747
2016-11-01,86.5,12.570799940742226
2016-11-02,59.2,8.603368283143814
2016-11-03,40.7,5.914815694661372
2016-11-04,31.1,4.519674891989402
2016-11-05,26.4,3.8366372073479162
2016-11-06,29.0,4.2144878414049085
2016-11-07,24.3,3.531450156763423
2016-11-08,21.5,3.124534089317432
2016-11-09,19.3,2.804814322038439
2016-11-10,17.5,2.5432254215374446
2016-11-11,16.0,2.3252346711199494
2016-11-12,16.8,2.441496404675947
2016-11-13,14.4,2.0927112040079545
2016-11-14,13.4,1.9473840370629576
2016-11-15,14.4,2.0927112040079545
2016-11-16,13.6,1.9764494704519568
2016-11-17,12.9,1.8747204535904594
2016-11-18,12.4,1.802056870117961
2016-11-19,22.4,3.255328539567929
2016-11-20,37.9,5.50789962721538
2016-11-21,39.6,5.754955811021875
2016-11-22,35.5,5.159114426547387
2016-11-23,35.7,5.188179859936388
2016-11-24,32.4,4.708600209017898
2016-11-25,31.9,4.635936625545399
2016-11-26,56.5,8.210984932392321
2016-11-27,94.6,13.7479499929967
2016-11-28,76.5,11.117528271292258
2016-11-29,59.9,8.70509730000531
2016-11-30,49.3,7.164629330388344
2016-12-01,41.2,5.98747927813387
2016-12-02,35.1,5.100983559769389
2016-12-03,30.7,4.461544025211403
2016-12-04,27.2,3.9528989409039137
2016-12-05,24.7,3.5895810235414216
2016-12-06,22.5,3.2698612562624287
2016-12-07,21.5,3.124534089317432
2016-12-08,29.1,4.229020558099408
2016-12-09,41.1,5.97294656143937
2016-12-10,263.0,38.22104490653417
2016-12-11,164.0,23.833655378979483
2016-12-12,99.0,14.387389527554687
2016-12-13,69.1,10.04210723589928
2016-12-14,86.5,12.570799940742226
2016-12-15,361.0,52.46310726714386
2016-12-16,218.0,31.68132239400931
2016-12-17,148.0,21.508420707859532
2016-12-18,95.4,13.8642117265527
2016-12-19,70.2,10.201967119538779
2016-12-20,56.1,8.152854065614322
2016-12-21,46.2,6.714115112858854
2016-12-22,39.6,5.754955811021875
2016-12-23,46.9,6.815844129720351
2016-12-24,45.4,6.597853379302856
2016-12-25,41.3,6.0020119948283694
2016-12-26,37.6,5.464301477131881
2016-12-27,34.0,4.941123676129893
2016-12-28,31.1,4.519674891989402
2016-12-29,28.5,4.14182425793241
2016-12-30,26.4,3.8366372073479162
2016-12-31,24.4,3.545982873457923
2017-01-01,22.8,3.313459406345928
2017-01-02,22.1,3.2117303894844302
2017-01-03,33.7,4.897525526046394
2017-01-04,79.7,11.582575205516248
2017-01-05,62.7,9.112013367451302
2017-01-06,52.6,7.644208981306834
2017-01-07,61.1,8.879489900339307
2017-01-08,202.0,29.356087722889363
2017-01-09,231.0,33.570575564294266
2017-01-10,592.0,86.03368283143813
2017-01-11,376.0,54.64301477131881
2017-01-12,207.0,30.082723557614347
2017-01-13,162.0,23.543001045089486
2017-01-14,118.0,17.148605699509627
2017-01-15,91.1,13.239304908689212
2017-01-16,74.4,10.812341220707765
2017-01-17,62.8,9.1265460841458
2017-01-18,75.5,10.972201104347262
2017-01-19,140.0,20.345803372299557
2017-01-20,192.0,27.902816053439395
2017-01-21,217.0,31.535995227064316
2017-01-22,209.0,30.37337789150434
2017-01-23,180.0,26.15889005009943
2017-01-24,141.0,20.491130539244555
2017-01-25,108.0,15.695334030059659
2017-01-26,86.5,12.570799940742226
2017-01-27,73.8,10.725144920540766
2017-01-28,63.9,9.286405967785297
2017-01-29,56.9,8.26911579917032
2017-01-30,52.3,7.600610831223334
2017-01-31,47.8,6.946638579970848
2017-02-01,43.5,6.321731762107363
2017-02-02,42.1,6.118273728384367
2017-02-03,126.0,18.311223035069602
2017-02-04,196.0,28.48412472121938
2017-02-05,180.0,26.15889005009943
2017-02-06,207.0,30.082723557614347
2017-02-07,507.0,73.6808736411134
2017-02-08,251.0,36.4771189031942
2017-02-09,336.0,48.82992809351894
2017-02-10,265.0,38.511699240424164
2017-02-11,182.0,26.449544383989423
2017-02-12,136.0,19.76449470451957
2017-02-13,98.5,14.31472594408219
2017-02-14,80.7,11.727902372461246
2017-02-15,65.1,9.460798568119293
2017-02-16,116.0,16.857951365619634
2017-02-17,119.0,17.293932866454625
2017-02-18,110.0,15.985988363949652
2017-02-19,107.0,15.550006863114662
2017-02-20,172.0,24.996272714539455
2017-02-21,255.0,37.058427570974196
2017-02-22,191.0,27.757488886494396
2017-02-23,145.0,21.07243920702454
2017-02-24,105.0,15.259352529224667
2017-02-25,79.5,11.55350977212725
2017-02-26,66.4,9.649723885147791
2017-02-27,56.4,8.196452215697821
2017-02-28,47.9,6.9611712966653485
2017-03-01,41.9,6.089208294995367
2017-03-02,37.1,5.391637893659383
2017-03-03,32.5,4.723132925712397
2017-03-04,32.6,4.737665642406897
2017-03-05,40.6,5.900282977966872
2017-03-06,40.2,5.842152111188874
2017-03-07,47.5,6.90304042988735
2017-03-08,53.9,7.833134298335329
2017-03-09,54.4,7.905797881807827
2017-03-10,53.1,7.716872564779332
2017-03-11,49.3,7.164629330388344
2017-03-12,43.9,6.379862628885361
2017-03-13,39.5,5.740423094327375
2017-03-14,35.4,5.144581709852888
2017-03-15,32.8,4.766731075795896
2017-03-16,30.4,4.417945875127904
2017-03-17,28.3,4.112758824543411
2017-03-18,27.0,3.9238335075149147
2017-03-19,25.3,3.67677732370842
2017-03-20,25.6,3.7203754737919192
2017-03-21,36.2,5.260843443408886
2017-03-22,47.4,6.88850771319285
2017-03-23,45.5,6.612386095997356
2017-03-24,80.2,11.655238788988747
2017-03-25,83.0,12.062154856434738
2017-03-26,70.4,10.231032552927779
2017-03-27,61.1,8.879489900339307
2017-03-28,53.2,7.731405281473832
2017-03-29,47.0,6.830376846414851
2017-03-30,42.9,6.234535461940364
2017-03-31,38.2,5.55149777729888
2017-04-01,34.1,4.955656392824392
2017-04-02,31.0,4.505142175294902
2017-04-03,28.6,4.15635697462691
2017-04-04,26.4,3.8366372073479162
2017-04-05,24.4,3.545982873457923
2017-04-06,25.9,3.763973623875418
2017-04-07,31.4,4.5632730420729
2017-04-08,37.6,5.464301477131881
2017-04-09,38.7,5.624161360771378
2017-04-10,40.5,5.8857502612723716
2017-04-11,39.5,5.740423094327375
2017-04-12,49.7,7.222760197166343
2017-04-13,74.8,10.870472087485764
2017-04-14,69.4,10.08570538598278
2017-04-15,60.3,8.763228166783309
2017-04-16,53.2,7.731405281473832
2017-04-17,48.4,7.033834880137847
2017-04-18,66.6,9.678789318536788
2017-04-19,64.2,9.330004117868798
2017-04-20,61.1,8.879489900339307
2017-04-21,55.7,8.094723198836324
2017-04-22,51.4,7.469816380972837
2017-04-23,45.2,6.568787945913858
2017-04-24,43.2,6.278133612023864
2017-04-25,38.6,5.609628644076878
2017-04-26,35.9,5.217245293325386
2017-04-27,33.4,4.853927375962894
2017-04-28,31.2,4.534207608683901
2017-04-29,29.1,4.229020558099408
2017-04-30,27.1,3.9383662242094144
2017-05-01,25.4,3.6913100404029193
2017-05-02,24.0,3.4878520066799243
2017-05-03,22.5,3.2698612562624287
2017-05-04,21.2,3.080935939233933
2017-05-05,20.2,2.935608772288936
2017-05-06,19.2,2.790281605343939
2017-05-07,18.0,2.6158890050099433
2017-05-08,17.1,2.485094554759446
2017-05-09,16.2,2.354300104508949
2017-05-10,15.6,2.2671038043419505
2017-05-11,15.3,2.2235056542584517
2017-05-12,14.6,2.121776637396954
2017-05-13,14.0,2.0345803372299556
2017-05-14,13.4,1.9473840370629576
2017-05-15,12.9,1.8747204535904594
2017-05-16,12.6,1.8311223035069601
2017-05-17,12.1,1.7584587200344617
2017-05-18,11.4,1.656729703172964
2017-05-19,10.9,1.5840661197004655
2017-05-20,10.4,1.5114025362279673
2017-05-21,10.0,1.4532716694499683
2017-05-22,9.65,1.4024071610192195
2017-05-23,9.28,1.3486361092495707
2017-05-24,8.99,1.3064912308355217
2017-05-25,8.81,1.2803323407854221
2017-05-26,8.5,1.2352809190324732
2017-05-27,8.3,1.206215485643474
2017-05-28,8.06,1.1713369655766745
2017-05-29,7.82,1.1364584455098754
2017-05-30,7.57,1.100126653773626
2017-05-31,7.35,1.0681546770457266
2017-06-01,7.22,1.0492621453428772
2017-06-02,6.97,1.0129303536066279
2017-06-03,6.72,0.9765985618703787
2017-06-04,6.56,0.9533462151591792
2017-06-05,6.38,0.9271873251090799
2017-06-06,6.17,0.8966686200506305
2017-06-07,6.03,0.876322816678331
2017-06-08,7.15,1.0390892436567274
2017-06-09,6.18,0.8981218917200804
2017-06-10,5.99,0.8705097300005311
2017-06-11,5.82,0.8458041116198817
2017-06-12,5.63,0.8181919499003322
2017-06-13,5.4,0.784766701502983
2017-06-14,5.2,0.7557012681139836
2017-06-15,5.05,0.733902193072234
2017-06-16,4.9,0.7121031180304845
2017-06-17,4.74,0.6888507713192851
2017-06-18,4.59,0.6670516962775355
2017-06-19,4.42,0.642346077896886
2017-06-20,4.22,0.6132806445078867
2017-06-21,4.12,0.598747927813387
2017-06-22,3.94,0.5725890377632875
2017-06-23,3.81,0.553696506060438
2017-06-24,3.68,0.5348039743575884
2017-06-25,3.6,0.5231778010019886
2017-06-26,3.58,0.5202712576630887
2017-06-27,3.56,0.5173647143241887
2017-06-28,3.44,0.4999254542907891
2017-06-29,3.29,0.4781263792490396
2017-06-30,3.25,0.4723132925712397
2017-07-01,3.16,0.45923384754619
2017-07-02,3.12,0.45342076086839017
2017-07-03,3.05,0.44324785918224036
2017-07-04,2.97,0.4316216858266406
2017-07-05,2.89,0.4199955124710409
2017-07-06,2.81,0.4083693391154411
2017-07-07,2.74,0.3981964374292914
2017-07-08,2.69,0.39093007908204147
2017-07-09,2.63,0.3822104490653417
2017-07-10,2.55,0.3705842757097419
2017-07-11,2.51,0.36477118903194206
2017-07-12,2.49,0.36186464569304216
2017-07-13,2.39,0.3473319289985425
2017-07-14,2.37,0.34442538565964254
2017-07-15,2.29,0.33279921230404275
2017-07-16,2.25,0.3269861256262429
2017-07-17,2.19,0.31826649560954307
2017-07-18,2.17,0.3153599522706431
2017-07-19,2.14,0.31100013726229325
2017-07-20,2.13,0.3095468655928432
2017-07-21,2.09,0.3037337789150434
2017-07-22,2.06,0.2993739639066935
2017-07-23,2.0,0.2906543338899937
2017-07-24,1.94,0.28193470387329383
2017-07-25,1.89,0.274668345526044
2017-07-26,1.87,0.27176180218714413
2017-07-27,1.86,0.27030853051769416
2017-07-28,1.82,0.26449544383989426
2017-07-29,1.75,0.25432254215374445
2017-07-30,1.7,0.2470561838064946
2017-07-31,1.65,0.23978982545924477
2017-08-01,1.6,0.23252346711199495
2017-08-02,1.55,0.2252571087647451
2017-08-03,1.47,0.21363093540914535
2017-08-04,1.46,0.21217766373969538
2017-08-05,1.42,0.2063645770618955
2017-08-06,1.37,0.1990982187146457
2017-08-07,1.36,0.19764494704519572
2017-08-08,1.35,0.19619167537574575
2017-08-09,1.31,0.19037858869794586
2017-08-10,1.29,0.18747204535904594
2017-08-11,1.28,0.18601877368959596
2017-08-12,1.25,0.18165895868124604
2017-08-13,1.22,0.17729914367289615
2017-08-14,1.24,0.18020568701179607
2017-08-15,1.22,0.17729914367289615
2017-08-16,1.21,0.17584587200344617
2017-08-17,1.2,0.1743926003339962
2017-08-18,1.16,0.16857951365619633
2017-08-19,1.11,0.1613131553089465
2017-08-20,1.07,0.15550006863114663
2017-08-21,1.09,0.15840661197004657
2017-08-22,1.13,0.1642196986478464
2017-08-23,1.07,0.15550006863114663
2017-08-24,1.03,0.14968698195334676
2017-08-25,1.04,0.1511402536227967
2017-08-26,1.01,0.1467804386144468
2017-08-27,0.96,0.13951408026719697
2017-08-28,0.94,0.13660753692829702
2017-08-29,0.93,0.13515426525884708
2017-08-30,0.9,0.13079445025049716
2017-08-31,0.88,0.1278879069115972
2017-09-01,0.84,0.12207482023379734
2017-09-02,0.78,0.11335519021709754
2017-09-03,0.74,0.10754210353929766
2017-09-04,0.71,0.10318228853094775
2017-09-05,0.76,0.1104486468781976
2017-09-06,0.91,0.13224772191994713
2017-09-07,1.03,0.14968698195334676
2017-09-08,1.18,0.17148605699509625
2017-09-09,1.17,0.17003278532564628
2017-09-10,1.07,0.15550006863114663
2017-09-11,0.97,0.14096735193664692
2017-09-12,0.96,0.13951408026719697
2017-09-13,0.93,0.13515426525884708
2017-09-14,0.92,0.1337009935893971
2017-09-15,0.88,0.1278879069115972
2017-09-16,0.91,0.13224772191994713
2017-09-17,0.91,0.13224772191994713
2017-09-18,0.99,0.14387389527554686
2017-09-19,1.1,0.15985988363949655
2017-09-20,1.11,0.1613131553089465
2017-09-21,1.02,0.14823371028389679
2017-09-22,1.0,0.14532716694499684
2017-09-23,0.96,0.13951408026719697
2017-09-24,0.93,0.13515426525884708
2017-09-25,0.87,0.12643463524214724
2017-09-26,0.79,0.1148084618865475
2017-09-27,0.75,0.10899537520874764
2017-09-28,0.71,0.10318228853094775
2017-09-29,0.69,0.10027574519204781
2017-09-30,0.67,0.09736920185314789
2017-10-01,0.66,0.09591593018369791
2017-10-02,0.67,0.09736920185314789
2017-10-03,0.68,0.09882247352259786
2017-10-04,0.66,0.09591593018369791
2017-10-05,0.64,0.09300938684479798
2017-10-06,0.62,0.09010284350589803
2017-10-07,0.62,0.09010284350589803
2017-10-08,0.61,0.08864957183644807
2017-10-09,0.63,0.09155611517534801
2017-10-10,0.64,0.09300938684479798
2017-10-11,0.66,0.09591593018369791
2017-10-12,0.71,0.10318228853094775
2017-10-13,0.73,0.10608883186984769
2017-10-14,0.75,0.10899537520874764
2017-10-15,0.77,0.11190191854764757
2017-10-16,0.76,0.1104486468781976
2017-10-17,0.74,0.10754210353929766
2017-10-18,0.72,0.10463556020039771
2017-10-19,1.08,0.1569533403005966
2017-10-20,1.76,0.2557758138231944
2017-10-21,1.39,0.2020047620535456
2017-10-22,1.45,0.2107243920702454
2017-10-23,1.33,0.1932851320368458
2017-10-24,1.24,0.18020568701179607
2017-10-25,1.18,0.17148605699509625
2017-10-26,1.16,0.16857951365619633
2017-10-27,1.16,0.16857951365619633
2017-10-28,1.18,0.17148605699509625
2017-10-29,1.2,0.1743926003339962
2017-10-30,1.24,0.18020568701179607
2017-10-31,1.3,0.1889253170284959
2017-11-01,1.35,0.19619167537574575
2017-11-02,1.49,0.2165374787480453
2017-11-03,3.19,0.46359366255453993
2017-11-04,3.37,0.48975255260463935
2017-11-05,2.77,0.40255625243764126
2017-11-06,2.31,0.3357057556429427
2017-11-07,2.1,0.30518705058449336
2017-11-08,3.87,0.5624161360771378
2017-11-09,12.3,1.7875241534234612
2017-11-10,8.44,1.2265612890157733
2017-11-11,4.15,0.603107742821737
2017-11-12,2.15,0.31245340893174317
2017-11-13,5.37,0.7804068864946331
2017-11-14,5.19,0.7542479964445337
2017-11-15,9.81,1.425659507730419
2017-11-16,30.0,4.359815008349905
2017-11-17,17.4,2.528692704842945
2017-11-18,10.6,1.5404679696169665
2017-11-19,7.08,1.0289163419705776
2017-11-20,58.4,8.487106549587816
2017-11-21,45.6,6.626918812691856
2017-11-22,25.1,3.647711890319421
2017-11-23,17.9,2.601356288315443
2017-11-24,14.8,2.1508420707859535
2017-11-25,12.1,1.7584587200344617
2017-11-26,31.0,4.505142175294902
2017-11-27,47.0,6.830376846414851
2017-11-28,34.8,5.05738540968589
2017-11-29,26.4,3.8366372073479162
2017-11-30,21.2,3.080935939233933
2017-12-01,17.6,2.5577581382319448
2017-12-02,15.3,2.2235056542584517
2017-12-03,14.3,2.078178487313455
2017-12-04,12.3,1.7875241534234612
2017-12-05,10.9,1.5840661197004655
2017-12-06,9.88,1.4358324094165689
2017-12-07,9.03,1.3123043175133213
2017-12-08,8.36,1.2149351156601735
2017-12-09,7.82,1.1364584455098754
2017-12-10,7.35,1.0681546770457266
2017-12-11,6.93,1.007117266928828
2017-12-12,6.55,0.9518929434897293
2017-12-13,6.22,0.9039349783978803
2017-12-14,5.97,0.867603186661631
2017-12-15,5.73,0.8327246665948319
2017-12-16,5.51,0.8007526898669326
2017-12-17,5.31,0.7716872564779331
2017-12-18,5.09,0.7397152797500339
2017-12-19,5.11,0.7426218230889339
2017-12-20,5.64,0.8196452215697821
2017-12-21,4.89,0.7106498463610345
2017-12-22,4.69,0.6815844129720352
2017-12-23,4.49,0.6525189795830358
2017-12-24,4.31,0.6263600895329363
2017-12-25,4.13,0.6002011994828369
2017-12-26,4.04,0.5871217544577872
2017-12-27,3.94,0.5725890377632875
2017-12-28,3.84,0.5580563210687879
2017-12-29,3.77,0.5478834193826381
2017-12-30,3.61,0.5246310726714386
2017-12-31,3.5,0.5086450843074889
2018-01-01,3.42,0.49701891095188916
2018-01-02,3.29,0.4781263792490396
2018-01-03,3.19,0.46359366255453993
2018-01-04,3.1,0.4505142175294902
2018-01-05,6.04,0.8777760883477809
2018-01-06,4.69,0.6815844129720352
2018-01-07,4.15,0.603107742821737
2018-01-08,12.7,1.8456550202014597
2018-01-09,24.4,3.545982873457923
2018-01-10,18.1,2.630421721704443
2018-01-11,15.2,2.208972937563952
2018-01-12,14.5,2.1072439207024543
2018-01-13,13.3,1.932851320368458
2018-01-14,12.2,1.7729914367289614
2018-01-15,11.4,1.656729703172964
2018-01-16,13.8,2.0055149038409565
2018-01-17,12.2,1.7729914367289614
2018-01-18,20.8,3.0228050724559345
2018-01-19,32.3,4.694067492323398
2018-01-20,29.5,4.287151424877407
2018-01-21,47.2,6.859442279803851
2018-01-22,118.0,17.148605699509627
2018-01-23,70.5,10.245565269622277
2018-01-24,64.8,9.417200418035796
2018-01-25,76.8,11.161126421375757
2018-01-26,73.8,10.725144920540766
2018-01-27,61.6,8.952153483811806
2018-01-28,51.1,7.426218230889338
2018-01-29,43.1,6.263600895329364
2018-01-30,37.1,5.391637893659383
2018-01-31,32.1,4.665002058934399
2018-02-01,27.4,3.981964374292913
2018-02-02,24.2,3.5169174400689234
2018-02-03,21.5,3.124534089317432
2018-02-04,19.3,2.804814322038439
2018-02-05,17.4,2.528692704842945
2018-02-06,15.9,2.3107019544254497
2018-02-07,14.8,2.1508420707859535
2018-02-08,13.7,1.9909821871464566
2018-02-09,12.9,1.8747204535904594
2018-02-10,12.3,1.7875241534234612
2018-02-11,12.0,1.7439260033399622
2018-02-12,11.3,1.6421969864784645
2018-02-13,10.8,1.569533403005966
2018-02-14,10.2,1.4823371028389676
2018-02-15,9.85,1.4314725944082187
2018-02-16,9.38,1.3631688259440704
2018-02-17,8.93,1.2977716008188218
2018-02-18,8.98,1.3050379591660717
2018-02-19,8.61,1.2512669073964227
2018-02-20,8.26,1.2004023989656738
2018-02-21,7.98,1.1597107922210748
2018-02-22,7.88,1.145178075526575
2018-02-23,7.45,1.0826873937402264
2018-02-24,7.31,1.0623415903679267
2018-02-25,7.14,1.0376359719872774
2018-02-26,8.29,1.2047622139740237
2018-02-27,7.05,1.0245565269622277
2018-02-28,7.56,1.098673382104176
2018-03-01,32.6,4.737665642406897
2018-03-02,30.8,4.476076741905903
2018-03-03,27.6,4.011029807681913
2018-03-04,26.6,3.865702640736916
2018-03-05,26.2,3.807571773958917
2018-03-06,26.3,3.822104490653417
2018-03-07,29.5,4.287151424877407
2018-03-08,43.6,6.336264478801862
2018-03-09,43.4,6.307199045412863
2018-03-10,40.0,5.813086677799873
2018-03-11,35.8,5.202712576630886
2018-03-12,31.8,4.621403908850899
2018-03-13,40.3,5.856684827883372
2018-03-14,42.0,6.103741011689867
2018-03-15,52.0,7.5570126811398355
2018-03-16,67.7,9.838649202176287
2018-03-17,64.3,9.344536834563296
2018-03-18,55.3,8.036592332058325
2018-03-19,47.6,6.91757314658185
2018-03-20,42.3,6.147339161773366
2018-03-21,44.3,6.43799349566336
2018-03-22,55.3,8.036592332058325
2018-03-23,58.3,8.472573832893316
2018-03-24,65.3,9.489864001508293
2018-03-25,63.9,9.286405967785297
2018-03-26,60.2,8.74869545008881
2018-03-27,54.6,7.934863315196828
2018-03-28,49.6,7.208227480471844
2018-03-29,44.1,6.408928062274361
2018-03-30,39.3,5.711357660938376
2018-03-31,34.7,5.04285269299139
2018-04-01,30.9,4.490609458600402
2018-04-02,28.0,4.069160674459911
2018-04-03,25.6,3.7203754737919192
2018-04-04,23.4,3.400655706512926
2018-04-05,23.6,3.4297211399019254
2018-04-06,107.0,15.550006863114662
2018-04-07,199.0,28.920106222054372
2018-04-08,145.0,21.07243920702454
2018-04-09,98.6,14.329258660776688
2018-04-10,73.6,10.696079487151767
2018-04-11,63.0,9.155611517534801
2018-04-12,57.7,8.385377532726318
2018-04-13,51.5,7.484349097667337
2018-04-14,45.9,6.670516962775355
2018-04-15,43.9,6.379862628885361
2018-04-16,41.0,5.958413844744871
2018-04-17,37.7,5.478834193826382
2018-04-18,35.1,5.100983559769389
2018-04-19,32.5,4.723132925712397
2018-04-20,30.0,4.359815008349905
2018-04-21,27.5,3.996497090987413
2018-04-22,25.4,3.6913100404029193
2018-04-23,23.6,3.4297211399019254
2018-04-24,22.0,3.1971976727899305
2018-04-25,20.5,2.9792069223724353
2018-04-26,19.2,2.790281605343939
2018-04-27,18.2,2.6449544383989423
2018-04-28,18.6,2.7030853051769412
2018-04-29,16.9,2.456029121370446
2018-04-30,15.8,2.29616923773095
2018-05-01,14.8,2.1508420707859535
2018-05-02,13.9,2.0200476205354563
2018-05-03,13.1,1.9037858869794586
2018-05-04,12.4,1.802056870117961
2018-05-05,11.9,1.7293932866454624
2018-05-06,11.4,1.656729703172964
2018-05-07,10.8,1.569533403005966
2018-05-08,10.3,1.4968698195334675
2018-05-09,10.1,1.467804386144468
2018-05-10,9.63,1.3995006176803197
2018-05-11,9.16,1.331196849216171
2018-05-12,8.85,1.286145427463222
2018-05-13,8.56,1.244000549049173
2018-05-14,8.27,1.2018556706351238
2018-05-15,8.01,1.1640706072294247
2018-05-16,7.84,1.1393649888487751
2018-05-17,7.53,1.0943135670958262
2018-05-18,7.23,1.0507154170123272
2018-05-19,6.96,1.011477081937178
2018-05-20,6.75,0.9809583768787287
2018-05-21,6.55,0.9518929434897293
2018-05-22,6.4,0.9300938684479798
2018-05-23,6.22,0.9039349783978803
2018-05-24,5.99,0.8705097300005311
2018-05-25,6.22,0.9039349783978803
2018-05-26,5.91,0.8588835566449313
2018-05-27,5.55,0.8065657765447324
2018-05-28,5.34,0.776047071486283
2018-05-29,5.19,0.7542479964445337
2018-05-30,5.11,0.7426218230889339
2018-05-31,4.97,0.7222760197166342
2018-06-01,4.9,0.7121031180304845
2018-06-02,4.71,0.6844909563109352
2018-06-03,4.51,0.6554255229219357
2018-06-04,4.42,0.642346077896886
2018-06-05,4.33,0.6292666328718364
2018-06-06,4.26,0.6190937311856864
2018-06-07,4.15,0.603107742821737
2018-06-08,4.04,0.5871217544577872
2018-06-09,4.02,0.5842152111188872
2018-06-10,3.96,0.5754955811021875
2018-06-11,3.87,0.5624161360771378
2018-06-12,3.77,0.5478834193826381
2018-06-13,3.61,0.5246310726714386
2018-06-14,3.52,0.5115516276463888
2018-06-15,3.45,0.5013787259602391
2018-06-16,3.33,0.4839394659268395
2018-06-17,3.28,0.4766731075795896
2018-06-18,3.2,0.4650469342239899
2018-06-19,3.13,0.4548740325378401
2018-06-20,2.99,0.43452822916554057
2018-06-21,2.97,0.4316216858266406
2018-06-22,2.85,0.414182425793241
2018-06-23,2.83,0.41127588245434105
2018-06-24,2.7,0.3923833507514915
2018-06-25,2.7,0.3923833507514915
2018-06-26,2.65,0.38511699240424163
2018-06-27,2.59,0.3763973623875418
2018-06-28,2.54,0.369131004040292
2018-06-29,2.5,0.3633179173624921
2018-06-30,2.38,0.34587865732909245
2018-07-01,2.29,0.33279921230404275
2018-07-02,2.22,0.322626310617893
2018-07-03,2.18,0.31681322394009315
2018-07-04,2.15,0.31245340893174317
2018-07-05,2.13,0.3095468655928432
2018-07-06,2.12,0.3080935939233933
2018-07-07,2.09,0.3037337789150434
2018-07-08,2.04,0.29646742056779357
2018-07-09,1.97,0.28629451888164376
2018-07-10,1.93,0.2804814322038439
2018-07-11,1.89,0.274668345526044
2018-07-12,1.84,0.2674019871787942
2018-07-13,1.79,0.26013562883154434
2018-07-14,1.75,0.25432254215374445
2018-07-15,1.7,0.2470561838064946
2018-07-16,1.64,0.2383365537897948
2018-07-17,1.6,0.23252346711199495
2018-07-18,1.53,0.22235056542584516
2018-07-19,1.47,0.21363093540914535
2018-07-20,1.44,0.20927112040079543
2018-07-21,1.42,0.2063645770618955
2018-07-22,1.42,0.2063645770618955
2018-07-23,1.39,0.2020047620535456
2018-07-24,1.36,0.19764494704519572
2018-07-25,1.31,0.19037858869794586
2018-07-26,1.27,0.184565502020146
2018-07-27,1.22,0.17729914367289615
2018-07-28,1.21,0.17584587200344617
2018-07-29,1.16,0.16857951365619633
2018-07-30,1.13,0.1642196986478464
2018-07-31,1.1,0.15985988363949655
2018-08-01,1.06,0.15404679696169665
2018-08-02,1.06,0.15404679696169665
2018-08-03,1.04,0.1511402536227967
2018-08-04,1.01,0.1467804386144468
2018-08-05,1.0,0.14532716694499684
2018-08-06,0.98,0.1424206236060969
2018-08-07,0.96,0.13951408026719697
2018-08-08,0.94,0.13660753692829702
2018-08-09,0.92,0.1337009935893971
2018-08-10,0.85,0.1235280919032473
2018-08-11,0.82,0.1191682768948974
2018-08-12,0.83,0.12062154856434737
2018-08-13,0.81,0.11771500522544745
2018-08-14,0.8,0.11626173355599748
2018-08-15,0.81,0.11771500522544745
2018-08-16,0.82,0.1191682768948974
2018-08-17,0.79,0.1148084618865475
2018-08-18,0.75,0.10899537520874764
2018-08-19,0.72,0.10463556020039771
2018-08-20,0.71,0.10318228853094775
2018-08-21,0.7,0.10172901686149778
2018-08-22,0.74,0.10754210353929766
2018-08-23,0.77,0.11190191854764757
2018-08-24,0.8,0.11626173355599748
2018-08-25,0.77,0.11190191854764757
2018-08-26,0.75,0.10899537520874764
2018-08-27,0.75,0.10899537520874764
2018-08-28,0.76,0.1104486468781976
2018-08-29,0.77,0.11190191854764757
2018-08-30,0.82,0.1191682768948974
2018-08-31,0.85,0.1235280919032473
2018-09-01,0.83,0.12062154856434737
2018-09-02,0.77,0.11190191854764757
2018-09-03,0.72,0.10463556020039771
2018-09-04,0.68,0.09882247352259786
2018-09-05,0.66,0.09591593018369791
2018-09-06,0.68,0.09882247352259786
2018-09-07,0.69,0.10027574519204781
2018-09-08,0.68,0.09882247352259786
2018-09-09,0.62,0.09010284350589803
2018-09-10,0.61,0.08864957183644807
2018-09-11,0.63,0.09155611517534801
2018-09-12,0.65,0.09446265851424795
2018-09-13,0.69,0.10027574519204781
2018-09-14,0.73,0.10608883186984769
2018-09-15,0.73,0.10608883186984769
2018-09-16,0.74,0.10754210353929766
2018-09-17,0.77,0.11190191854764757
2018-09-18,0.81,0.11771500522544745
2018-09-19,0.73,0.10608883186984769
2018-09-20,0.68,0.09882247352259786
2018-09-21,0.65,0.09446265851424795
2018-09-22,0.58,0.08428975682809817
2018-09-23,0.57,0.0828364851586482
2018-09-24,0.57,0.0828364851586482
2018-09-25,0.54,0.0784766701502983
2018-09-26,0.51,0.07411685514194839
2018-09-27,0.49,0.07121031180304845
2018-09-28,0.48,0.06975704013359849
2018-09-29,0.6,0.0871963001669981
2018-09-30,0.94,0.13660753692829702
2018-10-01,1.01,0.1467804386144468
2018-10-02,1.55,0.2252571087647451
2018-10-03,1.38,0.20055149038409562
2018-10-04,1.36,0.19764494704519572
2018-10-05,1.23,0.17875241534234612
2018-10-06,1.11,0.1613131553089465
2018-10-07,0.96,0.13951408026719697
2018-10-08,0.85,0.1235280919032473
2018-10-09,0.79,0.1148084618865475
2018-10-10,0.77,0.11190191854764757
2018-10-11,0.74,0.10754210353929766
2018-10-12,0.73,0.10608883186984769
2018-10-13,0.71,0.10318228853094775
2018-10-14,0.7,0.10172901686149778
2018-10-15,0.68,0.09882247352259786
2018-10-16,0.68,0.09882247352259786
2018-10-17,0.7,0.10172901686149778
2018-10-18,0.7,0.10172901686149778
2018-10-19,0.72,0.10463556020039771
2018-10-20,0.75,0.10899537520874764
2018-10-21,0.81,0.11771500522544745
2018-10-22,0.92,0.1337009935893971
2018-10-23,0.97,0.14096735193664692
2018-10-24,1.08,0.1569533403005966
2018-10-25,1.17,0.17003278532564628
2018-10-26,1.2,0.1743926003339962
2018-10-27,1.22,0.17729914367289615
2018-10-28,1.48,0.21508420707859532
2018-10-29,1.58,0.229616923773095
2018-10-30,1.6,0.23252346711199495
2018-10-31,1.59,0.23107019544254498
2018-11-01,1.6,0.23252346711199495
2018-11-02,1.62,0.2354300104508949
2018-11-03,1.65,0.23978982545924477
2018-11-04,1.68,0.2441496404675947
2018-11-05,1.75,0.25432254215374445
2018-11-06,1.82,0.26449544383989426
2018-11-07,1.73,0.25141599881484455
2018-11-08,1.72,0.24996272714539455
2018-11-09,1.73,0.25141599881484455
2018-11-10,1.79,0.26013562883154434
2018-11-11,1.81,0.2630421721704443
2018-11-12,1.78,0.25868235716209437
2018-11-13,1.78,0.25868235716209437
2018-11-14,1.76,0.2557758138231944
2018-11-15,1.78,0.25868235716209437
2018-11-16,1.79,0.26013562883154434
2018-11-17,1.81,0.2630421721704443
2018-11-18,1.8,0.2615889005009943
2018-11-19,1.81,0.2630421721704443
2018-11-20,1.78,0.25868235716209437
2018-11-21,3.52,0.5115516276463888
2018-11-22,5.78,0.8399910249420818
2018-11-23,24.0,3.4878520066799243
2018-11-24,13.7,1.9909821871464566
2018-11-25,5.43,0.7891265165113328
2018-11-26,3.72,0.5406170610353883
2018-11-27,12.2,1.7729914367289614
2018-11-28,11.0,1.5985988363949653
2018-11-29,21.3,3.095468655928433
2018-11-30,13.8,2.0055149038409565
2018-12-01,18.5,2.6885525884824415
2018-12-02,15.6,2.2671038043419505
2018-12-03,11.2,1.6276642697839645
2018-12-04,8.56,1.244000549049173
2018-12-05,7.02,1.0201967119538777
2018-12-06,6.04,0.8777760883477809
2018-12-07,5.25,0.7629676264612334
2018-12-08,4.67,0.6786778696331353
2018-12-09,4.56,0.6626918812691855
2018-12-10,5.51,0.8007526898669326
2018-12-11,4.61,0.6699582396164355
2018-12-12,4.42,0.642346077896886
2018-12-13,4.14,0.6016544711522869
2018-12-14,4.89,0.7106498463610345
2018-12-15,5.33,0.7745937998168332
2018-12-16,21.6,3.139066806011932
2018-12-17,26.1,3.7930390572644175
2018-12-18,33.0,4.795796509184895
2018-12-19,42.5,6.176404595162365
2018-12-20,30.3,4.403413158433405
2018-12-21,30.2,4.3888804417389045
2018-12-22,25.1,3.647711890319421
2018-12-23,21.7,3.1535995227064313
2018-12-24,50.3,7.30995649733334
2018-12-25,60.4,8.777760883477809
2018-12-26,41.2,5.98747927813387
2018-12-27,31.4,4.5632730420729
2018-12-28,25.2,3.6622446070139203
2018-12-29,21.0,3.0518705058449336
2018-12-30,17.5,2.5432254215374446
2018-12-31,15.8,2.29616923773095
2019-01-01,15.2,2.208972937563952
2019-01-02,14.6,2.121776637396954
2019-01-03,14.2,2.063645770618955
2019-01-04,13.9,2.0200476205354563
2019-01-05,16.8,2.441496404675947
2019-01-06,38.0,5.5224323439098795
2019-01-07,37.6,5.464301477131881
2019-01-08,32.6,4.737665642406897
2019-01-09,71.6,10.405425153261772
2019-01-10,93.0,13.515426525884706
2019-01-11,65.5,9.518929434897293
2019-01-12,47.7,6.93210586327635
2019-01-13,37.1,5.391637893659383
2019-01-14,31.0,4.505142175294902
2019-01-15,27.8,4.040095241070913
2019-01-16,53.1,7.716872564779332
2019-01-17,111.0,16.13131553089465
2019-01-18,96.5,14.024071610192195
2019-01-19,105.0,15.259352529224667
2019-01-20,177.0,25.72290854926444
2019-01-21,179.0,26.013562883154435
2019-01-22,125.0,18.165895868124604
2019-01-23,80.4,11.684304222377747
2019-01-24,59.5,8.646966433227313
2019-01-25,48.3,7.019302163443347
2019-01-26,40.2,5.842152111188874
2019-01-27,34.7,5.04285269299139
2019-01-28,30.5,4.432478591822403
2019-01-29,27.2,3.9528989409039137
2019-01-30,25.0,3.633179173624921
2019-01-31,23.4,3.400655706512926
2019-02-01,21.8,3.168132239400931
2019-02-02,21.5,3.124534089317432
2019-02-03,21.9,3.1826649560954308
2019-02-04,29.6,4.301684141571907
2019-02-05,26.8,3.894768074125915
2019-02-06,25.2,3.6622446070139203
2019-02-07,24.1,3.502384723374424
2019-02-08,23.1,3.357057556429427
2019-02-09,28.9,4.199955124710408
2019-02-10,33.3,4.839394659268394
2019-02-11,32.8,4.766731075795896
2019-02-12,36.2,5.260843443408886
2019-02-13,90.8,13.195706758605713
2019-02-14,351.0,51.00983559769389
2019-02-15,211.0,30.664032225394333
2019-02-16,156.0,22.671038043419507
2019-02-17,120.0,17.43926003339962
2019-02-18,82.6,12.004023989656739
2019-02-19,63.9,9.286405967785297
2019-02-20,53.1,7.716872564779332
2019-02-21,46.5,6.757713262942353
2019-02-22,40.9,5.9438811280503705
2019-02-23,36.4,5.289908876797885
2019-02-24,39.1,5.682292227549377
2019-02-25,249.0,36.18646456930421
2019-02-26,471.0,68.44909563109351
2019-02-27,626.0,90.97480650756802
2019-02-28,233.0,33.86122989818426
2019-03-01,144.0,20.927112040079546
2019-03-02,108.0,15.695334030059659
2019-03-03,89.3,12.977716008188217
2019-03-04,76.7,11.146593704681258
2019-03-05,68.3,9.925845502343284
2019-03-06,97.4,14.154866060442693
2019-03-07,107.0,15.550006863114662
2019-03-08,88.1,12.80332340785422
2019-03-09,73.2,10.63794862037377
2019-03-10,66.4,9.649723885147791
2019-03-11,59.7,8.676031866616311
2019-03-12,53.6,7.78953614825183
2019-03-13,48.5,7.048367596832347
2019-03-14,43.1,6.263600895329364
2019-03-15,38.8,5.6386940774658765
2019-03-16,35.1,5.100983559769389
2019-03-17,32.4,4.708600209017898
2019-03-18,30.2,4.3888804417389045
2019-03-19,28.5,4.14182425793241
2019-03-20,32.3,4.694067492323398
2019-03-21,31.5,4.577805758767401
2019-03-22,33.3,4.839394659268394
2019-03-23,37.0,5.377105176964883
2019-03-24,35.6,5.173647143241888
2019-03-25,47.8,6.946638579970848
2019-03-26,50.6,7.35355464741684
2019-03-27,58.5,8.501639266282314
2019-03-28,76.1,11.05939740451426
2019-03-29,113.0,16.421969864784643
2019-03-30,96.7,14.053137043581195
2019-03-31,72.4,10.521686886817772
2019-04-01,59.8,8.690564583310811
2019-04-02,51.0,7.411685514194839
2019-04-03,43.8,6.3653299121908615
2019-04-04,38.8,5.6386940774658765
2019-04-05,42.0,6.103741011689867
2019-04-06,41.8,6.074675578300868
2019-04-07,44.3,6.43799349566336
2019-04-08,100.0,14.532716694499683
2019-04-09,137.0,19.909821871464565
2019-04-10,99.6,14.474585827721684
2019-04-11,71.7,10.419957869956274
2019-04-12,58.9,8.559770133060313
2019-04-13,49.5,7.193694763777343
2019-04-14,42.7,6.205470028551366
2019-04-15,38.5,5.595095927382379
2019-04-16,34.5,5.013787259602391
2019-04-17,30.4,4.417945875127904
2019-04-18,28.0,4.069160674459911
2019-04-19,26.0,3.7785063405699177
2019-04-20,24.3,3.531450156763423
2019-04-21,22.8,3.313459406345928
2019-04-22,21.3,3.095468655928433
2019-04-23,19.9,2.892010622205437
2019-04-24,18.7,2.717618021871441
2019-04-25,17.7,2.572290854926444
2019-04-26,16.8,2.441496404675947
2019-04-27,16.0,2.3252346711199494
2019-04-28,15.4,2.2380383709529514
2019-04-29,14.8,2.1508420707859535
2019-04-30,14.0,2.0345803372299556
2019-05-01,13.4,1.9473840370629576
2019-05-02,12.8,1.8601877368959596
2019-05-03,12.2,1.7729914367289614
2019-05-04,11.8,1.7148605699509627
2019-05-05,11.4,1.656729703172964
2019-05-06,11.0,1.5985988363949653
2019-05-07,10.5,1.5259352529224668
2019-05-08,10.1,1.467804386144468
2019-05-09,9.8,1.424206236060969
2019-05-10,9.46,1.3747949992996702
2019-05-11,9.15,1.3297435775467212
2019-05-12,8.86,1.287598699132672
2019-05-13,8.57,1.245453820718623
2019-05-14,8.4,1.2207482023379734
2019-05-15,11.9,1.7293932866454624
2019-05-16,44.6,6.481591645746859
2019-05-17,60.1,8.73416273339431
2019-05-18,52.7,7.658741698001334
2019-05-19,62.7,9.112013367451302
2019-05-20,57.1,8.298181232559319
2019-05-21,74.5,10.826873937402265
2019-05-22,90.9,13.210239475300213
2019-05-23,71.0,10.318228853094775
2019-05-24,56.3,8.181919499003321
2019-05-25,45.9,6.670516962775355
2019-05-26,38.8,5.6386940774658765
2019-05-27,33.5,4.868460092657394
2019-05-28,29.9,4.345282291655406
2019-05-29,27.2,3.9528989409039137
2019-05-30,25.1,3.647711890319421
2019-05-31,23.2,3.3715902731239265
2019-06-01,21.7,3.1535995227064313
2019-06-02,20.3,2.950141488983436
2019-06-03,18.9,2.74668345526044
2019-06-04,17.6,2.5577581382319448
2019-06-05,16.7,2.426963687981447
2019-06-06,16.0,2.3252346711199494
2019-06-07,15.2,2.208972937563952
2019-06-08,14.4,2.0927112040079545
2019-06-09,13.5,1.9619167537574573
2019-06-10,12.8,1.8601877368959596
2019-06-11,12.2,1.7729914367289614
2019-06-12,11.6,1.6857951365619632
2019-06-13,11.1,1.6131315530894648
2019-06-14,10.6,1.5404679696169665
2019-06-15,10.3,1.4968698195334675
2019-06-16,9.76,1.4183931493831692
2019-06-17,9.36,1.3602622826051702
2019-06-18,9.01,1.3093977741744214
2019-06-19,8.67,1.2599865374131225
2019-06-20,8.35,1.2134818439907236
2019-06-21,8.08,1.1742435089155745
2019-06-22,7.8,1.1335519021709752
2019-06-23,7.57,1.100126653773626
2019-06-24,7.27,1.0565285036901269
2019-06-25,7.07,1.0274630703011276
2019-06-26,7.05,1.0245565269622277
2019-06-27,6.9,1.0027574519204783
2019-06-28,6.64,0.964972388514779
2019-06-29,6.38,0.9271873251090799
2019-06-30,6.13,0.8908555333728306
2019-07-01,5.92,0.8603368283143813
2019-07-02,5.75,0.8356312099337319
2019-07-03,5.6,0.8138321348919823
2019-07-04,5.41,0.7862199731724329
2019-07-05,5.17,0.7513414531056336
2019-07-06,4.98,0.7237292913860843
2019-07-07,4.87,0.7077433030221346
2019-07-08,4.8,0.6975704013359848
2019-07-09,4.7,0.6830376846414852
2019-07-10,4.65,0.6757713262942353
2019-07-11,4.53,0.6583320662608357
2019-07-12,4.37,0.6350797195496362
2019-07-13,4.17,0.6060142861606368
2019-07-14,4.01,0.5827619394494373
2019-07-15,3.93,0.5711357660938376
2019-07-16,3.85,0.5595095927382379
2019-07-17,3.76,0.5464301477131881
2019-07-18,3.63,0.5275376160103386
2019-07-19,3.58,0.5202712576630887
2019-07-20,3.44,0.4999254542907891
2019-07-21,3.35,0.4868460092657394
2019-07-22,3.21,0.4665002058934398
2019-07-23,3.08,0.4476076741905903
2019-07-24,2.97,0.4316216858266406
2019-07-25,2.88,0.41854224080159086
2019-07-26,2.73,0.39674316575984137
2019-07-27,2.64,0.38366372073479166
2019-07-28,2.57,0.37349081904864184
2019-07-29,2.51,0.36477118903194206
2019-07-30,2.5,0.3633179173624921
2019-07-31,2.45,0.35605155901524227
2019-08-01,2.39,0.3473319289985425
2019-08-02,2.34,0.34006557065129256
2019-08-03,2.28,0.3313459406345928
2019-08-04,2.23,0.32407958228734296
2019-08-05,2.18,0.31681322394009315
2019-08-06,2.11,0.30664032225394333
2019-08-07,2.08,0.3022805072455934
2019-08-08,2.07,0.30082723557614344
2019-08-09,2.08,0.3022805072455934
2019-08-10,2.19,0.31826649560954307
2019-08-11,2.13,0.3095468655928432
2019-08-12,2.05,0.2979206922372435
2019-08-13,1.95,0.2833879755427438
2019-08-14,1.87,0.27176180218714413
2019-08-15,1.78,0.25868235716209437
2019-08-16,1.73,0.25141599881484455
2019-08-17,1.66,0.24124309712869474
2019-08-18,1.63,0.23688328212034482
2019-08-19,1.63,0.23688328212034482
2019-08-20,1.62,0.2354300104508949
2019-08-21,1.61,0.23397673878144493
2019-08-22,1.61,0.23397673878144493
2019-08-23,1.57,0.22816365210364503
2019-08-24,1.5,0.21799075041749527
2019-08-25,1.44,0.20927112040079543
2019-08-26,1.41,0.20491130539244554
2019-08-27,1.35,0.19619167537574575
2019-08-28,1.29,0.18747204535904594
2019-08-29,1.31,0.19037858869794586
2019-08-30,1.37,0.1990982187146457
2019-08-31,1.33,0.1932851320368458
2019-09-01,1.28,0.18601877368959596
2019-09-02,1.25,0.18165895868124604
2019-09-03,1.23,0.17875241534234612
2019-09-04,1.22,0.17729914367289615
2019-09-05,1.2,0.1743926003339962
2019-09-06,1.22,0.17729914367289615
2019-09-07,1.23,0.17875241534234612
2019-09-08,1.25,0.18165895868124604
2019-09-09,1.29,0.18747204535904594
2019-09-10,1.32,0.19183186036739583
2019-09-11,1.36,0.19764494704519572
2019-09-12,1.3,0.1889253170284959
2019-09-13,1.24,0.18020568701179607
2019-09-14,1.19,0.17293932866454623
2019-09-15,1.18,0.17148605699509625
2019-09-16,1.76,0.2557758138231944
2019-09-17,1.73,0.25141599881484455
2019-09-18,2.09,0.3037337789150434
2019-09-19,1.79,0.26013562883154434
2019-09-20,1.72,0.24996272714539455
2019-09-21,1.64,0.2383365537897948
2019-09-22,1.55,0.2252571087647451
2019-09-23,1.51,0.21944402208694522
2019-09-24,1.46,0.21217766373969538
2019-09-25,1.39,0.2020047620535456
2019-09-26,1.37,0.1990982187146457
2019-09-27,1.4,0.20345803372299556
2019-09-28,1.63,0.23688328212034482
2019-09-29,2.25,0.3269861256262429
2019-09-30,1.78,0.25868235716209437
2019-10-01,1.42,0.2063645770618955
2019-10-02,1.43,0.20781784873134548
2019-10-03,1.47,0.21363093540914535
2019-10-04,1.44,0.20927112040079543
2019-10-05,1.43,0.20781784873134548
2019-10-06,1.4,0.20345803372299556
2019-10-07,1.36,0.19764494704519572
2019-10-08,1.22,0.17729914367289615
2019-10-09,1.15,0.16712624198674636
2019-10-10,1.13,0.1642196986478464
2019-10-11,1.11,0.1613131553089465
2019-10-12,1.1,0.15985988363949655
2019-10-13,1.1,0.15985988363949655
2019-10-14,1.1,0.15985988363949655
2019-10-15,1.12,0.16276642697839647
2019-10-16,1.21,0.17584587200344617
2019-10-17,1.47,0.21363093540914535
2019-10-18,1.55,0.2252571087647451
2019-10-19,1.72,0.24996272714539455
2019-10-20,1.67,0.2426963687981447
2019-10-21,1.63,0.23688328212034482
2019-10-22,1.57,0.22816365210364503
2019-10-23,1.53,0.22235056542584516
2019-10-24,1.46,0.21217766373969538
2019-10-25,1.45,0.2107243920702454
2019-10-26,1.48,0.21508420707859532
2019-10-27,1.44,0.20927112040079543
2019-10-28,1.42,0.2063645770618955
2019-10-29,1.49,0.2165374787480453
2019-10-30,1.47,0.21363093540914535
2019-10-31,1.48,0.21508420707859532
2019-11-01,1.5,0.21799075041749527
2019-11-02,1.49,0.2165374787480453
2019-11-03,1.47,0.21363093540914535
2019-11-04,1.46,0.21217766373969538
2019-11-05,1.44,0.20927112040079543
2019-11-06,1.43,0.20781784873134548
2019-11-07,1.42,0.2063645770618955
2019-11-08,1.4,0.20345803372299556
2019-11-09,1.4,0.20345803372299556
2019-11-10,1.4,0.20345803372299556
2019-11-11,1.4,0.20345803372299556
2019-11-12,1.4,0.20345803372299556
2019-11-13,1.39,0.2020047620535456
2019-11-14,1.39,0.2020047620535456
2019-11-15,1.45,0.2107243920702454
2019-11-16,1.51,0.21944402208694522
2019-11-17,1.49,0.2165374787480453
2019-11-18,1.43,0.20781784873134548
2019-11-19,1.41,0.20491130539244554
2019-11-20,1.43,0.20781784873134548
2019-11-21,1.41,0.20491130539244554
2019-11-22,1.4,0.20345803372299556
2019-11-23,1.42,0.2063645770618955
2019-11-24,1.42,0.2063645770618955
2019-11-25,1.42,0.2063645770618955
2019-11-26,2.57,0.37349081904864184
2019-11-27,4.76,0.6917573146581849
2019-11-28,2.03,0.29501414889834354
2019-11-29,1.47,0.21363093540914535
2019-11-30,1.45,0.2107243920702454
2019-12-01,2.53,0.36767773237084195
2019-12-02,2.43,0.3531450156763423
2019-12-03,2.21,0.321173038948443
2019-12-04,2.04,0.29646742056779357
2019-12-05,1.8,0.2615889005009943
2019-12-06,2.93,0.4258085991488408
2019-12-07,20.0,2.9065433388999367
2019-12-08,20.2,2.935608772288936
2019-12-09,7.74,1.1248322721542756
2019-12-10,5.31,0.7716872564779331
2019-12-11,5.53,0.8036592332058325
2019-12-12,7.86,1.1422715321876753
2019-12-13,13.2,1.9183186036739581
2019-12-14,20.4,2.964674205677935
2019-12-15,13.3,1.932851320368458
2019-12-16,9.92,1.4416454960943685
2019-12-17,8.0,1.1626173355599747
2019-12-18,6.99,1.015836896945528
2019-12-19,8.15,1.1844164106017243
2019-12-20,12.7,1.8456550202014597
2019-12-21,10.7,1.555000686311466
2019-12-22,13.7,1.9909821871464566
2019-12-23,13.2,1.9183186036739581
2019-12-24,11.3,1.6421969864784645
2019-12-25,10.4,1.5114025362279673
2019-12-26,8.91,1.2948650574799219
2019-12-27,7.86,1.1422715321876753
2019-12-28,7.06,1.0260097986316776
2019-12-29,8.43,1.2251080173463234
2019-12-30,8.65,1.2570799940742228
2019-12-31,7.78,1.1306453588320755
2020-01-01,7.29,1.059435047029027
2020-01-02,6.81,0.9896780068954284
2020-01-03,6.33,0.91992096676183
2020-01-04,7.08,1.0289163419705776
2020-01-05,6.17,0.8966686200506305
2020-01-06,5.8,0.8428975682809816
2020-01-07,6.0,0.8719630016699811
2020-01-08,7.39,1.0739677637235265
2020-01-09,10.1,1.467804386144468
2020-01-10,10.4,1.5114025362279673
2020-01-11,10.4,1.5114025362279673
2020-01-12,10.5,1.5259352529224668
2020-01-13,15.8,2.29616923773095
2020-01-14,37.5,5.449768760437381
2020-01-15,32.6,4.737665642406897
2020-01-16,41.7,6.060142861606368
2020-01-17,40.9,5.9438811280503705
2020-01-18,33.9,4.9265909594353925
2020-01-19,29.6,4.301684141571907
2020-01-20,27.4,3.981964374292913
2020-01-21,37.6,5.464301477131881
2020-01-22,38.0,5.5224323439098795
2020-01-23,32.4,4.708600209017898
2020-01-24,30.6,4.447011308516903
2020-01-25,36.8,5.3480397435758835
2020-01-26,102.0,14.823371028389678
2020-01-27,74.0,10.754210353929766
2020-01-28,67.5,9.809583768787286
2020-01-29,59.5,8.646966433227313
2020-01-30,47.9,6.9611712966653485
2020-01-31,38.1,5.53696506060438
2020-02-01,31.5,4.577805758767401
2020-02-02,26.9,3.909300790820415
2020-02-03,23.5,3.4151884232074257
2020-02-04,20.4,2.964674205677935
2020-02-05,18.0,2.6158890050099433
2020-02-06,16.2,2.354300104508949
2020-02-07,14.5,2.1072439207024543
2020-02-08,13.3,1.932851320368458
2020-02-09,12.1,1.7584587200344617
2020-02-10,11.1,1.6131315530894648
2020-02-11,10.2,1.4823371028389676
2020-02-12,9.46,1.3747949992996702
2020-02-13,8.86,1.287598699132672
2020-02-14,8.33,1.2105753006518236
2020-02-15,7.83,1.1379117171793252
2020-02-16,7.49,1.0885004804180263
2020-02-17,7.17,1.0419957869956273
2020-02-18,6.79,0.9867714635565286
2020-02-19,6.49,0.9431733134730295
2020-02-20,6.24,0.9068415217367803
2020-02-21,5.98,0.8690564583310811
2020-02-22,5.77,0.8385377532726317
2020-02-23,5.48,0.7963928748585828
2020-02-24,5.23,0.7600610831223336
2020-02-25,5.08,0.738262008080584
2020-02-26,4.87,0.7077433030221346
2020-02-27,4.72,0.685944227980385
2020-02-28,4.55,0.6612386095997356
2020-02-29,4.4,0.6394395345579862
2020-03-01,4.31,0.6263600895329363
2020-03-02,4.16,0.6045610144911868
2020-03-03,3.99,0.5798553961105374
2020-03-04,3.83,0.5566030493993379
2020-03-05,3.71,0.5391637893659382
2020-03-06,3.71,0.5391637893659382
2020-03-07,3.75,0.5449768760437381
2020-03-08,3.54,0.5144581709852888
2020-03-09,3.39,0.4926590959435393
2020-03-10,3.34,0.4853927375962894
2020-03-11,3.2,0.4650469342239899
2020-03-12,3.08,0.4476076741905903
2020-03-13,3.03,0.4403413158433404
2020-03-14,3.7,0.5377105176964884
2020-03-15,4.68,0.6801311413025851
2020-03-16,3.65,0.5304441593492385
2020-03-17,4.14,0.6016544711522869
2020-03-18,4.19,0.6089208294995369
2020-03-19,3.99,0.5798553961105374
2020-03-20,3.7,0.5377105176964884
2020-03-21,3.56,0.5173647143241887
2020-03-22,3.54,0.5144581709852888
2020-03-23,3.51,0.5100983559769389
2020-03-24,4.87,0.7077433030221346
2020-03-25,5.05,0.733902193072234
2020-03-26,4.57,0.6641451529386356
2020-03-27,4.26,0.6190937311856864
2020-03-28,4.22,0.6132806445078867
2020-03-29,4.4,0.6394395345579862
2020-03-30,5.34,0.776047071486283
2020-03-31,9.35,1.3588090109357205
2020-04-01,9.86,1.4329258660776687
2020-04-02,8.81,1.2803323407854221
2020-04-03,7.89,1.146631347196025
2020-04-04,13.2,1.9183186036739581
2020-04-05,39.3,5.711357660938376
2020-04-06,38.7,5.624161360771378
2020-04-07,32.0,4.650469342239899
2020-04-08,27.3,3.967431657598414
2020-04-09,23.3,3.3861229898184266
2020-04-10,19.8,2.8774779055109376
2020-04-11,17.3,2.5141599881484455
2020-04-12,15.3,2.2235056542584517
2020-04-13,13.6,1.9764494704519568
2020-04-14,12.2,1.7729914367289614
2020-04-15,11.2,1.6276642697839645
2020-04-16,10.4,1.5114025362279673
2020-04-17,9.79,1.4227529643915189
2020-04-18,9.2,1.3370099358939709
2020-04-19,8.79,1.2774257974465222
2020-04-20,8.35,1.2134818439907236
2020-04-21,7.9,1.148084618865475
2020-04-22,7.51,1.0914070237569262
2020-04-23,7.21,1.0478088736734272
2020-04-24,6.79,0.9867714635565286
2020-04-25,6.54,0.9504396718202793
2020-04-26,6.31,0.91701442342293
2020-04-27,6.07,0.8821359033561309
2020-04-28,5.85,0.8501639266282315
2020-04-29,5.63,0.8181919499003322
2020-04-30,5.38,0.7818601581640829
2020-05-01,5.19,0.7542479964445337
2020-05-02,5.67,0.8240050365781321
2020-05-03,5.25,0.7629676264612334
2020-05-04,4.82,0.7004769446748847
2020-05-05,4.63,0.6728647829553354
2020-05-06,4.45,0.646705892905236
2020-05-07,4.28,0.6220002745245865
2020-05-08,4.13,0.6002011994828369
2020-05-09,3.98,0.5784021244410874
2020-05-10,3.88,0.5638694077465877
2020-05-11,4.11,0.5972946561439371
2020-05-12,5.62,0.8167386782308822
2020-05-13,5.87,0.8530704699671314
2020-05-14,5.69,0.826911579917032
2020-05-15,5.28,0.7673274414695833
2020-05-16,5.63,0.8181919499003322
2020-05-17,14.5,2.1072439207024543
2020-05-18,29.4,4.272618708182907
2020-05-19,28.0,4.069160674459911
2020-05-20,23.2,3.3715902731239265
2020-05-21,19.3,2.804814322038439
2020-05-22,16.5,2.3978982545924477
2020-05-23,14.4,2.0927112040079545
2020-05-24,12.7,1.8456550202014597
2020-05-25,11.3,1.6421969864784645
2020-05-26,10.3,1.4968698195334675
2020-05-27,9.61,1.3965940743414196
2020-05-28,8.95,1.3006781441577215
2020-05-29,8.3,1.206215485643474
2020-05-30,8.44,1.2265612890157733
2020-05-31,7.84,1.1393649888487751
2020-06-01,7.4,1.0754210353929767
2020-06-02,6.93,1.007117266928828
2020-06-03,6.61,0.9606125735064291
2020-06-04,6.29,0.9141078800840301
2020-06-05,6.02,0.8748695450088809
2020-06-06,5.8,0.8428975682809816
2020-06-07,5.76,0.8370844816031817
2020-06-08,5.49,0.7978461465280327
2020-06-09,5.19,0.7542479964445337
2020-06-10,5.04,0.7324489214027841
2020-06-11,4.89,0.7106498463610345
2020-06-12,4.79,0.6961171296665348
2020-06-13,4.71,0.6844909563109352
2020-06-14,4.52,0.6568787945913857
2020-06-15,4.39,0.6379862628885361
2020-06-16,4.32,0.6278133612023864
2020-06-17,4.11,0.5972946561439371
2020-06-18,3.94,0.5725890377632875
2020-06-19,3.78,0.549336691052088
2020-06-20,3.62,0.5260843443408886
2020-06-21,3.55,0.5159114426547388
2020-06-22,3.51,0.5100983559769389
2020-06-23,3.39,0.4926590959435393
2020-06-24,3.26,0.47376656424068964
2020-06-25,3.14,0.45632730420729006
2020-06-26,2.98,0.4330749574960906
2020-06-27,2.85,0.414182425793241
2020-06-28,2.83,0.41127588245434105
2020-06-29,2.85,0.414182425793241
2020-06-30,2.74,0.3981964374292914
2020-07-01,2.7,0.3923833507514915
2020-07-02,2.59,0.3763973623875418
2020-07-03,2.47,0.3589581023541422
2020-07-04,2.34,0.34006557065129256
2020-07-05,2.26,0.3284393972956928
2020-07-06,2.22,0.322626310617893
2020-07-07,2.24,0.32553285395679293
2020-07-08,2.19,0.31826649560954307
2020-07-09,2.1,0.30518705058449336
2020-07-10,2.04,0.29646742056779357
2020-07-11,1.9,0.276121617195494
2020-07-12,1.82,0.26449544383989426
2020-07-13,1.77,0.2572290854926444
2020-07-14,1.75,0.25432254215374445
2020-07-15,1.69,0.24560291213704466
2020-07-16,1.65,0.23978982545924477
2020-07-17,1.6,0.23252346711199495
2020-07-18,1.56,0.22671038043419509
2020-07-19,1.49,0.2165374787480453
2020-07-20,1.47,0.21363093540914535
2020-07-21,1.42,0.2063645770618955
2020-07-22,1.38,0.20055149038409562
2020-07-23,1.35,0.19619167537574575
2020-07-24,1.32,0.19183186036739583
2020-07-25,1.29,0.18747204535904594
2020-07-26,1.25,0.18165895868124604
2020-07-27,1.21,0.17584587200344617
2020-07-28,1.19,0.17293932866454623
2020-07-29,1.14,0.1656729703172964
2020-07-30,1.11,0.1613131553089465
2020-07-31,1.09,0.15840661197004657
2020-08-01,1.09,0.15840661197004657
2020-08-02,1.09,0.15840661197004657
2020-08-03,1.08,0.1569533403005966
2020-08-04,1.09,0.15840661197004657
2020-08-05,1.1,0.15985988363949655
2020-08-06,1.11,0.1613131553089465
2020-08-07,1.12,0.16276642697839647
2020-08-08,1.08,0.1569533403005966
2020-08-09,1.0,0.14532716694499684
2020-08-10,0.95,0.138060808597747
2020-08-11,0.91,0.13224772191994713
2020-08-12,0.91,0.13224772191994713
2020-08-13,0.87,0.12643463524214724
2020-08-14,0.86,0.12498136357269728
2020-08-15,0.84,0.12207482023379734
2020-08-16,0.83,0.12062154856434737
2020-08-17,0.85,0.1235280919032473
2020-08-18,0.84,0.12207482023379734
2020-08-19,0.78,0.11335519021709754
2020-08-20,0.76,0.1104486468781976
2020-08-21,0.82,0.1191682768948974
2020-08-22,0.86,0.12498136357269728
2020-08-23,0.83,0.12062154856434737
2020-08-24,0.78,0.11335519021709754
2020-08-25,0.72,0.10463556020039771
2020-08-26,0.7,0.10172901686149778
2020-08-27,0.73,0.10608883186984769
2020-08-28,0.73,0.10608883186984769
2020-08-29,0.71,0.10318228853094775
2020-08-30,0.67,0.09736920185314789
2020-08-31,0.66,0.09591593018369791
2020-09-01,0.66,0.09591593018369791
2020-09-02,0.67,0.09736920185314789
2020-09-03,0.67,0.09736920185314789
2020-09-04,0.64,0.09300938684479798
2020-09-05,0.65,0.09446265851424795
2020-09-06,0.6,0.0871963001669981
2020-09-07,0.57,0.0828364851586482
2020-09-08,0.57,0.0828364851586482
2020-09-09,0.68,0.09882247352259786
2020-09-10,0.74,0.10754210353929766
2020-09-11,0.76,0.1104486468781976
2020-09-12,0.69,0.10027574519204781
2020-09-13,0.63,0.09155611517534801
2020-09-14,0.6,0.0871963001669981
2020-09-15,0.58,0.08428975682809817
2020-09-16,0.59,0.08574302849754813
2020-09-17,0.63,0.09155611517534801
2020-09-18,0.64,0.09300938684479798
2020-09-19,0.68,0.09882247352259786
2020-09-20,0.68,0.09882247352259786
2020-09-21,0.63,0.09155611517534801
2020-09-22,0.63,0.09155611517534801
2020-09-23,0.6,0.0871963001669981
2020-09-24,0.67,0.09736920185314789
2020-09-25,0.7,0.10172901686149778
2020-09-26,0.7,0.10172901686149778
2020-09-27,0.7,0.10172901686149778
2020-09-28,0.68,0.09882247352259786
2020-09-29,0.7,0.10172901686149778
2020-09-30,0.65,0.09446265851424795
2020-10-01,0.64,0.09300938684479798
2020-10-02,0.64,0.09300938684479798
2020-10-03,0.64,0.09300938684479798
2020-10-04,0.64,0.09300938684479798
2020-10-05,0.64,0.09300938684479798
2020-10-06,0.61,0.08864957183644807
2020-10-07,0.59,0.08574302849754813
2020-10-08,0.62,0.09010284350589803
2020-10-09,0.64,0.09300938684479798
2020-10-10,0.71,0.10318228853094775
2020-10-11,0.73,0.10608883186984769
2020-10-12,0.71,0.10318228853094775
2020-10-13,0.68,0.09882247352259786
2020-10-14,0.65,0.09446265851424795
2020-10-15,0.6,0.0871963001669981
2020-10-16,0.55,0.07992994181974827
2020-10-17,0.55,0.07992994181974827
2020-10-18,0.57,0.0828364851586482
2020-10-19,0.53,0.07702339848084833
2020-10-20,0.55,0.07992994181974827
2020-10-21,0.53,0.07702339848084833
2020-10-22,0.52,0.07557012681139835
2020-10-23,0.51,0.07411685514194839
2020-10-24,0.5,0.07266358347249842
2020-10-25,0.52,0.07557012681139835
2020-10-26,0.47,0.06830376846414851
2020-10-27,0.46,0.06685049679469855
2020-10-28,0.45,0.06539722512524858
2020-10-29,0.47,0.06830376846414851
2020-10-30,0.51,0.07411685514194839
2020-10-31,0.5,0.07266358347249842
2020-11-01,0.49,0.07121031180304845
2020-11-02,0.49,0.07121031180304845
2020-11-03,0.47,0.06830376846414851
2020-11-04,0.48,0.06975704013359849
2020-11-05,0.5,0.07266358347249842
2020-11-06,0.58,0.08428975682809817
2020-11-07,0.62,0.09010284350589803
2020-11-08,0.66,0.09591593018369791
2020-11-09,0.71,0.10318228853094775
2020-11-10,0.79,0.1148084618865475
2020-11-11,0.84,0.12207482023379734
2020-11-12,0.84,0.12207482023379734
2020-11-13,1.98,0.28774779055109373
2020-11-14,1.26,0.18311223035069601
2020-11-15,1.56,0.22671038043419509
2020-11-16,1.25,0.18165895868124604
2020-11-17,3.08,0.4476076741905903
2020-11-18,6.74,0.9795051052092787
2020-11-19,3.89,0.5653226794160378
2020-11-20,2.27,0.3298926689651428
2020-11-21,1.79,0.26013562883154434
2020-11-22,1.57,0.22816365210364503
2020-11-23,1.45,0.2107243920702454
2020-11-24,1.32,0.19183186036739583
2020-11-25,1.27,0.184565502020146
2020-11-26,1.23,0.17875241534234612
2020-11-27,1.17,0.17003278532564628
2020-11-28,1.12,0.16276642697839647
2020-11-29,1.1,0.15985988363949655
2020-11-30,1.1,0.15985988363949655
2020-12-01,1.1,0.15985988363949655
2020-12-02,1.1,0.15985988363949655
2020-12-03,1.04,0.1511402536227967
2020-12-04,1.04,0.1511402536227967
2020-12-05,1.04,0.1511402536227967
2020-12-06,1.04,0.1511402536227967
2020-12-07,1.04,0.1511402536227967
2020-12-08,1.03,0.14968698195334676
2020-12-09,1.03,0.14968698195334676
2020-12-10,0.99,0.14387389527554686
2020-12-11,1.15,0.16712624198674636
2020-12-12,1.39,0.2020047620535456
2020-12-13,3.02,0.43888804417389043
2020-12-14,3.65,0.5304441593492385
2020-12-15,2.45,0.35605155901524227
2020-12-16,5.82,0.8458041116198817
2020-12-17,17.0,2.4705618380649463
2020-12-18,5.16,0.7498881814361837
2020-12-19,3.38,0.4912058242740893
2020-12-20,2.61,0.37930390572644174
2020-12-21,2.24,0.32553285395679293
2020-12-22,2.06,0.2993739639066935
2020-12-23,1.79,0.26013562883154434
2020-12-24,1.64,0.2383365537897948
2020-12-25,2.7,0.3923833507514915
2020-12-26,14.4,2.0927112040079545
2020-12-27,8.26,1.2004023989656738
2020-12-28,5.46,0.7934863315196827
2020-12-29,4.12,0.598747927813387
2020-12-30,3.86,0.5609628644076878
2020-12-31,5.43,0.7891265165113328
2021-01-01,4.67,0.6786778696331353
2021-01-02,5.13,0.7455283664278337
2021-01-03,6.11,0.8879489900339307
2021-01-04,29.1,4.229020558099408
2021-01-05,27.9,4.054627957765412
2021-01-06,23.4,3.400655706512926
2021-01-07,22.3,3.2407958228734297
2021-01-08,29.0,4.2144878414049085
2021-01-09,24.0,3.4878520066799243
2021-01-10,19.1,2.77574888864944
2021-01-11,14.8,2.1508420707859535
2021-01-12,21.0,3.0518705058449336
2021-01-13,59.3,8.617900999838312
2021-01-14,43.4,6.307199045412863
2021-01-15,30.6,4.447011308516903
2021-01-16,23.4,3.400655706512926
2021-01-17,18.4,2.6740198717879418
2021-01-18,15.2,2.208972937563952
2021-01-19,12.8,1.8601877368959596
2021-01-20,11.2,1.6276642697839645
2021-01-21,9.99,1.4518183977805184
2021-01-22,9.6,1.3951408026719696
2021-01-23,8.47,1.2309211040241232
2021-01-24,8.16,1.1858696822711743
2021-01-25,7.56,1.098673382104176
2021-01-26,8.57,1.245453820718623
2021-01-27,14.4,2.0927112040079545
2021-01-28,17.8,2.586823571620944
2021-01-29,20.2,2.935608772288936
2021-01-30,18.2,2.6449544383989423
2021-01-31,22.0,3.1971976727899305
2021-02-01,37.6,5.464301477131881
2021-02-02,68.7,9.983976369121283
2021-02-03,56.9,8.26911579917032
2021-02-04,47.3,6.87397499649835
2021-02-05,38.7,5.624161360771378
2021-02-06,32.4,4.708600209017898
2021-02-07,27.8,4.040095241070913
2021-02-08,24.0,3.4878520066799243
2021-02-09,20.6,2.993739639066935
2021-02-10,17.7,2.572290854926444
2021-02-11,21.9,3.1826649560954308
2021-02-12,25.6,3.7203754737919192
2021-02-13,31.7,4.6068711921564
2021-02-14,32.6,4.737665642406897
2021-02-15,37.0,5.377105176964883
2021-02-16,37.0,5.377105176964883
2021-02-17,33.4,4.853927375962894
2021-02-18,29.8,4.3307495749609055
2021-02-19,29.6,4.301684141571907
2021-02-20,34.8,5.05738540968589
2021-02-21,34.7,5.04285269299139
2021-02-22,31.5,4.577805758767401
2021-02-23,27.8,4.040095241070913
2021-02-24,24.0,3.4878520066799243
2021-02-25,20.7,3.0082723557614344
2021-02-26,18.4,2.6740198717879418
2021-02-27,16.9,2.456029121370446
2021-02-28,15.8,2.29616923773095
2021-03-01,14.4,2.0927112040079545
2021-03-02,13.6,1.9764494704519568
2021-03-03,13.1,1.9037858869794586
2021-03-04,12.6,1.8311223035069601
2021-03-05,13.3,1.932851320368458
2021-03-06,14.0,2.0345803372299556
2021-03-07,13.1,1.9037858869794586
2021-03-08,14.0,2.0345803372299556
2021-03-09,19.2,2.790281605343939
2021-03-10,23.3,3.3861229898184266
2021-03-11,18.9,2.74668345526044
2021-03-12,17.7,2.572290854926444
2021-03-13,17.9,2.601356288315443
2021-03-14,20.6,2.993739639066935
2021-03-15,20.7,3.0082723557614344
2021-03-16,18.8,2.7321507385659407
2021-03-17,18.8,2.7321507385659407
2021-03-18,24.0,3.4878520066799243
2021-03-19,25.6,3.7203754737919192
2021-03-20,24.9,3.618646456930421
2021-03-21,23.7,3.444253856596425
2021-03-22,22.3,3.2407958228734297
2021-03-23,20.5,2.9792069223724353
2021-03-24,18.6,2.7030853051769412
2021-03-25,17.1,2.485094554759446
2021-03-26,15.6,2.2671038043419505
2021-03-27,14.2,2.063645770618955
2021-03-28,13.1,1.9037858869794586
2021-03-29,12.3,1.7875241534234612
2021-03-30,11.5,1.6712624198674637
2021-03-31,10.7,1.555000686311466
2021-04-01,10.1,1.467804386144468
2021-04-02,9.5,1.3806080859774699
2021-04-03,9.01,1.3093977741744214
2021-04-04,8.57,1.245453820718623
2021-04-05,8.26,1.2004023989656738
2021-04-06,7.89,1.146631347196025
2021-04-07,7.5,1.0899537520874762
2021-04-08,7.23,1.0507154170123272
2021-04-09,6.98,1.014383625276078
2021-04-10,6.7,0.9736920185314788
2021-04-11,6.47,0.9402667701341295
2021-04-12,6.26,0.9097480650756802
2021-04-13,5.96,0.8661499149921812
2021-04-14,5.7,0.828364851586482
2021-04-15,5.48,0.7963928748585828
2021-04-16,5.31,0.7716872564779331
2021-04-17,5.11,0.7426218230889339
2021-04-18,4.94,0.7179162047082844
2021-04-19,4.75,0.6903040429887349
2021-04-20,4.64,0.6743180546247853
2021-04-21,4.53,0.6583320662608357
2021-04-22,4.4,0.6394395345579862
2021-04-23,4.27,0.6205470028551364
2021-04-24,4.52,0.6568787945913857
2021-04-25,5.66,0.8225517649086821
2021-04-26,4.59,0.6670516962775355
2021-04-27,4.33,0.6292666328718364
2021-04-28,4.18,0.6074675578300868
2021-04-29,4.02,0.5842152111188872
2021-04-30,3.92,0.5696824944243876
2021-05-01,3.86,0.5609628644076878
2021-05-02,3.73,0.5420703327048382
2021-05-03,3.68,0.5348039743575884
2021-05-04,3.58,0.5202712576630887
2021-05-05,3.5,0.5086450843074889
2021-05-06,3.38,0.4912058242740893
2021-05-07,3.31,0.48103292258793956
2021-05-08,3.21,0.4665002058934398
2021-05-09,3.15,0.45778057587674004
2021-05-10,3.14,0.45632730420729006
2021-05-11,3.05,0.44324785918224036
2021-05-12,2.98,0.4330749574960906
2021-05-13,2.88,0.41854224080159086
2021-05-14,2.81,0.4083693391154411
2021-05-15,2.8,0.4069160674459911
2021-05-16,2.72,0.39528989409039145
2021-05-17,2.6,0.3778506340569918
2021-05-18,2.49,0.36186464569304216
2021-05-19,2.48,0.36041137402359213
2021-05-20,2.45,0.35605155901524227
2021-05-21,2.45,0.35605155901524227
2021-05-22,2.45,0.35605155901524227
2021-05-23,2.39,0.3473319289985425
2021-05-24,2.34,0.34006557065129256
2021-05-25,2.36,0.3429721139901925
2021-05-26,2.31,0.3357057556429427
2021-05-27,2.26,0.3284393972956928
2021-05-28,2.22,0.322626310617893
2021-05-29,2.18,0.31681322394009315
2021-05-30,2.1,0.30518705058449336
2021-05-31,2.03,0.29501414889834354
2021-06-01,1.96,0.2848412472121938
2021-06-02,1.88,0.27321507385659405
2021-06-03,1.81,0.2630421721704443
2021-06-04,1.72,0.24996272714539455
2021-06-05,1.63,0.23688328212034482
2021-06-06,1.61,0.23397673878144493
2021-06-07,1.6,0.23252346711199495
2021-06-08,1.64,0.2383365537897948
2021-06-09,1.68,0.2441496404675947
2021-06-10,1.69,0.24560291213704466
2021-06-11,1.77,0.2572290854926444
2021-06-12,1.99,0.2892010622205437
2021-06-13,1.97,0.28629451888164376
2021-06-14,2.05,0.2979206922372435
2021-06-15,1.98,0.28774779055109373
2021-06-16,1.83,0.26594871550934424
2021-06-17,1.72,0.24996272714539455
2021-06-18,1.63,0.23688328212034482
2021-06-19,1.55,0.2252571087647451
2021-06-20,1.47,0.21363093540914535
2021-06-21,1.4,0.20345803372299556
2021-06-22,1.39,0.2020047620535456
2021-06-23,1.42,0.2063645770618955
2021-06-24,1.39,0.2020047620535456
2021-06-25,1.35,0.19619167537574575
2021-06-26,1.3,0.1889253170284959
2021-06-27,1.23,0.17875241534234612
2021-06-28,1.17,0.17003278532564628
2021-06-29,1.13,0.1642196986478464
2021-06-30,1.08,0.1569533403005966
2021-07-01,1.0,0.14532716694499684
2021-07-02,0.98,0.1424206236060969
2021-07-03,0.93,0.13515426525884708
2021-07-04,0.89,0.12934117858104718
2021-07-05,0.86,0.12498136357269728
2021-07-06,0.81,0.11771500522544745
2021-07-07,0.8,0.11626173355599748
2021-07-08,0.78,0.11335519021709754
2021-07-09,0.74,0.10754210353929766
2021-07-10,0.71,0.10318228853094775
2021-07-11,0.68,0.09882247352259786
2021-07-12,0.66,0.09591593018369791
2021-07-13,0.64,0.09300938684479798
2021-07-14,0.64,0.09300938684479798
2021-07-15,0.63,0.09155611517534801
2021-07-16,0.63,0.09155611517534801
2021-07-17,0.61,0.08864957183644807
2021-07-18,0.61,0.08864957183644807
2021-07-19,0.6,0.0871963001669981
2021-07-20,0.58,0.08428975682809817
2021-07-21,0.58,0.08428975682809817
2021-07-22,0.59,0.08574302849754813
2021-07-23,0.58,0.08428975682809817
2021-07-24,0.56,0.08138321348919823
2021-07-25,0.55,0.07992994181974827
2021-07-26,0.52,0.07557012681139835
2021-07-27,0.53,0.07702339848084833
2021-07-28,0.59,0.08574302849754813
2021-07-29,0.57,0.0828364851586482
2021-07-30,0.52,0.07557012681139835
2021-07-31,0.49,0.07121031180304845
2021-08-01,0.49,0.07121031180304845
2021-08-02,0.5,0.07266358347249842
2021-08-03,0.51,0.07411685514194839
2021-08-04,0.48,0.06975704013359849
2021-08-05,0.48,0.06975704013359849
2021-08-06,0.52,0.07557012681139835
2021-08-07,0.53,0.07702339848084833
2021-08-08,0.52,0.07557012681139835
2021-08-09,0.51,0.07411685514194839
2021-08-10,0.49,0.07121031180304845
2021-08-11,0.48,0.06975704013359849
2021-08-12,0.47,0.06830376846414851
2021-08-13,0.47,0.06830376846414851
2021-08-14,0.48,0.06975704013359849
2021-08-15,0.47,0.06830376846414851
2021-08-16,0.45,0.06539722512524858
2021-08-17,0.46,0.06685049679469855
2021-08-18,0.48,0.06975704013359849
2021-08-19,0.48,0.06975704013359849
2021-08-20,0.49,0.07121031180304845
2021-08-21,0.5,0.07266358347249842
2021-08-22,0.53,0.07702339848084833
2021-08-23,0.53,0.07702339848084833
2021-08-24,0.51,0.07411685514194839
2021-08-25,0.5,0.07266358347249842
2021-08-26,0.5,0.07266358347249842
2021-08-27,0.51,0.07411685514194839
2021-08-28,0.48,0.06975704013359849
2021-08-29,0.44,0.0639439534557986
2021-08-30,0.42,0.06103741011689867
2021-08-31,0.42,0.06103741011689867
2021-09-01,0.42,0.06103741011689867
2021-09-02,0.47,0.06830376846414851
2021-09-03,0.47,0.06830376846414851
2021-09-04,0.44,0.0639439534557986
2021-09-05,0.44,0.0639439534557986
2021-09-06,0.41,0.0595841384474487
2021-09-07,0.4,0.05813086677799874
2021-09-08,0.4,0.05813086677799874
2021-09-09,0.4,0.05813086677799874
2021-09-10,0.42,0.06103741011689867
2021-09-11,0.45,0.06539722512524858
2021-09-12,0.44,0.0639439534557986
2021-09-13,0.44,0.0639439534557986
2021-09-14,0.45,0.06539722512524858
2021-09-15,0.44,0.0639439534557986
2021-09-16,0.47,0.06830376846414851
2021-09-17,0.49,0.07121031180304845
2021-09-18,2.23,0.32407958228734296
2021-09-19,1.68,0.2441496404675947
2021-09-20,1.26,0.18311223035069601
2021-09-21,0.94,0.13660753692829702
2021-09-22,0.77,0.11190191854764757
2021-09-23,0.74,0.10754210353929766
2021-09-24,0.71,0.10318228853094775
2021-09-25,0.69,0.10027574519204781
2021-09-26,0.7,0.10172901686149778
2021-09-27,0.95,0.138060808597747
2021-09-28,1.02,0.14823371028389679
2021-09-29,0.94,0.13660753692829702
2021-09-30,0.91,0.13224772191994713
2021-10-01,0.88,0.1278879069115972
2021-10-02,0.88,0.1278879069115972
2021-10-03,0.84,0.12207482023379734
2021-10-04,0.81,0.11771500522544745
2021-10-05,0.75,0.10899537520874764
2021-10-06,0.77,0.11190191854764757
2021-10-07,0.79,0.1148084618865475
2021-10-08,0.82,0.1191682768948974
2021-10-09,0.85,0.1235280919032473
2021-10-10,0.88,0.1278879069115972
2021-10-11,1.02,0.14823371028389679
2021-10-12,1.06,0.15404679696169665
2021-10-13,1.11,0.1613131553089465
2021-10-14,1.25,0.18165895868124604
2021-10-15,1.25,0.18165895868124604
2021-10-16,1.23,0.17875241534234612
2021-10-17,1.81,0.2630421721704443
2021-10-18,1.84,0.2674019871787942
2021-10-19,1.95,0.2833879755427438
2021-10-20,3.3,0.47957965091848953
2021-10-21,9.12,1.325383762538371
2021-10-22,24.9,3.618646456930421
2021-10-23,7.5,1.0899537520874762
2021-10-24,127.0,18.456550202014597
2021-10-25,68.4,9.940378219037784
2021-10-26,34.4,4.999254542907891
2021-10-27,24.4,3.545982873457923
2021-10-28,18.5,2.6885525884824415
2021-10-29,14.9,2.1653747874804528
2021-10-30,12.5,1.8165895868124604
2021-10-31,10.8,1.569533403005966
2021-11-01,13.1,1.9037858869794586
2021-11-02,12.4,1.802056870117961
2021-11-03,11.7,1.700327853256463
2021-11-04,47.5,6.90304042988735
2021-11-05,40.9,5.9438811280503705
2021-11-06,31.7,4.6068711921564
2021-11-07,25.4,3.6913100404029193
2021-11-08,23.3,3.3861229898184266
2021-11-09,48.2,7.004769446748848
2021-11-10,42.5,6.176404595162365
2021-11-11,34.7,5.04285269299139
2021-11-12,28.7,4.170889691321409
2021-11-13,23.9,3.473319289985424
2021-11-14,20.1,2.921076055594437
2021-11-15,17.3,2.5141599881484455
2021-11-16,15.2,2.208972937563952
2021-11-17,13.6,1.9764494704519568
2021-11-18,12.4,1.802056870117961
2021-11-19,12.9,1.8747204535904594
2021-11-20,11.1,1.6131315530894648
2021-11-21,10.1,1.467804386144468
2021-11-22,9.4,1.3660753692829704
2021-11-23,8.86,1.287598699132672
2021-11-24,8.32,1.2091220289823736
2021-11-25,7.82,1.1364584455098754
2021-11-26,7.55,1.0972201104347261
2021-11-27,7.25,1.0536219603512271
2021-11-28,6.99,1.015836896945528
2021-11-29,6.66,0.967878931853679
2021-11-30,6.38,0.9271873251090799
2021-12-01,6.09,0.8850424466950307
2021-12-02,5.64,0.8196452215697821
2021-12-03,5.23,0.7600610831223336
2021-12-04,5.05,0.733902193072234
2021-12-05,4.86,0.7062900313526846
2021-12-06,4.97,0.7222760197166342
2021-12-07,5.12,0.7440750947583838
2021-12-08,4.75,0.6903040429887349
2021-12-09,4.58,0.6655984246080855
2021-12-10,4.38,0.6365329912190861
2021-12-11,4.51,0.6554255229219357
2021-12-12,14.9,2.1653747874804528
2021-12-13,39.1,5.682292227549377
2021-12-14,44.3,6.43799349566336
2021-12-15,63.5,9.228275101007299
2021-12-16,106.0,15.404679696169666
2021-12-17,71.5,10.390892436567274
2021-12-18,52.0,7.5570126811398355
2021-12-19,41.3,6.0020119948283694
2021-12-20,34.5,5.013787259602391
2021-12-21,33.5,4.868460092657394
2021-12-22,42.1,6.118273728384367
2021-12-23,131.0,19.037858869794587
2021-12-24,129.0,18.747204535904594
2021-12-25,157.0,22.816365210364502
2021-12-26,124.0,18.02056870117961
2021-12-27,102.0,14.823371028389678
2021-12-28,81.9,11.902294972795241
2021-12-29,78.1,11.350051738404252
2021-12-30,69.6,10.11477081937178
2021-12-31,60.0,8.71963001669981
2022-01-01,50.8,7.382620080805839
2022-01-02,43.9,6.379862628885361
2022-01-03,100.0,14.532716694499683
2022-01-04,183.0,26.59487155093442
2022-01-05,128.0,18.601877368959595
2022-01-06,99.5,14.460053111027186
2022-01-07,93.4,13.573557392662705
2022-01-08,82.4,11.97495855626774
2022-01-09,68.9,10.013041802510283
2022-01-10,57.4,8.341779382642818
2022-01-11,49.2,7.150096613693845
2022-01-12,43.1,6.263600895329364
2022-01-13,38.7,5.624161360771378
2022-01-14,34.8,5.05738540968589
2022-01-15,31.3,4.548740325378401
2022-01-16,28.5,4.14182425793241
2022-01-17,26.1,3.7930390572644175
2022-01-18,23.8,3.458786573290925
2022-01-19,21.7,3.1535995227064313
2022-01-20,20.0,2.9065433388999367
2022-01-21,18.5,2.6885525884824415
2022-01-22,17.3,2.5141599881484455
2022-01-23,16.1,2.339767387814449
2022-01-24,15.0,2.1799075041749525
2022-01-25,14.2,2.063645770618955
2022-01-26,13.4,1.9473840370629576
2022-01-27,12.6,1.8311223035069601
2022-01-28,11.9,1.7293932866454624
2022-01-29,11.4,1.656729703172964
2022-01-30,10.8,1.569533403005966
2022-01-31,10.4,1.5114025362279673
2022-02-01,9.94,1.4445520394332685
2022-02-02,9.52,1.3835146293163698
2022-02-03,9.15,1.3297435775467212
2022-02-04,8.76,1.2730659824381723
2022-02-05,8.47,1.2309211040241232
2022-02-06,8.16,1.1858696822711743
2022-02-07,7.9,1.148084618865475
2022-02-08,7.57,1.100126653773626
2022-02-09,7.34,1.0667014053762767
2022-02-10,7.15,1.0390892436567274
2022-02-11,6.93,1.007117266928828
2022-02-12,6.69,0.9722387468620289
2022-02-13,6.46,0.9388134984646795
2022-02-14,6.27,0.9112013367451302
2022-02-15,6.12,0.8894022617033807
2022-02-16,5.97,0.867603186661631
2022-02-17,5.73,0.8327246665948319
2022-02-18,5.56,0.8080190482141824
2022-02-19,5.38,0.7818601581640829
2022-02-20,5.23,0.7600610831223336
2022-02-21,5.17,0.7513414531056336
2022-02-22,5.05,0.733902193072234
2022-02-23,4.88,0.7091965746915846
2022-02-24,4.73,0.6873974996498351
2022-02-25,4.57,0.6641451529386356
2022-02-26,4.44,0.645252621235786
2022-02-27,4.35,0.6321731762107362
2022-02-28,4.23,0.6147339161773366
2022-03-01,4.18,0.6074675578300868
2022-03-02,4.07,0.5914815694661372
2022-03-03,3.99,0.5798553961105374
2022-03-04,3.98,0.5784021244410874
2022-03-05,3.84,0.5580563210687879
2022-03-06,3.72,0.5406170610353883
2022-03-07,3.62,0.5260843443408886
2022-03-08,3.5,0.5086450843074889
2022-03-09,3.44,0.4999254542907891
2022-03-10,3.33,0.4839394659268395
2022-03-11,3.18,0.46214039088508996
2022-03-12,3.16,0.45923384754619
2022-03-13,3.76,0.5464301477131881
2022-03-14,3.28,0.4766731075795896
2022-03-15,4.57,0.6641451529386356
2022-03-16,3.4,0.4941123676129892
2022-03-17,3.11,0.45196748919894014
2022-03-18,2.92,0.42435532747939075
2022-03-19,3.04,0.4417945875127904
2022-03-20,2.87,0.41708896913214094
2022-03-21,2.71,0.3938366224209414
2022-03-22,2.65,0.38511699240424163
2022-03-23,2.6,0.3778506340569918
2022-03-24,2.49,0.36186464569304216
2022-03-25,2.41,0.3502384723374424
2022-03-26,2.38,0.34587865732909245
2022-03-27,2.37,0.34442538565964254
2022-03-28,2.45,0.35605155901524227
2022-03-29,2.35,0.3415188423207426
2022-03-30,2.25,0.3269861256262429
2022-03-31,2.17,0.3153599522706431
2022-04-01,2.15,0.31245340893174317
2022-04-02,2.07,0.30082723557614344
2022-04-03,1.99,0.2892010622205437
2022-04-04,2.01,0.2921076055594436
2022-04-05,2.03,0.29501414889834354
2022-04-06,1.98,0.28774779055109373
2022-04-07,1.93,0.2804814322038439
2022-04-08,1.88,0.27321507385659405
2022-04-09,1.85,0.2688552588482442
2022-04-10,1.8,0.2615889005009943
2022-04-11,3.23,0.46940674923233977
2022-04-12,2.61,0.37930390572644174
2022-04-13,2.93,0.4258085991488408
2022-04-14,24.0,3.4878520066799243
2022-04-15,12.4,1.802056870117961
2022-04-16,34.5,5.013787259602391
2022-04-17,22.1,3.2117303894844302
2022-04-18,21.1,3.0664032225394333
2022-04-19,30.2,4.3888804417389045
2022-04-20,33.6,4.882992809351894
2022-04-21,62.8,9.1265460841458
2022-04-22,54.9,7.9784614652803265
2022-04-23,43.5,6.321731762107363
2022-04-24,35.4,5.144581709852888
2022-04-25,29.1,4.229020558099408
2022-04-26,24.2,3.5169174400689234
2022-04-27,20.5,2.9792069223724353
2022-04-28,17.6,2.5577581382319448
2022-04-29,15.3,2.2235056542584517
2022-04-30,13.8,2.0055149038409565
2022-05-01,12.5,1.8165895868124604
2022-05-02,11.3,1.6421969864784645
2022-05-03,10.4,1.5114025362279673
2022-05-04,9.6,1.3951408026719696
2022-05-05,9.0,1.3079445025049716
2022-05-06,9.33,1.3559024675968205
2022-05-07,9.11,1.3239304908689211
2022-05-08,9.69,1.4082202476970194
2022-05-09,12.1,1.7584587200344617
2022-05-10,11.3,1.6421969864784645
2022-05-11,10.6,1.5404679696169665
2022-05-12,9.96,1.4474585827721687
2022-05-13,9.55,1.38787444432472
2022-05-14,9.11,1.3239304908689211
2022-05-15,8.59,1.248360364057523
2022-05-16,8.15,1.1844164106017243
2022-05-17,7.74,1.1248322721542756
2022-05-18,8.07,1.1727902372461245
2022-05-19,9.07,1.3181174041911214
2022-05-20,8.98,1.3050379591660717
2022-05-21,8.65,1.2570799940742228
2022-05-22,8.27,1.2018556706351238
2022-05-23,7.95,1.1553509772127248
2022-05-24,7.48,1.0870472087485765
2022-05-25,7.18,1.0434490586650773
2022-05-26,6.86,0.9969443652426784
2022-05-27,6.66,0.967878931853679
2022-05-28,7.13,1.0361827003178274
2022-05-29,6.89,1.001304180251028
2022-05-30,6.45,0.9373602267952297
2022-05-31,6.19,0.8995751633895305
2022-06-01,5.91,0.8588835566449313
2022-06-02,5.63,0.8181919499003322
2022-06-03,5.52,0.8022059615363825
2022-06-04,6.01,0.873416273339431
2022-06-05,11.4,1.656729703172964
2022-06-06,7.75,1.1262855438237256
2022-06-07,6.76,0.9824116485481786
2022-06-08,6.15,0.8937620767117306
2022-06-09,5.74,0.8341779382642819
2022-06-10,5.48,0.7963928748585828
2022-06-11,5.3,0.7702339848084833
2022-06-12,5.87,0.8530704699671314
2022-06-13,5.44,0.7905797881807829
2022-06-14,5.12,0.7440750947583838
2022-06-15,4.88,0.7091965746915846
2022-06-16,4.75,0.6903040429887349
2022-06-17,4.71,0.6844909563109352
2022-06-18,4.54,0.6597853379302856
2022-06-19,4.38,0.6365329912190861
2022-06-20,4.22,0.6132806445078867
2022-06-21,4.01,0.5827619394494373
2022-06-22,3.79,0.550789962721538
2022-06-23,3.71,0.5391637893659382
2022-06-24,3.62,0.5260843443408886
2022-06-25,3.47,0.5042852692991391
2022-06-26,3.37,0.48975255260463935
2022-06-27,3.29,0.4781263792490396
2022-06-28,3.2,0.4650469342239899
2022-06-29,3.19,0.46359366255453993
2022-06-30,3.14,0.45632730420729006
2022-07-01,3.05,0.44324785918224036
2022-07-02,3.02,0.43888804417389043
2022-07-03,3.06,0.44470113085169033
2022-07-04,3.35,0.4868460092657394
2022-07-05,3.95,0.5740423094327375
2022-07-06,3.51,0.5100983559769389
2022-07-07,3.3,0.47957965091848953
2022-07-08,3.07,0.44615440252114025
2022-07-09,2.89,0.4199955124710409
2022-07-10,2.83,0.41127588245434105
2022-07-11,2.66,0.3865702640736916
2022-07-12,2.5,0.3633179173624921
2022-07-13,2.43,0.3531450156763423
2022-07-14,2.36,0.3429721139901925
2022-07-15,2.33,0.33861229898184264
2022-07-16,2.25,0.3269861256262429
2022-07-17,2.19,0.31826649560954307
2022-07-18,2.09,0.3037337789150434
2022-07-19,1.99,0.2892010622205437
2022-07-20,1.95,0.2833879755427438
2022-07-21,1.88,0.27321507385659405
2022-07-22,1.83,0.26594871550934424
2022-07-23,1.8,0.2615889005009943
2022-07-24,1.72,0.24996272714539455
2022-07-25,1.65,0.23978982545924477
2022-07-26,1.58,0.229616923773095
2022-07-27,1.51,0.21944402208694522
2022-07-28,1.47,0.21363093540914535
2022-07-29,1.42,0.2063645770618955
2022-07-30,1.4,0.20345803372299556
2022-07-31,1.4,0.20345803372299556
2022-08-01,1.36,0.19764494704519572
2022-08-02,1.35,0.19619167537574575
2022-08-03,1.31,0.19037858869794586
2022-08-04,1.26,0.18311223035069601
2022-08-05,1.2,0.1743926003339962
2022-08-06,1.22,0.17729914367289615
2022-08-07,1.27,0.184565502020146
2022-08-08,1.27,0.184565502020146
2022-08-09,1.27,0.184565502020146
2022-08-10,1.27,0.184565502020146
2022-08-11,1.27,0.184565502020146
2022-08-12,1.26,0.18311223035069601
2022-08-13,1.2,0.1743926003339962
2022-08-14,1.13,0.1642196986478464
2022-08-15,1.11,0.1613131553089465
2022-08-16,1.07,0.15550006863114663
2022-08-17,0.98,0.1424206236060969
2022-08-18,0.92,0.1337009935893971
2022-08-19,0.88,0.1278879069115972
2022-08-20,0.88,0.1278879069115972
2022-08-21,0.85,0.1235280919032473
2022-08-22,0.82,0.1191682768948974
2022-08-23,0.86,0.12498136357269728
2022-08-24,0.84,0.12207482023379734
2022-08-25,0.79,0.1148084618865475
2022-08-26,0.76,0.1104486468781976
2022-08-27,0.75,0.10899537520874764
2022-08-28,0.74,0.10754210353929766
2022-08-29,0.71,0.10318228853094775
2022-08-30,0.68,0.09882247352259786
2022-08-31,0.69,0.10027574519204781
2022-09-01,0.66,0.09591593018369791
2022-09-02,0.65,0.09446265851424795
2022-09-03,0.65,0.09446265851424795
2022-09-04,0.68,0.09882247352259786
2022-09-05,0.66,0.09591593018369791
2022-09-06,0.61,0.08864957183644807
2022-09-07,0.56,0.08138321348919823
2022-09-08,0.55,0.07992994181974827
2022-09-09,0.54,0.0784766701502983
2022-09-10,0.51,0.07411685514194839
2022-09-11,0.58,0.08428975682809817
2022-09-12,0.61,0.08864957183644807
2022-09-13,0.61,0.08864957183644807
2022-09-14,0.66,0.09591593018369791
2022-09-15,0.71,0.10318228853094775
2022-09-16,0.74,0.10754210353929766
2022-09-17,0.76,0.1104486468781976
2022-09-18,2.92,0.42435532747939075
2022-09-19,2.04,0.29646742056779357
2022-09-20,1.56,0.22671038043419509
2022-09-21,1.57,0.22816365210364503
2022-09-22,1.29,0.18747204535904594
2022-09-23,1.1,0.15985988363949655
2022-09-24,0.98,0.1424206236060969
2022-09-25,0.88,0.1278879069115972
2022-09-26,0.82,0.1191682768948974
2022-09-27,0.78,0.11335519021709754
2022-09-28,0.77,0.11190191854764757
2022-09-29,0.78,0.11335519021709754
2022-09-30,0.78,0.11335519021709754
2022-10-01,0.77,0.11190191854764757
2022-10-02,0.75,0.10899537520874764
2022-10-03,0.8,0.11626173355599748
2022-10-04,0.81,0.11771500522544745
2022-10-05,0.8,0.11626173355599748
2022-10-06,0.78,0.11335519021709754
2022-10-07,0.75,0.10899537520874764
2022-10-08,0.72,0.10463556020039771
2022-10-09,0.69,0.10027574519204781
2022-10-10,0.67,0.09736920185314789
2022-10-11,0.66,0.09591593018369791
2022-10-12,0.65,0.09446265851424795
2022-10-13,0.64,0.09300938684479798
2022-10-14,0.63,0.09155611517534801
2022-10-15,0.65,0.09446265851424795
2022-10-16,0.76,0.1104486468781976
2022-10-17,0.88,0.1278879069115972
2022-10-18,0.97,0.14096735193664692
2022-10-19,0.9,0.13079445025049716
2022-10-20,0.88,0.1278879069115972
2022-10-21,0.89,0.12934117858104718
2022-10-22,1.16,0.16857951365619633
2022-10-23,1.25,0.18165895868124604
2022-10-24,1.36,0.19764494704519572
2022-10-25,1.43,0.20781784873134548
2022-10-26,1.46,0.21217766373969538
2022-10-27,1.47,0.21363093540914535
2022-10-28,1.53,0.22235056542584516
2022-10-29,1.56,0.22671038043419509
2022-10-30,1.64,0.2383365537897948
2022-10-31,1.65,0.23978982545924477
2022-11-01,2.99,0.43452822916554057
2022-11-02,2.27,0.3298926689651428
2022-11-03,1.96,0.2848412472121938
2022-11-04,1.87,0.27176180218714413
2022-11-05,3.19,0.46359366255453993
2022-11-06,3.91,0.5682292227549377
2022-11-07,7.18,1.0434490586650773
2022-11-08,6.56,0.9533462151591792
2022-11-09,4.45,0.646705892905236
2022-11-10,3.02,0.43888804417389043
2022-11-11,2.35,0.3415188423207426
2022-11-12,2.4,0.3487852006679924
2022-11-13,2.23,0.32407958228734296
2022-11-14,2.11,0.30664032225394333
2022-11-15,2.05,0.2979206922372435
2022-11-16,1.96,0.2848412472121938
2022-11-17,1.89,0.274668345526044
2022-11-18,1.82,0.26449544383989426
2022-11-19,1.78,0.25868235716209437
2022-11-20,1.74,0.2528692704842945
2022-11-21,1.73,0.25141599881484455
2022-11-22,1.7,0.2470561838064946
2022-11-23,1.68,0.2441496404675947
2022-11-24,1.67,0.2426963687981447
2022-11-25,1.62,0.2354300104508949
2022-11-26,1.61,0.23397673878144493
2022-11-27,1.55,0.2252571087647451
2022-11-28,1.58,0.229616923773095
2022-11-29,1.57,0.22816365210364503
2022-11-30,1.7,0.2470561838064946
2022-12-01,6.74,0.9795051052092787
2022-12-02,3.83,0.5566030493993379
2022-12-03,3.0,0.43598150083499054
2022-12-04,4.25,0.6176404595162366
2022-12-05,6.97,1.0129303536066279
2022-12-06,5.74,0.8341779382642819
2022-12-07,4.37,0.6350797195496362
2022-12-08,5.58,0.8109255915530824
2022-12-09,7.28,1.057981775359577
2022-12-10,43.2,6.278133612023864
2022-12-11,33.1,4.8103292258793955
2022-12-12,19.5,2.8338797554274384
2022-12-13,14.3,2.078178487313455
2022-12-14,11.7,1.700327853256463
2022-12-15,10.2,1.4823371028389676
2022-12-16,9.2,1.3370099358939709
2022-12-17,8.42,1.2236547456768734
2022-12-18,7.82,1.1364584455098754
2022-12-19,7.29,1.059435047029027
2022-12-20,6.93,1.007117266928828
2022-12-21,6.7,0.9736920185314788
2022-12-22,6.65,0.966425660184229
2022-12-23,7.32,1.063794862037377
2022-12-24,7.07,1.0274630703011276
2022-12-25,6.68,0.9707854751925789
2022-12-26,8.19,1.190229497279524
2022-12-27,133.0,19.32851320368458
2022-12-28,53.1,7.716872564779332
2022-12-29,41.1,5.97294656143937
2022-12-30,604.0,87.77760883477809
2022-12-31,271.0,39.38366224209415
2023-01-01,122.0,17.729914367289613
2023-01-02,77.5,11.262855438237255
2023-01-03,59.6,8.661499149921811
2023-01-04,61.0,8.864957183644806
2023-01-05,134.0,19.473840370629578
2023-01-06,142.0,20.63645770618955
2023-01-07,158.0,22.9616923773095
2023-01-08,227.0,32.98926689651428
2023-01-09,238.0,34.58786573290925
2023-01-10,215.0,31.24534089317432
2023-01-11,223.0,32.407958228734294
2023-01-12,203.0,29.501414889834358
2023-01-13,185.0,26.885525884824414
2023-01-14,232.0,33.71590273123927
2023-01-15,231.0,33.570575564294266
2023-01-16,165.0,23.978982545924477
2023-01-17,110.0,15.985988363949652
2023-01-18,84.9,12.338276473630232
2023-01-19,70.4,10.231032552927779
2023-01-20,60.6,8.80682631686681
2023-01-21,53.7,7.804068864946331
2023-01-22,48.1,6.990236730054348
2023-01-23,42.8,6.220002745245864
2023-01-24,37.8,5.49336691052088
2023-01-25,34.0,4.941123676129893
2023-01-26,30.9,4.490609458600402
2023-01-27,28.5,4.14182425793241
2023-01-28,26.7,3.8802353574314155
2023-01-29,24.9,3.618646456930421
2023-01-30,23.2,3.3715902731239265
2023-01-31,21.7,3.1535995227064313
2023-02-01,20.6,2.993739639066935
2023-02-02,19.5,2.8338797554274384
2023-02-03,20.0,2.9065433388999367
2023-02-04,19.8,2.8774779055109376
2023-02-05,35.0,5.086450843074889
2023-02-06,34.2,4.970189109518892
2023-02-07,31.1,4.519674891989402
2023-02-08,28.5,4.14182425793241
2023-02-09,26.5,3.8511699240424164
2023-02-10,25.1,3.647711890319421
2023-02-11,23.8,3.458786573290925
2023-02-12,22.2,3.2262631061789295
2023-02-13,20.9,3.037337789150434
2023-02-14,19.9,2.892010622205437
2023-02-15,18.8,2.7321507385659407
2023-02-16,18.0,2.6158890050099433
2023-02-17,17.3,2.5141599881484455
2023-02-18,16.5,2.3978982545924477
2023-02-19,15.7,2.28163652103645
2023-02-20,15.0,2.1799075041749525
2023-02-21,14.8,2.1508420707859535
2023-02-22,14.6,2.121776637396954
2023-02-23,14.6,2.121776637396954
2023-02-24,14.6,2.121776637396954
2023-02-25,14.3,2.078178487313455
2023-02-26,15.7,2.28163652103645
2023-02-27,19.1,2.77574888864944
2023-02-28,27.6,4.011029807681913
2023-03-01,28.5,4.14182425793241
2023-03-02,25.0,3.633179173624921
2023-03-03,23.3,3.3861229898184266
2023-03-04,25.0,3.633179173624921
2023-03-05,28.0,4.069160674459911
2023-03-06,29.7,4.316216858266406
2023-03-07,31.6,4.5923384754619
2023-03-08,37.3,5.420703327048382
2023-03-09,62.0,9.010284350589805
2023-03-10,186.0,27.030853051769412
2023-03-11,119.0,17.293932866454625
2023-03-12,172.0,24.996272714539455
2023-03-13,331.0,48.10329225879396
2023-03-14,413.0,60.02011994828369
2023-03-15,284.0,41.2729154123791
2023-03-16,167.0,24.26963687981447
2023-03-17,112.0,16.276642697839645
2023-03-18,86.5,12.570799940742226
2023-03-19,84.7,12.309211040241232
2023-03-20,86.5,12.570799940742226
2023-03-21,77.0,11.190191854764757
2023-03-22,64.1,9.315471401174296
2023-03-23,55.5,8.065657765447325
2023-03-24,49.4,7.179162047082843
2023-03-25,44.2,6.4234607789688605
2023-03-26,39.6,5.754955811021875
2023-03-27,35.7,5.188179859936388
2023-03-28,57.1,8.298181232559319
2023-03-29,72.4,10.521686886817772
2023-03-30,68.4,9.940378219037784
2023-03-31,59.4,8.632433716532812
2023-04-01,55.7,8.094723198836324
2023-04-02,54.5,7.920330598502328
2023-04-03,50.3,7.30995649733334
2023-04-04,45.6,6.626918812691856
2023-04-05,41.2,5.98747927813387
2023-04-06,38.6,5.609628644076878
2023-04-07,58.8,8.545237416365813
2023-04-08,57.7,8.385377532726318
2023-04-09,53.2,7.731405281473832
2023-04-10,50.2,7.295423780638842
2023-04-11,49.8,7.237292913860842
2023-04-12,45.5,6.612386095997356
2023-04-13,39.8,5.784021244410874
2023-04-14,34.5,5.013787259602391
2023-04-15,30.4,4.417945875127904
2023-04-16,27.6,4.011029807681913
2023-04-17,26.3,3.822104490653417
2023-04-18,24.9,3.618646456930421
2023-04-19,22.7,3.298926689651428
2023-04-20,21.0,3.0518705058449336
2023-04-21,19.8,2.8774779055109376
2023-04-22,19.3,2.804814322038439
2023-04-23,18.8,2.7321507385659407
2023-04-24,17.8,2.586823571620944
2023-04-25,16.8,2.441496404675947
2023-04-26,15.9,2.3107019544254497
2023-04-27,14.9,2.1653747874804528
2023-04-28,13.9,2.0200476205354563
2023-04-29,13.0,1.8892531702849589
2023-04-30,12.3,1.7875241534234612
2023-05-01,11.9,1.7293932866454624
2023-05-02,11.8,1.7148605699509627
2023-05-03,11.1,1.6131315530894648
2023-05-04,10.6,1.5404679696169665
2023-05-05,11.1,1.6131315530894648
2023-05-06,12.9,1.8747204535904594
2023-05-07,10.8,1.569533403005966
2023-05-08,15.0,2.1799075041749525
2023-05-09,14.7,2.1363093540914533
2023-05-10,13.3,1.932851320368458
2023-05-11,12.4,1.802056870117961
2023-05-12,11.7,1.700327853256463
2023-05-13,11.2,1.6276642697839645
2023-05-14,10.7,1.555000686311466
2023-05-15,10.2,1.4823371028389676
2023-05-16,9.85,1.4314725944082187
2023-05-17,9.53,1.3849679009858198
2023-05-18,9.18,1.334103392555071
2023-05-19,8.8,1.2788790691159724
2023-05-20,8.57,1.245453820718623
2023-05-21,8.33,1.2105753006518236
2023-05-22,8.08,1.1742435089155745
2023-05-23,7.85,1.140818260518225
2023-05-24,7.63,1.108846283790326
2023-05-25,7.41,1.0768743070624265
2023-05-26,7.23,1.0507154170123272
2023-05-27,7.03,1.0216499836233277
2023-05-28,7.14,1.0376359719872774
2023-05-29,7.18,1.0434490586650773
2023-05-30,6.69,0.9722387468620289
2023-05-31,6.55,0.9518929434897293
2023-06-01,6.36,0.9242807817701799
2023-06-02,6.17,0.8966686200506305
2023-06-03,5.99,0.8705097300005311
2023-06-04,5.82,0.8458041116198817
2023-06-05,5.82,0.8458041116198817
2023-06-06,5.66,0.8225517649086821
2023-06-07,5.67,0.8240050365781321
2023-06-08,5.61,0.8152854065614323
2023-06-09,5.44,0.7905797881807829
2023-06-10,5.27,0.7658741698001332
2023-06-11,5.09,0.7397152797500339
2023-06-12,4.94,0.7179162047082844
2023-06-13,4.87,0.7077433030221346
2023-06-14,4.76,0.6917573146581849
2023-06-15,4.62,0.6714115112858854
2023-06-16,4.44,0.645252621235786
2023-06-17,4.3,0.6249068178634863
2023-06-18,4.23,0.6147339161773366
2023-06-19,4.22,0.6132806445078867
2023-06-20,4.25,0.6176404595162366
2023-06-21,4.16,0.6045610144911868
2023-06-22,4.04,0.5871217544577872
2023-06-23,3.95,0.5740423094327375
2023-06-24,3.94,0.5725890377632875
2023-06-25,3.85,0.5595095927382379
2023-06-26,3.72,0.5406170610353883
2023-06-27,3.65,0.5304441593492385
2023-06-28,3.57,0.5188179859936387
2023-06-29,3.43,0.4984721826213392
2023-06-30,3.28,0.4766731075795896
2023-07-01,3.14,0.45632730420729006
2023-07-02,3.02,0.43888804417389043
2023-07-03,2.91,0.42290205580994084
2023-07-04,2.83,0.41127588245434105
2023-07-05,2.77,0.40255625243764126
2023-07-06,2.73,0.39674316575984137
2023-07-07,2.7,0.3923833507514915
2023-07-08,2.66,0.3865702640736916
2023-07-09,2.69,0.39093007908204147
2023-07-10,2.64,0.38366372073479166
2023-07-11,2.52,0.36622446070139203
2023-07-12,2.44,0.3545982873457923
2023-07-13,2.39,0.3473319289985425
2023-07-14,2.34,0.34006557065129256
2023-07-15,2.24,0.32553285395679293
2023-07-16,2.15,0.31245340893174317
2023-07-17,2.06,0.2993739639066935
2023-07-18,2.04,0.29646742056779357
2023-07-19,2.01,0.2921076055594436
2023-07-20,1.96,0.2848412472121938
2023-07-21,1.91,0.27757488886494397
2023-07-22,1.85,0.2688552588482442
2023-07-23,1.8,0.2615889005009943
2023-07-24,1.77,0.2572290854926444
2023-07-25,1.77,0.2572290854926444
2023-07-26,1.77,0.2572290854926444
2023-07-27,1.72,0.24996272714539455
2023-07-28,1.68,0.2441496404675947
2023-07-29,1.66,0.24124309712869474
2023-07-30,1.64,0.2383365537897948
2023-07-31,1.61,0.23397673878144493
2023-08-01,1.57,0.22816365210364503
2023-08-02,1.53,0.22235056542584516
2023-08-03,1.52,0.2208972937563952
2023-08-04,1.52,0.2208972937563952
2023-08-05,1.48,0.21508420707859532
2023-08-06,1.42,0.2063645770618955
2023-08-07,1.38,0.20055149038409562
2023-08-08,1.37,0.1990982187146457
2023-08-09,1.36,0.19764494704519572
2023-08-10,1.33,0.1932851320368458
2023-08-11,1.31,0.19037858869794586
2023-08-12,1.29,0.18747204535904594
2023-08-13,1.26,0.18311223035069601
2023-08-14,1.21,0.17584587200344617
2023-08-15,1.19,0.17293932866454623
2023-08-16,1.14,0.1656729703172964
2023-08-17,1.09,0.15840661197004657
2023-08-18,1.04,0.1511402536227967
2023-08-19,1.04,0.1511402536227967
2023-08-20,1.03,0.14968698195334676
2023-08-21,1.14,0.1656729703172964
2023-08-22,1.27,0.184565502020146
2023-08-23,1.26,0.18311223035069601
2023-08-24,1.17,0.17003278532564628
2023-08-25,1.09,0.15840661197004657
2023-08-26,1.04,0.1511402536227967
2023-08-27,1.0,0.14532716694499684
2023-08-28,0.99,0.14387389527554686
2023-08-29,0.96,0.13951408026719697
2023-08-30,0.94,0.13660753692829702
2023-08-31,0.93,0.13515426525884708
2023-09-01,0.97,0.14096735193664692
2023-09-02,1.15,0.16712624198674636
2023-09-03,1.2,0.1743926003339962
2023-09-04,1.17,0.17003278532564628
2023-09-05,1.11,0.1613131553089465
2023-09-06,1.05,0.15259352529224668
2023-09-07,1.06,0.15404679696169665
2023-09-08,1.02,0.14823371028389679
2023-09-09,0.98,0.1424206236060969
2023-09-10,0.96,0.13951408026719697
2023-09-11,0.93,0.13515426525884708
2023-09-12,0.95,0.138060808597747
2023-09-13,0.93,0.13515426525884708
2023-09-14,0.9,0.13079445025049716
2023-09-15,0.86,0.12498136357269728
2023-09-16,0.86,0.12498136357269728
2023-09-17,0.87,0.12643463524214724
2023-09-18,0.89,0.12934117858104718
2023-09-19,0.91,0.13224772191994713
2023-09-20,0.88,0.1278879069115972
2023-09-21,0.84,0.12207482023379734
2023-09-22,0.85,0.1235280919032473
2023-09-23,0.85,0.1235280919032473
2023-09-24,0.85,0.1235280919032473
2023-09-25,1.23,0.17875241534234612
2023-09-26,1.53,0.22235056542584516
2023-09-27,1.28,0.18601877368959596
2023-09-28,1.16,0.16857951365619633
2023-09-29,1.11,0.1613131553089465
2023-09-30,1.17,0.17003278532564628
2023-10-01,1.12,0.16276642697839647
2023-10-02,1.07,0.15550006863114663
2023-10-03,1.06,0.15404679696169665
2023-10-04,1.03,0.14968698195334676
2023-10-05,1.01,0.1467804386144468
2023-10-06,1.0,0.14532716694499684
2023-10-07,0.97,0.14096735193664692
2023-10-08,0.95,0.138060808597747
2023-10-09,1.23,0.17875241534234612
2023-10-10,1.51,0.21944402208694522
2023-10-11,1.46,0.21217766373969538
2023-10-12,1.36,0.19764494704519572
2023-10-13,1.28,0.18601877368959596
2023-10-14,1.29,0.18747204535904594
2023-10-15,1.26,0.18311223035069601
2023-10-16,1.33,0.1932851320368458
2023-10-17,1.42,0.2063645770618955
2023-10-18,1.36,0.19764494704519572
2023-10-19,1.26,0.18311223035069601
2023-10-20,1.18,0.17148605699509625
2023-10-21,1.14,0.1656729703172964
2023-10-22,1.52,0.2208972937563952
2023-10-23,1.44,0.20927112040079543
2023-10-24,1.36,0.19764494704519572
2023-10-25,1.33,0.1932851320368458
2023-10-26,1.33,0.1932851320368458
2023-10-27,1.28,0.18601877368959596
2023-10-28,1.26,0.18311223035069601
2023-10-29,1.23,0.17875241534234612
2023-10-30,1.18,0.17148605699509625
2023-10-31,1.19,0.17293932866454623
2023-11-01,1.18,0.17148605699509625
2023-11-02,1.16,0.16857951365619633
2023-11-03,1.23,0.17875241534234612
2023-11-04,1.27,0.184565502020146
2023-11-05,1.68,0.2441496404675947
2023-11-06,3.93,0.5711357660938376
2023-11-07,3.26,0.47376656424068964
2023-11-08,2.16,0.3139066806011932
2023-11-09,1.62,0.2354300104508949
2023-11-10,1.36,0.19764494704519572
2023-11-11,1.19,0.17293932866454623
2023-11-12,1.05,0.15259352529224668
2023-11-13,0.92,0.1337009935893971
2023-11-14,1.29,0.18747204535904594
2023-11-15,1.52,0.2208972937563952
2023-11-16,1.39,0.2020047620535456
2023-11-17,1.22,0.17729914367289615
2023-11-18,5.47,0.7949396031891327
2023-11-19,6.01,0.873416273339431
2023-11-20,2.65,0.38511699240424163
2023-11-21,1.87,0.27176180218714413
2023-11-22,1.47,0.21363093540914535
2023-11-23,1.26,0.18311223035069601
2023-11-24,1.12,0.16276642697839647
2023-11-25,1.05,0.15259352529224668
2023-11-26,0.99,0.14387389527554686
2023-11-27,0.98,0.1424206236060969
2023-11-28,0.93,0.13515426525884708
2023-11-29,1.13,0.1642196986478464
2023-11-30,1.1,0.15985988363949655
2023-12-01,1.21,0.17584587200344617
2023-12-02,3.05,0.44324785918224036
2023-12-03,16.3,2.3688328212034486
2023-12-04,7.89,1.146631347196025
2023-12-05,4.71,0.6844909563109352
2023-12-06,6.24,0.9068415217367803
2023-12-07,16.9,2.456029121370446
2023-12-08,12.0,1.7439260033399622
2023-12-09,7.47,1.0855939370791263
2023-12-10,5.5,0.7992994181974826
2023-12-11,4.52,0.6568787945913857
2023-12-12,3.85,0.5595095927382379
2023-12-13,3.25,0.4723132925712397
2023-12-14,2.82,0.4098226107848911
2023-12-15,2.5,0.3633179173624921
2023-12-16,2.26,0.3284393972956928
2023-12-17,3.18,0.46214039088508996
2023-12-18,9.59,1.3936875310025196
2023-12-19,52.7,7.658741698001334
2023-12-20,71.3,10.361827003178274
2023-12-21,35.3,5.130048993158388
2023-12-22,22.5,3.2698612562624287
2023-12-23,16.8,2.441496404675947
2023-12-24,13.5,1.9619167537574573
2023-12-25,11.4,1.656729703172964
2023-12-26,10.0,1.4532716694499683
2023-12-27,13.6,1.9764494704519568
2023-12-28,12.9,1.8747204535904594
2023-12-29,17.7,2.572290854926444
2023-12-30,38.0,5.5224323439098795
2023-12-31,34.2,4.970189109518892
2024-01-01,26.3,3.822104490653417
2024-01-02,28.6,4.15635697462691
2024-01-03,46.6,6.772245979636853
2024-01-04,40.5,5.8857502612723716
2024-01-05,32.2,4.679534775628898
2024-01-06,29.9,4.345282291655406
2024-01-07,25.5,3.7058427570974195
2024-01-08,22.6,3.284393972956929
2024-01-09,27.2,3.9528989409039137
2024-01-10,89.1,12.948650574799217
2024-01-11,104.0,15.114025362279671
2024-01-12,65.9,9.577060301675292
2024-01-13,217.0,31.535995227064316
2024-01-14,216.0,31.390668060119317
2024-01-15,116.0,16.857951365619634
2024-01-16,86.2,12.527201790658728
2024-01-17,79.1,11.495378905349249
2024-01-18,69.2,10.056639952593782
2024-01-19,60.7,8.821359033561308
2024-01-20,101.0,14.678043861444682
2024-01-21,154.0,22.380383709529514
2024-01-22,148.0,21.508420707859532
2024-01-23,112.0,16.276642697839645
2024-01-24,92.4,13.428230225717709
2024-01-25,82.5,11.989491272962239
2024-01-26,71.9,10.449023303345273
2024-01-27,62.1,9.024817067284303
2024-01-28,53.4,7.760470714862831
2024-01-29,46.1,6.699582396164354
2024-01-30,40.1,5.8276193944943735
2024-01-31,77.0,11.190191854764757
2024-02-01,117.0,17.00327853256463
2024-02-02,123.0,17.87524153423461
2024-02-03,110.0,15.985988363949652
2024-02-04,131.0,19.037858869794587
2024-02-05,230.0,33.42524839734927
2024-02-06,184.0,26.74019871787942
2024-02-07,127.0,18.456550202014597
2024-02-08,92.9,13.500893809190208
2024-02-09,74.1,10.768743070624264
2024-02-10,61.9,8.995751633895305
2024-02-11,53.3,7.745937998168331
2024-02-12,46.6,6.772245979636853
2024-02-13,40.8,5.92934841135587
2024-02-14,45.8,6.6559842460808545
2024-02-15,60.6,8.80682631686681
2024-02-16,61.9,8.995751633895305
2024-02-17,65.8,9.562527584980792
2024-02-18,78.5,11.408182605182251
2024-02-19,106.0,15.404679696169666
2024-02-20,163.0,23.688328212034484
2024-02-21,150.0,21.799075041749525
2024-02-22,122.0,17.729914367289613
2024-02-23,94.4,13.718884559607702
2024-02-24,74.8,10.870472087485764
2024-02-25,61.7,8.966686200506306
2024-02-26,52.7,7.658741698001334
2024-02-27,45.3,6.583320662608356
2024-02-28,39.4,5.725890377632875
2024-02-29,57.5,8.356312099337318
2024-03-01,92.6,13.457295659106707
2024-03-02,124.0,18.02056870117961
2024-03-03,104.0,15.114025362279671
2024-03-04,88.9,12.91958514141022
2024-03-05,173.0,25.141599881484453
2024-03-06,253.0,36.7677732370842
2024-03-07,170.0,24.70561838064946
2024-03-08,120.0,17.43926003339962
2024-03-09,93.6,13.602622826051704
2024-03-10,88.0,12.788790691159722
2024-03-11,93.1,13.529959242579205
2024-03-12,95.5,13.878744443247198
2024-03-13,86.4,12.556267224047728
2024-03-14,74.7,10.855939370791264
2024-03-15,63.4,9.2137423843128
2024-03-16,54.6,7.934863315196828
2024-03-17,47.9,6.9611712966653485
2024-03-18,42.5,6.176404595162365
2024-03-19,37.3,5.420703327048382
2024-03-20,33.4,4.853927375962894
2024-03-21,30.4,4.417945875127904
2024-03-22,37.6,5.464301477131881
2024-03-23,86.5,12.570799940742226
2024-03-24,135.0,19.619167537574572
2024-03-25,102.0,14.823371028389678
2024-03-26,76.8,11.161126421375757
2024-03-27,95.2,13.8351462931637
2024-03-28,117.0,17.00327853256463
2024-03-29,99.0,14.387389527554687
2024-03-30,80.4,11.684304222377747
2024-03-31,65.5,9.518929434897293
2024-04-01,54.9,7.9784614652803265
2024-04-02,47.0,6.830376846414851
2024-04-03,41.0,5.958413844744871
2024-04-04,38.7,5.624161360771378
2024-04-05,35.0,5.086450843074889
2024-04-06,31.5,4.577805758767401
2024-04-07,29.3,4.258085991488407
2024-04-08,27.4,3.981964374292913
2024-04-09,25.6,3.7203754737919192
2024-04-10,23.9,3.473319289985424
2024-04-11,22.5,3.2698612562624287
2024-04-12,21.3,3.095468655928433
2024-04-13,24.2,3.5169174400689234
2024-04-14,22.8,3.313459406345928
2024-04-15,22.2,3.2262631061789295
2024-04-16,21.4,3.110001372622932
2024-04-17,20.5,2.9792069223724353
2024-04-18,19.6,2.848412472121938
2024-04-19,18.7,2.717618021871441
2024-04-20,17.8,2.586823571620944
2024-04-21,17.0,2.4705618380649463
2024-04-22,16.4,2.383365537897948
2024-04-23,15.7,2.28163652103645
2024-04-24,15.2,2.208972937563952
2024-04-25,14.6,2.121776637396954
2024-04-26,14.4,2.0927112040079545
2024-04-27,13.7,1.9909821871464566
2024-04-28,13.3,1.932851320368458
2024-04-29,12.7,1.8456550202014597
2024-04-30,12.3,1.7875241534234612
2024-05-01,11.9,1.7293932866454624
2024-05-02,11.5,1.6712624198674637
2024-05-03,11.2,1.6276642697839645
2024-05-04,21.1,3.0664032225394333
2024-05-05,18.0,2.6158890050099433
2024-05-06,16.4,2.383365537897948
2024-05-07,15.4,2.2380383709529514
2024-05-08,14.6,2.121776637396954
2024-05-09,14.0,2.0345803372299556
2024-05-10,13.3,1.932851320368458
2024-05-11,12.8,1.8601877368959596
2024-05-12,12.3,1.7875241534234612
2024-05-13,11.7,1.700327853256463
2024-05-14,11.4,1.656729703172964
2024-05-15,11.0,1.5985988363949653
2024-05-16,10.6,1.5404679696169665
2024-05-17,10.3,1.4968698195334675
2024-05-18,9.89,1.4372856810860188
2024-05-19,9.53,1.3849679009858198
2024-05-20,9.27,1.3471828375801207
2024-05-21,8.99,1.3064912308355217
2024-05-22,8.74,1.2701594390992723
2024-05-23,8.5,1.2352809190324732
2024-05-24,8.32,1.2091220289823736
2024-05-25,8.12,1.1800565955933742
2024-05-26,7.91,1.149537890534925
2024-05-27,7.73,1.1233790004848256
2024-05-28,7.51,1.0914070237569262
2024-05-29,7.32,1.063794862037377
2024-05-30,7.2,1.0463556020039773
2024-05-31,7.04,1.0231032552927777
2024-06-01,6.84,0.9940378219037783
2024-06-02,6.77,0.9838649202176285
2024-06-03,7.0,1.0172901686149778
2024-06-04,6.71,0.9751452902009288
2024-06-05,6.46,0.9388134984646795
2024-06-06,6.29,0.9141078800840301
2024-06-07,6.12,0.8894022617033807
2024-06-08,5.94,0.8632433716532812
2024-06-09,5.8,0.8428975682809816
2024-06-10,5.68,0.825458308247582
2024-06-11,5.52,0.8022059615363825
2024-06-12,5.43,0.7891265165113328
2024-06-13,5.27,0.7658741698001332
2024-06-14,5.12,0.7440750947583838
2024-06-15,5.07,0.736808736411134
2024-06-16,5.03,0.7309956497333341
2024-06-17,4.94,0.7179162047082844
2024-06-18,4.9,0.7121031180304845
2024-06-19,4.74,0.6888507713192851
2024-06-20,4.57,0.6641451529386356
2024-06-21,4.47,0.6496124362441358
2024-06-22,4.58,0.6655984246080855
2024-06-23,4.59,0.6670516962775355
2024-06-24,4.54,0.6597853379302856
2024-06-25,4.41,0.640892806227436
2024-06-26,4.31,0.6263600895329363
2024-06-27,4.29,0.6234535461940365
2024-06-28,4.26,0.6190937311856864
2024-06-29,4.1,0.595841384474487
2024-06-30,4.0,0.5813086677799874
2024-07-01,3.92,0.5696824944243876
2024-07-02,3.81,0.553696506060438
2024-07-03,3.64,0.5289908876797885
2024-07-04,3.46,0.5028319976296891
2024-07-05,3.37,0.48975255260463935
2024-07-06,3.25,0.4723132925712397
2024-07-07,3.09,0.4490609458600402
2024-07-08,2.99,0.43452822916554057
2024-07-09,2.94,0.4272618708182907
2024-07-10,2.85,0.414182425793241
2024-07-11,2.79,0.4054627957765412
2024-07-12,2.68,0.38947680741259155
2024-07-13,2.6,0.3778506340569918
2024-07-14,2.53,0.36767773237084195
2024-07-15,2.5,0.3633179173624921
2024-07-16,2.53,0.36767773237084195
2024-07-17,2.55,0.3705842757097419
2024-07-18,2.48,0.36041137402359213
2024-07-19,2.37,0.34442538565964254
2024-07-20,2.28,0.3313459406345928
2024-07-21,2.27,0.3298926689651428
2024-07-22,2.26,0.3284393972956928
2024-07-23,2.17,0.3153599522706431
2024-07-24,2.06,0.2993739639066935
2024-07-25,2.01,0.2921076055594436
2024-07-26,2.0,0.2906543338899937
2024-07-27,2.0,0.2906543338899937
2024-07-28,2.02,0.2935608772288936
2024-07-29,2.01,0.2921076055594436
2024-07-30,2.01,0.2921076055594436
2024-07-31,1.98,0.28774779055109373
2024-08-01,1.9,0.276121617195494
2024-08-02,1.82,0.26449544383989426
2024-08-03,1.76,0.2557758138231944
2024-08-04,1.72,0.24996272714539455
2024-08-05,1.68,0.2441496404675947
2024-08-06,1.68,0.2441496404675947
2024-08-07,1.65,0.23978982545924477
2024-08-08,1.59,0.23107019544254498
2024-08-09,1.57,0.22816365210364503
2024-08-10,1.56,0.22671038043419509
2024-08-11,1.53,0.22235056542584516
2024-08-12,1.53,0.22235056542584516
2024-08-13,1.53,0.22235056542584516
2024-08-14,1.54,0.22380383709529514
2024-08-15,1.54,0.22380383709529514
2024-08-16,1.55,0.2252571087647451
2024-08-17,1.68,0.2441496404675947
2024-08-18,1.82,0.26449544383989426
2024-08-19,1.75,0.25432254215374445
2024-08-20,1.66,0.24124309712869474
2024-08-21,1.6,0.23252346711199495
2024-08-22,1.55,0.2252571087647451
2024-08-23,1.73,0.25141599881484455
2024-08-24,3.25,0.4723132925712397
2024-08-25,2.43,0.3531450156763423
2024-08-26,1.98,0.28774779055109373
2024-08-27,1.81,0.2630421721704443
2024-08-28,1.71,0.24850945547594458
2024-08-29,1.63,0.23688328212034482
2024-08-30,1.57,0.22816365210364503
2024-08-31,1.53,0.22235056542584516
2024-09-01,1.52,0.2208972937563952
2024-09-02,1.54,0.22380383709529514
2024-09-03,1.54,0.22380383709529514
2024-09-04,1.48,0.21508420707859532
2024-09-05,1.4,0.20345803372299556
2024-09-06,1.35,0.19619167537574575
2024-09-07,1.3,0.1889253170284959
2024-09-08,1.28,0.18601877368959596
2024-09-09,1.25,0.18165895868124604
2024-09-10,1.23,0.17875241534234612
2024-09-11,1.25,0.18165895868124604
2024-09-12,1.32,0.19183186036739583
2024-09-13,1.29,0.18747204535904594
2024-09-14,1.25,0.18165895868124604
2024-09-15,1.21,0.17584587200344617
2024-09-16,1.23,0.17875241534234612
2024-09-17,1.24,0.18020568701179607
2024-09-18,1.27,0.184565502020146
2024-09-19,1.25,0.18165895868124604
2024-09-20,1.19,0.17293932866454623
2024-09-21,1.15,0.16712624198674636
2024-09-22,1.12,0.16276642697839647
2024-09-23,1.09,0.15840661197004657
2024-09-24,1.08,0.1569533403005966
2024-09-25,1.07,0.15550006863114663
2024-09-26,1.1,0.15985988363949655
2024-09-27,1.11,0.1613131553089465
2024-09-28,1.11,0.1613131553089465
2024-09-29,1.07,0.15550006863114663
2024-09-30,1.09,0.15840661197004657
2024-10-01,1.06,0.15404679696169665
2024-10-02,1.03,0.14968698195334676
2024-10-03,1.02,0.14823371028389679
2024-10-04,1.01,0.1467804386144468
2024-10-05,1.0,0.14532716694499684
2024-10-06,1.0,0.14532716694499684
2024-10-07,1.0,0.14532716694499684
2024-10-08,0.98,0.1424206236060969
2024-10-09,0.99,0.14387389527554686
2024-10-10,1.01,0.1467804386144468
2024-10-11,1.0,0.14532716694499684
2024-10-12,1.36,0.19764494704519572
2024-10-13,1.34,0.19473840370629578
2024-10-14,1.32,0.19183186036739583
2024-10-15,1.31,0.19037858869794586
2024-10-16,1.28,0.18601877368959596
2024-10-17,1.24,0.18020568701179607
2024-10-18,1.23,0.17875241534234612
2024-10-19,1.22,0.17729914367289615
2024-10-20,1.19,0.17293932866454623
2024-10-21,1.17,0.17003278532564628
2024-10-22,1.24,0.18020568701179607
2024-10-23,1.23,0.17875241534234612
2024-10-24,1.22,0.17729914367289615
2024-10-25,1.2,0.1743926003339962
2024-10-26,1.2,0.1743926003339962
2024-10-27,1.75,0.25432254215374445
2024-10-28,1.95,0.2833879755427438
2024-10-29,1.77,0.2572290854926444
2024-10-30,1.99,0.2892010622205437
2024-10-31,2.39,0.3473319289985425
2024-11-01,6.12,0.8894022617033807
2024-11-02,5.07,0.736808736411134
2024-11-03,2.7,0.3923833507514915
2024-11-04,2.04,0.29646742056779357
2024-11-05,1.76,0.2557758138231944
2024-11-06,1.62,0.2354300104508949
2024-11-07,1.56,0.22671038043419509
2024-11-08,1.52,0.2208972937563952
2024-11-09,1.52,0.2208972937563952
2024-11-10,1.53,0.22235056542584516
2024-11-11,3.31,0.48103292258793956
2024-11-12,2.94,0.4272618708182907
2024-11-13,10.2,1.4823371028389676
2024-11-14,10.0,1.4532716694499683
2024-11-15,6.1,0.8864957183644807
2024-11-16,4.21,0.6118273728384367
2024-11-17,3.8,0.552243234390988
2024-11-18,3.64,0.5289908876797885
2024-11-19,3.3,0.47957965091848953
2024-11-20,87.3,12.687061674298224
2024-11-21,448.0,65.10657079135858
2024-11-22,749.0,108.85004804180264
2024-11-23,172.0,24.996272714539455
2024-11-24,109.0,15.840661197004655
2024-11-25,150.0,21.799075041749525
2024-11-26,138.0,20.055149038409564
2024-11-27,95.1,13.8206135764692
2024-11-28,69.7,10.12930353606628
2024-11-29,55.4,8.051125048752825
2024-11-30,45.2,6.568787945913858
2024-12-01,38.3,5.566030493993378
2024-12-02,33.3,4.839394659268394
2024-12-03,29.7,4.316216858266406
2024-12-04,26.8,3.894768074125915
2024-12-05,24.7,3.5895810235414216
2024-12-06,22.9,3.3279921230404272
2024-12-07,21.4,3.110001372622932
2024-12-08,20.0,2.9065433388999367
2024-12-09,18.8,2.7321507385659407
2024-12-10,17.8,2.586823571620944
2024-12-11,17.7,2.572290854926444
2024-12-12,37.4,5.435236043742882
2024-12-13,72.1,10.478088736734271
2024-12-14,185.0,26.885525884824414
2024-12-15,133.0,19.32851320368458
2024-12-16,105.0,15.259352529224667
2024-12-17,88.3,12.83238884124322
2024-12-18,73.2,10.63794862037377
2024-12-19,62.0,9.010284350589805
2024-12-20,52.4,7.615143547917834
2024-12-21,52.4,7.615143547917834
2024-12-22,46.9,6.815844129720351
2024-12-23,50.9,7.397152797500339
2024-12-24,157.0,22.816365210364502
2024-12-25,128.0,18.601877368959595
2024-12-26,148.0,21.508420707859532
2024-12-27,241.0,35.023847233744235
2024-12-28,207.0,30.082723557614347
2024-12-29,363.0,52.75376160103385
2024-12-30,223.0,32.407958228734294
2024-12-31,140.0,20.345803372299557
2025-01-01,97.8,14.21299692722069
2025-01-02,77.6,11.277388154931753
2025-01-03,110.0,15.985988363949652
2025-01-04,119.0,17.293932866454625
2025-01-05,95.9,13.936875310025197
2025-01-06,76.7,11.146593704681258
2025-01-07,64.2,9.330004117868798
2025-01-08,54.5,7.920330598502328
2025-01-09,47.3,6.87397499649835
2025-01-10,41.8,6.074675578300868
2025-01-11,37.2,5.4061706103538825
2025-01-12,33.7,4.897525526046394
2025-01-13,30.8,4.476076741905903
2025-01-14,28.2,4.098226107848911
2025-01-15,26.2,3.807571773958917
2025-01-16,24.5,3.5605155901524226
2025-01-17,23.0,3.3425248397349274
2025-01-18,21.7,3.1535995227064313
2025-01-19,20.5,2.9792069223724353
2025-01-20,19.4,2.8193470387329382
2025-01-21,18.4,2.6740198717879418
2025-01-22,17.6,2.5577581382319448
2025-01-23,16.9,2.456029121370446
2025-01-24,16.3,2.3688328212034486
2025-01-25,15.8,2.29616923773095
2025-01-26,15.0,2.1799075041749525
2025-01-27,14.5,2.1072439207024543
2025-01-28,14.0,2.0345803372299556
2025-01-29,13.6,1.9764494704519568
2025-01-30,13.1,1.9037858869794586
2025-01-31,19.9,2.892010622205437
2025-02-01,22.8,3.313459406345928
2025-02-02,221.0,32.1173038948443
2025-02-03,339.0,49.26590959435393
2025-02-04,282.0,40.98226107848911
2025-02-05,177.0,25.72290854926444
2025-02-06,133.0,19.32851320368458
2025-02-07,113.0,16.421969864784643
2025-02-08,90.1,13.093977741744215
2025-02-09,73.6,10.696079487151767
2025-02-10,61.8,8.981218917200804
2025-02-11,52.7,7.658741698001334
2025-02-12,46.5,6.757713262942353
2025-02-13,140.0,20.345803372299557
2025-02-14,243.0,35.31450156763423
2025-02-15,150.0,21.799075041749525
2025-02-16,106.0,15.404679696169666
2025-02-17,81.2,11.800565955933743
2025-02-18,68.8,9.998509085815781
2025-02-19,65.7,9.547994868286292
2025-02-20,60.8,8.835891750255808
2025-02-21,55.5,8.065657765447325
2025-02-22,49.9,7.251825630555342
2025-02-23,45.2,6.568787945913858
2025-02-24,42.7,6.205470028551366
2025-02-25,38.7,5.624161360771378
2025-02-26,35.3,5.130048993158388
2025-02-27,32.5,4.723132925712397
2025-02-28,30.1,4.374347725044405
2025-03-01,28.2,4.098226107848911
2025-03-02,29.9,4.345282291655406
2025-03-03,28.4,4.12729154123791
2025-03-04,27.5,3.996497090987413
2025-03-05,26.6,3.865702640736916
2025-03-06,25.6,3.7203754737919192
2025-03-07,24.1,3.502384723374424
2025-03-08,23.0,3.3425248397349274
2025-03-09,22.0,3.1971976727899305
2025-03-10,21.2,3.080935939233933
2025-03-11,20.4,2.964674205677935
2025-03-12,26.0,3.7785063405699177
2025-03-13,29.4,4.272618708182907
2025-03-14,42.5,6.176404595162365
2025-03-15,65.5,9.518929434897293
2025-03-16,165.0,23.978982545924477
2025-03-17,207.0,30.082723557614347
2025-03-18,140.0,20.345803372299557
2025-03-19,102.0,14.823371028389678
2025-03-20,79.9,11.611640638905248
2025-03-21,68.1,9.896780068954284
2025-03-22,61.0,8.864957183644806
2025-03-23,53.7,7.804068864946331
2025-03-24,47.9,6.9611712966653485
2025-03-25,43.2,6.278133612023864
2025-03-26,39.4,5.725890377632875
2025-03-27,46.5,6.757713262942353
2025-03-28,72.6,10.550752320206769
2025-03-29,69.3,10.07117266928828
2025-03-30,65.5,9.518929434897293
2025-03-31,76.7,11.146593704681258
2025-04-01,135.0,19.619167537574572
2025-04-02,137.0,19.909821871464565
2025-04-03,99.5,14.460053111027186
2025-04-04,75.0,10.899537520874762
2025-04-05,61.9,8.995751633895305
2025-04-06,54.0,7.847667015029829
2025-04-07,52.9,7.687807131390333
2025-04-08,48.4,7.033834880137847
2025-04-09,44.7,6.496124362441359
2025-04-10,40.9,5.9438811280503705
2025-04-11,37.5,5.449768760437381
2025-04-12,34.4,4.999254542907891
2025-04-13,31.7,4.6068711921564
2025-04-14,29.2,4.243553274793908
2025-04-15,27.1,3.9383662242094144
2025-04-16,25.3,3.67677732370842
2025-04-17,23.7,3.444253856596425
2025-04-18,22.4,3.255328539567929
2025-04-19,21.1,3.0664032225394333
2025-04-20,20.0,2.9065433388999367
2025-04-21,19.0,2.7612161719549397
2025-04-22,18.2,2.6449544383989423
2025-04-23,17.5,2.5432254215374446
2025-04-24,16.7,2.426963687981447
2025-04-25,16.4,2.383365537897948
2025-04-26,15.8,2.29616923773095
2025-04-27,15.2,2.208972937563952
2025-04-28,14.6,2.121776637396954
2025-04-29,14.2,2.063645770618955
2025-04-30,13.6,1.9764494704519568
2025-05-01,13.2,1.9183186036739581
2025-05-02,12.7,1.8456550202014597
2025-05-03,12.3,1.7875241534234612
2025-05-04,12.1,1.7584587200344617
2025-05-05,11.7,1.700327853256463
2025-05-06,11.4,1.656729703172964
2025-05-07,11.1,1.6131315530894648
2025-05-08,10.8,1.569533403005966
2025-05-09,10.5,1.5259352529224668
2025-05-10,10.2,1.4823371028389676
2025-05-11,10.0,1.4532716694499683
2025-05-12,12.2,1.7729914367289614
2025-05-13,10.3,1.4968698195334675
2025-05-14,9.72,1.4125800627053693
2025-05-15,9.45,1.37334172763022
2025-05-16,9.19,1.335556664224521
2025-05-17,8.94,1.2992248724882716
2025-05-18,8.7,1.2643463524214724
2025-05-19,8.52,1.238187462371373
2025-05-20,8.38,1.2178416589990737
2025-05-21,8.2,1.191682768948974
2025-05-22,7.97,1.1582575205516248
2025-05-23,7.86,1.1422715321876753
2025-05-24,7.69,1.1175659138070257
2025-05-25,7.44,1.0812341220707766
2025-05-26,7.32,1.063794862037377
2025-05-27,7.13,1.0361827003178274
2025-05-28,6.87,0.9983976369121284
2025-05-29,6.72,0.9765985618703787
2025-05-30,6.56,0.9533462151591792
2025-05-31,6.32,0.91846769509238
2025-06-01,6.1,0.8864957183644807
2025-06-02,5.98,0.8690564583310811
2025-06-03,5.82,0.8458041116198817
2025-06-04,5.64,0.8196452215697821
2025-06-05,5.54,0.8051125048752825
2025-06-06,5.39,0.7833134298335329
2025-06-07,5.27,0.7658741698001332
2025-06-08,5.06,0.7353554647416839
2025-06-09,4.93,0.7164629330388343
2025-06-10,4.8,0.6975704013359848
2025-06-11,4.62,0.6714115112858854
2025-06-12,4.53,0.6583320662608357
2025-06-13,4.44,0.645252621235786
2025-06-14,4.36,0.6336264478801863
2025-06-15,4.3,0.6249068178634863
2025-06-16,4.1,0.595841384474487
2025-06-17,4.02,0.5842152111188872
2025-06-18,3.9,0.5667759510854876
2025-06-19,3.82,0.5551497777298879
2025-06-20,3.72,0.5406170610353883
2025-06-21,3.73,0.5420703327048382
2025-06-22,3.63,0.5275376160103386
2025-06-23,3.57,0.5188179859936387
2025-06-24,3.39,0.4926590959435393
2025-06-25,3.24,0.4708600209017898
2025-06-26,3.16,0.45923384754619
2025-06-27,3.05,0.44324785918224036
2025-06-28,2.98,0.4330749574960906
2025-06-29,2.84,0.412729154123791
2025-06-30,2.73,0.39674316575984137
2025-07-01,2.69,0.39093007908204147
2025-07-02,2.65,0.38511699240424163
2025-07-03,2.5,0.3633179173624921
2025-07-04,2.43,0.3531450156763423
2025-07-05,2.42,0.35169174400689235
2025-07-06,2.33,0.33861229898184264
2025-07-07,2.21,0.321173038948443
2025-07-08,2.12,0.3080935939233933
2025-07-09,2.11,0.30664032225394333
2025-07-10,2.02,0.2935608772288936
2025-07-11,1.92,0.27902816053439394
2025-07-12,1.82,0.26449544383989426
2025-07-13,1.74,0.2528692704842945
2025-07-14,1.68,0.2441496404675947
2025-07-15,1.61,0.23397673878144493
2025-07-16,1.59,0.23107019544254498
2025-07-17,1.59,0.23107019544254498
2025-07-18,1.59,0.23107019544254498
2025-07-19,1.55,0.2252571087647451
2025-07-20,1.5,0.21799075041749527
2025-07-21,1.47,0.21363093540914535
2025-07-22,1.5,0.21799075041749527
2025-07-23,1.51,0.21944402208694522
2025-07-24,1.48,0.21508420707859532
2025-07-25,1.46,0.21217766373969538
2025-07-26,1.44,0.20927112040079543
2025-07-27,1.4,0.20345803372299556
2025-07-28,1.35,0.19619167537574575
2025-07-29,1.3,0.1889253170284959
2025-07-30,1.29,0.18747204535904594
2025-07-31,1.25,0.18165895868124604
2025-08-01,1.22,0.17729914367289615
2025-08-02,1.2,0.1743926003339962
2025-08-03,1.2,0.1743926003339962
2025-08-04,1.16,0.16857951365619633
2025-08-05,1.16,0.16857951365619633
2025-08-06,1.14,0.1656729703172964
2025-08-07,1.13,0.1642196986478464
2025-08-08,1.11,0.1613131553089465
2025-08-09,1.05,0.15259352529224668
2025-08-10,1.0,0.14532716694499684
2025-08-11,0.97,0.14096735193664692
2025-08-12,0.95,0.138060808597747
2025-08-13,0.94,0.13660753692829702
2025-08-14,0.93,0.13515426525884708
2025-08-15,0.92,0.1337009935893971
2025-08-16,0.94,0.13660753692829702
2025-08-17,0.95,0.138060808597747
2025-08-18,0.99,0.14387389527554686
2025-08-19,0.98,0.1424206236060969
2025-08-20,0.95,0.138060808597747
2025-08-21,0.9,0.13079445025049716
2025-08-22,0.86,0.12498136357269728
2025-08-23,0.82,0.1191682768948974
2025-08-24,0.79,0.1148084618865475
2025-08-25,0.77,0.11190191854764757
2025-08-26,0.74,0.10754210353929766
2025-08-27,0.72,0.10463556020039771
2025-08-28,0.73,0.10608883186984769
2025-08-29,0.74,0.10754210353929766
2025-08-30,0.72,0.10463556020039771
2025-08-31,0.71,0.10318228853094775
2025-09-01,0.71,0.10318228853094775
2025-09-02,0.7,0.10172901686149778
2025-09-03,0.67,0.09736920185314789
2025-09-04,0.67,0.09736920185314789
2025-09-05,0.68,0.09882247352259786
2025-09-06,0.72,0.10463556020039771
2025-09-07,0.73,0.10608883186984769
2025-09-08,0.78,0.11335519021709754
2025-09-09,0.95,0.138060808597747
2025-09-10,0.99,0.14387389527554686
2025-09-11,0.98,0.1424206236060969
2025-09-12,0.96,0.13951408026719697
2025-09-13,0.9,0.13079445025049716
2025-09-14,0.85,0.1235280919032473
2025-09-15,0.82,0.1191682768948974
2025-09-16,0.79,0.1148084618865475
2025-09-17,0.76,0.1104486468781976
2025-09-18,0.74,0.10754210353929766
2025-09-19,0.79,0.1148084618865475
2025-09-20,0.84,0.12207482023379734
2025-09-21,0.8,0.11626173355599748
2025-09-22,0.74,0.10754210353929766
2025-09-23,0.74,0.10754210353929766
2025-09-24,0.71,0.10318228853094775
2025-09-25,0.7,0.10172901686149778
2025-09-26,0.69,0.10027574519204781
2025-09-27,0.64,0.09300938684479798
2025-09-28,0.64,0.09300938684479798
2025-09-29,1.52,0.2208972937563952
2025-09-30,1.46,0.21217766373969538
2025-10-01,2.02,0.2935608772288936
2025-10-02,1.66,0.24124309712869474
2025-10-03,1.34,0.19473840370629578
2025-10-04,1.16,0.16857951365619633
2025-10-05,1.09,0.15840661197004657
2025-10-06,1.04,0.1511402536227967
2025-10-07,1.02,0.14823371028389679
2025-10-08,0.99,0.14387389527554686
2025-10-09,0.99,0.14387389527554686
2025-10-10,1.75,0.25432254215374445
2025-10-11,1.58,0.229616923773095
2025-10-12,1.37,0.1990982187146457
2025-10-13,1.8,0.2615889005009943
2025-10-14,1.64,0.2383365537897948
2025-10-15,1.46,0.21217766373969538
2025-10-16,1.35,0.19619167537574575
2025-10-17,1.27,0.184565502020146
2025-10-18,1.21,0.17584587200344617
2025-10-19,1.2,0.1743926003339962
2025-10-20,1.19,0.17293932866454623
2025-10-21,1.18,0.17148605699509625
2025-10-22,1.18,0.17148605699509625
2025-10-23,1.18,0.17148605699509625
2025-10-24,1.21,0.17584587200344617
2025-10-25,2.79,0.4054627957765412
2025-10-26,3.36,0.4882992809351894
2025-10-27,3.13,0.4548740325378401
2025-10-28,2.3,0.3342524839734927
2025-10-29,1.83,0.26594871550934424
2025-10-30,1.61,0.23397673878144493
2025-10-31,1.5,0.21799075041749527
2025-11-01,1.45,0.2107243920702454
2025-11-02,1.38,0.20055149038409562
2025-11-03,1.51,0.21944402208694522
2025-11-04,7.5,1.0899537520874762
2025-11-05,18.4,2.6740198717879418
2025-11-06,13.5,1.9619167537574573
2025-11-07,11.4,1.656729703172964
2025-11-08,7.61,1.105939740451426
2025-11-09,5.36,0.7789536148251831
2025-11-10,4.2,0.6103741011689867
2025-11-11,3.51,0.5100983559769389
2025-11-12,3.09,0.4490609458600402
2025-11-13,10.5,1.5259352529224668
2025-11-14,10.6,1.5404679696169665
2025-11-15,7.6,1.104486468781976
2025-11-16,7.21,1.0478088736734272
2025-11-17,21.0,3.0518705058449336
2025-11-18,14.8,2.1508420707859535
2025-11-19,11.0,1.5985988363949653
2025-11-20,10.0,1.4532716694499683
2025-11-21,8.12,1.1800565955933742
2025-11-22,7.04,1.0231032552927777
2025-11-23,6.18,0.8981218917200804
2025-11-24,5.48,0.7963928748585828
2025-11-25,4.99,0.7251825630555343
2025-11-26,4.54,0.6597853379302856
2025-11-27,4.18,0.6074675578300868
2025-11-28,3.89,0.5653226794160378
2025-11-29,3.63,0.5275376160103386
2025-11-30,3.41,0.49556563928243924
2025-12-01,3.2,0.4650469342239899
2025-12-02,3.06,0.44470113085169033
2025-12-03,2.89,0.4199955124710409
2025-12-04,2.74,0.3981964374292914
2025-12-05,2.65,0.38511699240424163
2025-12-06,2.58,0.37494409071809187
2025-12-07,2.46,0.35750483068469224
2025-12-08,2.35,0.3415188423207426
2025-12-09,2.25,0.3269861256262429
2025-12-10,2.21,0.321173038948443
2025-12-11,2.1,0.30518705058449336
2025-12-12,2.02,0.2935608772288936
2025-12-13,1.98,0.28774779055109373
2025-12-14,1.89,0.274668345526044
2025-12-15,1.87,0.27176180218714413
2025-12-16,21.7,3.1535995227064313
2025-12-17,132.0,19.18318603673958
2025-12-18,53.6,7.78953614825183
2025-12-19,132.0,19.18318603673958
2025-12-20,107.0,15.550006863114662
2025-12-21,762.0,110.7393012120876
2025-12-22,292.0,42.43553274793908
2025-12-23,147.0,21.363093540914534
2025-12-24,138.0,20.055149038409564
2025-12-25,140.0,20.345803372299557
2025-12-26,169.0,24.560291213704467
2025-12-27,158.0,22.9616923773095
2025-12-28,114.0,16.56729703172964
2025-12-29,82.0,11.916827689489741
2025-12-30,66.5,9.66425660184229
2025-12-31,56.5,8.210984932392321
2026-01-01,72.0,10.463556020039773
2026-01-02,79.0,11.48084618865475
2026-01-03,125.0,18.165895868124604
2026-01-04,235.0,34.15188423207426
2026-01-05,197.0,28.62945188816438
2026-01-06,150.0,21.799075041749525
2026-01-07,110.0,15.985988363949652
2026-01-08,82.9,12.04762213974024
2026-01-09,69.2,10.056639952593782
2026-01-10,58.3,8.472573832893316
2026-01-11,49.0,7.121031180304845
2026-01-12,42.3,6.147339161773366
2026-01-13,37.3,5.420703327048382
2026-01-14,33.2,4.824861942573896
2026-01-15,30.0,4.359815008349905
2026-01-16,27.0,3.9238335075149147
2026-01-17,24.3,3.531450156763423
2026-01-18,22.0,3.1971976727899305
2026-01-19,20.2,2.935608772288936
2026-01-20,18.6,2.7030853051769412
2026-01-21,17.3,2.5141599881484455
2026-01-22,16.1,2.339767387814449
2026-01-23,15.2,2.208972937563952
2026-01-24,14.3,2.078178487313455
2026-01-25,13.5,1.9619167537574573
2026-01-26,12.8,1.8601877368959596
2026-01-27,13.0,1.8892531702849589
2026-01-28,12.2,1.7729914367289614
2026-01-29,11.3,1.6421969864784645
2026-01-30,10.8,1.569533403005966
2026-01-31,10.4,1.5114025362279673
2026-02-01,9.97,1.4489118544416186
2026-02-02,9.61,1.3965940743414196
2026-02-03,9.22,1.339916479232871
2026-02-04,8.92,1.2963183291493718
2026-02-05,8.66,1.2585332657436727
